CODIGO,DESCRIPCION,mode,COD_PROVINCIA,POBLACION,node_weight,source,LATITUD,LONGITUD
17000,MADRID-CHAMARTÍN-CLARA CAMPOAMOR,Larga distancia,28,MADRID,2.0,Renfe Data GTFS alta/larga/media,40.4711789,-3.6829524
18000,MADRID-ATOCHA CERCANÍAS,Larga distancia,28,MADRID,2.0,Renfe Data GTFS alta/larga/media,40.4066191,-3.6894391
35001,LEGANÉS,Larga distancia,28,LEGANÉS,2.0,Renfe Data GTFS alta/larga/media,40.328643,-3.7713161
35105,TORRIJOS,Larga distancia,45,TORRIJOS,2.0,Renfe Data GTFS alta/larga/media,39.979003,-4.283037
35200,TALAVERA DE LA REINA,Larga distancia,45,TALAVERA DE LA REINA,2.0,Renfe Data GTFS alta/larga/media,39.970674,-4.826512
35203,OROPESA DE TOLEDO,Larga distancia,45,OROPESA,2.0,Renfe Data GTFS alta/larga/media,39.921746,-5.186137
35206,NAVALMORAL DE LA MATA,Larga distancia,10,NAVALMORAL DE LA MATA,2.0,Renfe Data GTFS alta/larga/media,39.894913,-5.545607
30000,MONFRAGÜE,Larga distancia,10,MALPARTIDA DE PLASENCIA,2.0,Renfe Data GTFS alta/larga/media,39.937464,-6.10091
35400,CÁCERES,Larga distancia,10,CÁCERES,2.0,Renfe Data GTFS alta/larga/media,39.461131,-6.385679
37500,MÉRIDA,Larga distancia,06,MÉRIDA,2.0,Renfe Data GTFS alta/larga/media,38.921503,-6.343794
37603,MONTIJO,Larga distancia,06,MONTIJO,2.0,Renfe Data GTFS alta/larga/media,38.913539,-6.598577
37606,BADAJOZ,Larga distancia,06,BADAJOZ,2.0,Renfe Data GTFS alta/larga/media,38.890696,-6.981753
30002,PLASENCIA,Larga distancia,10,PLASENCIA,2.0,Renfe Data GTFS alta/larga/media,40.022282,-6.099397
60400,ALCÁZAR DE SAN JUAN,Larga distancia,13,ALCÁZAR DE SAN JUAN,2.0,Renfe Data GTFS alta/larga/media,39.395628,-3.205744
50207,VILCHES,Larga distancia,23,VILCHES,2.0,Renfe Data GTFS alta/larga/media,38.215742,-3.517576
50300,LINARES-BAEZA,Larga distancia,23,LINARES,2.0,Renfe Data GTFS alta/larga/media,38.068864,-3.589396
56004,JÓDAR-ÚBEDA,Larga distancia,23,JÓDAR,2.0,Renfe Data GTFS alta/larga/media,37.913343,-3.34892
56009,CABRA DEL SANTO CRISTO Y ALICÚN,Larga distancia,23,CABRA DEL SANTO CRISTO,2.0,Renfe Data GTFS alta/larga/media,37.6567129,-3.262623
56100,MOREDA,Larga distancia,18,MORELÁBOR,2.0,Renfe Data GTFS alta/larga/media,37.431216,-3.310516
56200,GUADIX,Larga distancia,18,GUADIX,2.0,Renfe Data GTFS alta/larga/media,37.316873,-3.127209
56310,HUERCAL-VIATOR,Larga distancia,04,HUÉRCAL DE ALMERÍA,2.0,Renfe Data GTFS alta/larga/media,36.885155,-2.436718
56312,ALMERÍA,Larga distancia,04,ALMERÍA,2.0,Renfe Data GTFS alta/larga/media,36.834951,-2.455519
11200,MIRANDA DE EBRO,Larga distancia,09,MIRANDA DE EBRO,2.0,Renfe Data GTFS alta/larga/media,42.691024,-2.940366
13106,LLODIO,Larga distancia,01,LAUDIO/LLODIO,2.0,Renfe Data GTFS alta/larga/media,43.1423514,-2.9606511
13200,BILBAO-INTERMOD. ABANDO INDALECIO PRIETO,Larga distancia,48,BILBAO,2.0,Renfe Data GTFS alta/larga/media,43.2601304,-2.9285592
11511,SAN SEBASTIÁN-DONOSTIA,Larga distancia,20,DONOSTIA/SAN SEBASTIÁN,2.0,Renfe Data GTFS alta/larga/media,43.3176961,-1.9767172
11400,ZUMARRAGA,Larga distancia,20,ZUMARRAGA,2.0,Renfe Data GTFS alta/larga/media,43.0870824,-2.3202298
11300,ALTSASU,Larga distancia,31,ALTSASU/ALSASUA,2.0,Renfe Data GTFS alta/larga/media,42.894847,-2.181237
11208,VITORIA-GASTEIZ,Larga distancia,01,VITORIA-GASTEIZ,2.0,Renfe Data GTFS alta/larga/media,42.841517,-2.672601
22308,VIGO-GUIXAR,Media distancia,36,VIGO,2.0,Renfe Data GTFS alta/larga/media,42.2392656,-8.7146089
22402,VALENÇA DO MINHO,Media distancia,36,TUI,2.0,Renfe Data GTFS alta/larga/media,42.024734,-8.639745
81002,HARO,Larga distancia,26,HARO,2.0,Renfe Data GTFS alta/larga/media,42.583635,-2.849396
81100,LOGROÑO,Larga distancia,26,LOGROÑO,2.0,Renfe Data GTFS alta/larga/media,42.457459,-2.442193
81108,CALAHORRA,Larga distancia,26,CALAHORRA,2.0,Renfe Data GTFS alta/larga/media,42.310458,-1.957755
81200,CASTEJÓN DE EBRO,Larga distancia,31,CASTEJÓN,2.0,Renfe Data GTFS alta/larga/media,42.172719,-1.692114
81202,TUDELA DE NAVARRA,Larga distancia,31,TUDELA,2.0,Renfe Data GTFS alta/larga/media,42.059434,-1.597931
04040,ZARAGOZA DELICIAS,Larga distancia,50,ZARAGOZA,2.0,Renfe Data GTFS alta/larga/media,41.6586576,-0.9112693
78400,LLEIDA-PIRINEUS,Larga distancia,25,LLEIDA,2.0,Renfe Data GTFS alta/larga/media,41.62013,0.63365328
04104,CAMP DE TARRAGONA,Larga distancia,43,TARRAGONA,2.0,Renfe Data GTFS alta/larga/media,41.192066,1.272666
71801,BARCELONA-SANTS,Larga distancia,08,BARCELONA,2.0,Renfe Data GTFS alta/larga/media,41.3798632,2.14101688
65000,VALÈNCIA-ESTACIÓ DEL NORD,Larga distancia,46,VALENCIA,2.0,Renfe Data GTFS alta/larga/media,39.4669305,-0.3772239
65300,CASTELLÓ DE LA PLANA,Larga distancia,12,CASTELLÓN DE LA PLANA/CASTELLÓ DE LA PLANA,2.0,Renfe Data GTFS alta/larga/media,39.9884736,-0.0523456
65311,BENICARLÓ-PEÑÍSCOLA,Larga distancia,12,BENICARLÓ,2.0,Renfe Data GTFS alta/larga/media,40.427639,0.415217
65312,VINARÒS,Larga distancia,12,VINARÒS,2.0,Renfe Data GTFS alta/larga/media,40.471682,0.455727
65402,L'ALDEA-AMPOSTA-TORTOSA,Larga distancia,43,ALDEA (L'),2.0,Renfe Data GTFS alta/larga/media,40.753564,0.61430923
80108,TAFALLA,Larga distancia,31,TAFALLA,2.0,Renfe Data GTFS alta/larga/media,42.525756,-1.671467
80100,PAMPLONA/IRUÑA,Larga distancia,31,PAMPLONA/IRUÑA,2.0,Renfe Data GTFS alta/larga/media,42.824877,-1.661419
20309,LUGO,Larga distancia,27,LUGO,2.0,Renfe Data GTFS alta/larga/media,43.015222,-7.552176
20305,SARRIA,Larga distancia,27,SARRIA,2.0,Renfe Data GTFS alta/larga/media,42.784049,-7.418822
20300,MONFORTE DE LEMOS,Larga distancia,27,MONFORTE DE LEMOS,2.0,Renfe Data GTFS alta/larga/media,42.529682,-7.503589
22100,OURENSE,Larga distancia,32,OURENSE,2.0,Renfe Data GTFS alta/larga/media,42.350389,-7.872777
70600,CALATAYUD,Larga distancia,50,CALATAYUD,2.0,Renfe Data GTFS alta/larga/media,41.346692,-1.63868
04007,GUADALAJARA-YEBES,Larga distancia,19,YEBES,2.0,Renfe Data GTFS alta/larga/media,40.587315,-3.124301
60000,MADRID-PUERTA DE ATOCHA-ALMUDENA GRANDES,Larga distancia,28,MADRID,2.0,Renfe Data GTFS alta/larga/media,40.406442,-3.690886
08223,VIGO URZAIZ,Larga distancia,36,VIGO,2.0,Renfe Data GTFS alta/larga/media,42.234189,-8.713728
23004,PONTEVEDRA,Larga distancia,36,PONTEVEDRA,2.0,Renfe Data GTFS alta/larga/media,42.421969,-8.635546
23008,VILAGARCÍA DE AROUSA,Larga distancia,36,VILAGARCÍA DE AROUSA,2.0,Renfe Data GTFS alta/larga/media,42.602189,-8.762523
31400,SANTIAGO DE COMPOSTELA-DANIEL CASTELAO,Larga distancia,15,SANTIAGO DE COMPOSTELA,2.0,Renfe Data GTFS alta/larga/media,42.870842,-8.544697
20216,SAN CLODIO-QUIROGA,Larga distancia,27,RIBAS DE SIL,2.0,Renfe Data GTFS alta/larga/media,42.465271,-7.287198
20213,A RÚA-PETÍN,Larga distancia,32,RÚA (A),2.0,Renfe Data GTFS alta/larga/media,42.39276,-7.113284
20211,O BARCO DE VALDEORRAS,Larga distancia,32,BARCO DE VALDEORRAS (O),2.0,Renfe Data GTFS alta/larga/media,42.418301,-6.98503
20200,PONFERRADA,Larga distancia,24,PONFERRADA,2.0,Renfe Data GTFS alta/larga/media,42.545429,-6.602376
20111,BEMBIBRE,Larga distancia,24,BEMBIBRE,2.0,Renfe Data GTFS alta/larga/media,42.609558,-6.422048
20100,ASTORGA,Larga distancia,24,ASTORGA,2.0,Renfe Data GTFS alta/larga/media,42.459489,-6.047212
15100,LEÓN,Larga distancia,24,LEÓN,2.0,Renfe Data GTFS alta/larga/media,42.596048,-5.582428
14100,PALENCIA,Larga distancia,34,PALENCIA,2.0,Renfe Data GTFS alta/larga/media,42.015711,-4.534135
11014,BURGOS-ROSA MANZANO,Larga distancia,09,BURGOS,2.0,Renfe Data GTFS alta/larga/media,42.371197,-3.666308
30100,SALAMANCA,Larga distancia,37,SALAMANCA,2.0,Renfe Data GTFS alta/larga/media,40.972235,-5.64899
32004,CANTALAPIEDRA,Larga distancia,37,CANTALAPIEDRA,2.0,Renfe Data GTFS alta/larga/media,41.133585,-5.182961
32003,FRESNO EL VIEJO,Larga distancia,47,FRESNO EL VIEJO,2.0,Renfe Data GTFS alta/larga/media,41.191351,-5.138061
32002,EL CARPIO,Larga distancia,47,CARPIO,2.0,Renfe Data GTFS alta/larga/media,41.215464,-5.114466
10500,MEDINA DEL CAMPO,Larga distancia,47,MEDINA DEL CAMPO,2.0,Renfe Data GTFS alta/larga/media,41.317617,-4.909923
10600,VALLADOLID-CAMPO GRANDE,Larga distancia,47,VALLADOLID,2.0,Renfe Data GTFS alta/larga/media,41.642167,-4.726986
10504,VIANA,Larga distancia,47,VIANA DE CEGA,2.0,Renfe Data GTFS alta/larga/media,41.52407,-4.754489
10503,VALDESTILLAS,Larga distancia,47,VALDESTILLAS,2.0,Renfe Data GTFS alta/larga/media,41.488729,-4.772937
10502,MATAPOZUELOS,Larga distancia,47,MATAPOZUELOS,2.0,Renfe Data GTFS alta/larga/media,41.422794,-4.801025
10501,POZALDEZ,Larga distancia,47,POZALDEZ,2.0,Renfe Data GTFS alta/larga/media,41.36792,-4.836001
50500,CÓRDOBA-JULIO ANGUITA,Larga distancia,14,CÓRDOBA,2.0,Renfe Data GTFS alta/larga/media,37.888291,-4.789453
50102,VALDEPEÑAS,Larga distancia,13,VALDEPEÑAS,2.0,Renfe Data GTFS alta/larga/media,38.762868,-3.39572
50100,MANZANARES,Larga distancia,13,MANZANARES,2.0,Renfe Data GTFS alta/larga/media,39.005837,-3.370507
60406,SOCUÉLLAMOS,Larga distancia,13,SOCUÉLLAMOS,2.0,Renfe Data GTFS alta/larga/media,39.278776,-2.775571
60500,VILLARROBLEDO,Larga distancia,02,VILLARROBLEDO,2.0,Renfe Data GTFS alta/larga/media,39.260868,-2.598621
60600,ALBACETE-LOS LLANOS,Larga distancia,02,ALBACETE,2.0,Renfe Data GTFS alta/larga/media,38.999384,-1.84845
64100,XÀTIVA,Larga distancia,46,XÀTIVA,2.0,Renfe Data GTFS alta/larga/media,38.992148,-0.5245402
65422,CAMBRILS,Larga distancia,43,CAMBRILS,2.0,Renfe Data GTFS alta/larga/media,41.0815642,1.04603752
81109,RINCÓN DE SOTO,Larga distancia,26,RINCÓN DE SOTO,2.0,Renfe Data GTFS alta/larga/media,42.230011,-1.847473
81110,ALFARO,Larga distancia,26,ALFARO,2.0,Renfe Data GTFS alta/larga/media,42.186525,-1.747985
60911,ALICANTE/ALACANT-TERMINAL,Larga distancia,03,ALICANTE/ALACANT,2.0,Renfe Data GTFS alta/larga/media,38.3447127,-0.4955241
04307,FIGUERES-VILAFANT,Larga distancia,17,VILAFANT,2.0,Renfe Data GTFS alta/larga/media,42.264771,2.943547
79300,GIRONA,Larga distancia,17,GIRONA,2.0,Renfe Data GTFS alta/larga/media,41.9793629,2.81693689
71500,TARRAGONA,Larga distancia,43,TARRAGONA,2.0,Renfe Data GTFS alta/larga/media,41.1115636,1.25322776
65304,ORPESA,Larga distancia,12,OROPESA DEL MAR/ORPESA,2.0,Renfe Data GTFS alta/larga/media,40.092258,0.139861
65200,SAGUNT,Larga distancia,46,SAGUNTO/SAGUNT,2.0,Renfe Data GTFS alta/larga/media,39.6758025,-0.271542
65318,BENICÀSSIM,Larga distancia,12,BENICASIM/BENICÀSSIM,2.0,Renfe Data GTFS alta/larga/media,40.0579451,0.0577646
60902,VILLENA,Larga distancia,03,VILLENA,2.0,Renfe Data GTFS alta/larga/media,38.631738,-0.867689
60905,ELDA-PETRER,Larga distancia,03,ELDA,2.0,Renfe Data GTFS alta/larga/media,38.484879,-0.80109
61307,CARTAGENA,Larga distancia,30,CARTAGENA,2.0,Renfe Data GTFS alta/larga/media,37.604967,-0.975122
61304,TORRE-PACHECO,Larga distancia,30,TORRE-PACHECO,2.0,Renfe Data GTFS alta/larga/media,37.746905,-0.967078
61303,BALSICAS-MAR MENOR,Larga distancia,30,TORRE-PACHECO,2.0,Renfe Data GTFS alta/larga/media,37.81884,-0.950891
61200,MURCIA DEL CARMEN,Larga distancia,30,MURCIA,2.0,Renfe Data GTFS alta/larga/media,37.9748243,-1.131508
62002,ORIHUELA-MIGUEL HERNÁNDEZ,Larga distancia,03,ORIHUELA,2.0,Renfe Data GTFS alta/larga/media,38.0779321,-0.944606
62103,ELCHE/ELX-PARC,Larga distancia,03,ELCHE/ELX,2.0,Renfe Data GTFS alta/larga/media,38.2717809,-0.6952193
06006,LORCA-SUTULLENA,Larga distancia,30,LORCA,2.0,Renfe Data GTFS alta/larga/media,37.6721129,-1.6962305
06003,TOTANA,Larga distancia,30,TOTANA,2.0,Renfe Data GTFS alta/larga/media,37.7635424,-1.4956153
06002,ALHAMA DE MURCIA,Larga distancia,30,ALHAMA DE MURCIA,2.0,Renfe Data GTFS alta/larga/media,37.8494024,-1.4145141
51003,SEVILLA-SANTA JUSTA,Alta velocidad,41,SEVILLA,2.0,Renfe Data GTFS alta/larga/media,37.3924955,-5.9749269
50500,CÓRDOBA-JULIO ANGUITA,Alta velocidad,14,CÓRDOBA,2.0,Renfe Data GTFS alta/larga/media,37.888291,-4.789453
37300,PUERTOLLANO,Alta velocidad,13,PUERTOLLANO,2.0,Renfe Data GTFS alta/larga/media,38.69128,-4.111655
37200,CIUDAD REAL,Alta velocidad,13,CIUDAD REAL,2.0,Renfe Data GTFS alta/larga/media,38.9853,-3.913633
60000,MADRID-PUERTA DE ATOCHA-ALMUDENA GRANDES,Alta velocidad,28,MADRID,2.0,Renfe Data GTFS alta/larga/media,40.406442,-3.690886
54413,MÁLAGA MARÍA ZAMBRANO,Alta velocidad,29,MÁLAGA,2.0,Renfe Data GTFS alta/larga/media,36.7113388,-4.4313888
02003,ANTEQUERA-SANTA ANA,Alta velocidad,29,ANTEQUERA,2.0,Renfe Data GTFS alta/larga/media,37.069881,-4.719014
02002,PUENTE GENIL-HERRERA,Alta velocidad,14,PUENTE GENIL,2.0,Renfe Data GTFS alta/larga/media,37.3579,-4.821638
37704,VILLANUEVA DE CÓRDOBA,Alta velocidad,14,VILLANUEVA DE CÓRDOBA,2.0,Renfe Data GTFS alta/larga/media,38.2554049,-4.570952
05000,GRANADA,Alta velocidad,18,GRANADA,2.0,Renfe Data GTFS alta/larga/media,37.184038,-3.609154
05012,LOJA,Alta velocidad,18,LOJA,2.0,Renfe Data GTFS alta/larga/media,37.175372,-4.134841
02030,ANTEQUERA AV,Alta velocidad,29,ANTEQUERA,2.0,Renfe Data GTFS alta/larga/media,37.0334437,-4.5612901
37200,CIUDAD REAL,Larga distancia,13,CIUDAD REAL,2.0,Renfe Data GTFS alta/larga/media,38.9853,-3.913633
37300,PUERTOLLANO,Larga distancia,13,PUERTOLLANO,2.0,Renfe Data GTFS alta/larga/media,38.69128,-4.111655
51003,SEVILLA-SANTA JUSTA,Larga distancia,41,SEVILLA,2.0,Renfe Data GTFS alta/larga/media,37.3924955,-5.9749269
51300,JEREZ DE LA FRONTERA,Larga distancia,11,JEREZ DE LA FRONTERA,2.0,Renfe Data GTFS alta/larga/media,36.680022,-6.1266032
51400,PUERTO DE SANTA MARÍA,Larga distancia,11,PUERTO DE SANTA MARÍA (EL),2.0,Renfe Data GTFS alta/larga/media,36.6040723,-6.2179261
51406,SAN FERNANDO-BAHÍA SUR,Larga distancia,11,SAN FERNANDO,2.0,Renfe Data GTFS alta/larga/media,36.4680834,-6.2067676
51405,CÁDIZ,Larga distancia,11,CÁDIZ,2.0,Renfe Data GTFS alta/larga/media,36.528935,-6.2879716
05000,GRANADA,Larga distancia,18,GRANADA,2.0,Renfe Data GTFS alta/larga/media,37.184038,-3.609154
02030,ANTEQUERA AV,Larga distancia,29,ANTEQUERA,2.0,Renfe Data GTFS alta/larga/media,37.0334437,-4.5612901
43019,HUELVA,Larga distancia,21,HUELVA,2.0,Renfe Data GTFS alta/larga/media,37.253079,-6.950971
43011,LA PALMA DEL CONDADO,Larga distancia,21,PALMA DEL CONDADO (LA),2.0,Renfe Data GTFS alta/larga/media,37.390665,-6.554444
71801,BARCELONA-SANTS,Alta velocidad,08,BARCELONA,2.0,Renfe Data GTFS alta/larga/media,41.3798632,2.14101688
04040,ZARAGOZA DELICIAS,Alta velocidad,50,ZARAGOZA,2.0,Renfe Data GTFS alta/larga/media,41.6586576,-0.9112693
04104,CAMP DE TARRAGONA,Alta velocidad,43,TARRAGONA,2.0,Renfe Data GTFS alta/larga/media,41.192066,1.272666
78400,LLEIDA-PIRINEUS,Alta velocidad,25,LLEIDA,2.0,Renfe Data GTFS alta/larga/media,41.62013,0.63365328
70600,CALATAYUD,Alta velocidad,50,CALATAYUD,2.0,Renfe Data GTFS alta/larga/media,41.346692,-1.63868
04007,GUADALAJARA-YEBES,Alta velocidad,19,YEBES,2.0,Renfe Data GTFS alta/larga/media,40.587315,-3.124301
79300,GIRONA,Alta velocidad,17,GIRONA,2.0,Renfe Data GTFS alta/larga/media,41.9793629,2.81693689
04307,FIGUERES-VILAFANT,Alta velocidad,17,VILAFANT,2.0,Renfe Data GTFS alta/larga/media,42.264771,2.943547
74200,HUESCA,Alta velocidad,22,HUESCA,2.0,Renfe Data GTFS alta/larga/media,42.133594,-0.409745
78200,TARDIENTA,Alta velocidad,22,TARDIENTA,2.0,Renfe Data GTFS alta/larga/media,41.975716,-0.538223
03208,CUENCA-FERNANDO ZÓBEL,Alta velocidad,16,CUENCA,2.0,Renfe Data GTFS alta/larga/media,40.035192,-2.14441
03216,VALÈNCIA-JOAQUÍN SOROLLA,Alta velocidad,46,VALENCIA,2.0,Renfe Data GTFS alta/larga/media,39.459051,-0.382923
11500,TOLOSA,Larga distancia,20,TOLOSA,2.0,Renfe Data GTFS alta/larga/media,43.1354472,-2.0790886
15410,GIJÓN-SANZ CRESPO,Alta velocidad,33,GIJÓN,2.0,Renfe Data GTFS alta/larga/media,43.5377329,-5.6758089
15211,OVIEDO,Alta velocidad,33,OVIEDO,2.0,Renfe Data GTFS alta/larga/media,43.3663577,-5.854838
15100,LEÓN,Alta velocidad,24,LEÓN,2.0,Renfe Data GTFS alta/larga/media,42.596048,-5.582428
10600,VALLADOLID-CAMPO GRANDE,Alta velocidad,47,VALLADOLID,2.0,Renfe Data GTFS alta/larga/media,41.642167,-4.726986
17000,MADRID-CHAMARTÍN-CLARA CAMPOAMOR,Alta velocidad,28,MADRID,2.0,Renfe Data GTFS alta/larga/media,40.4711789,-3.6829524
15122,POLA DE LENA,Larga distancia,33,LENA,2.0,Renfe Data GTFS alta/larga/media,43.15872,-5.8310263
15211,OVIEDO,Larga distancia,33,OVIEDO,2.0,Renfe Data GTFS alta/larga/media,43.3663577,-5.854838
15410,GIJÓN-SANZ CRESPO,Larga distancia,33,GIJÓN,2.0,Renfe Data GTFS alta/larga/media,43.5377329,-5.6758089
14223,SANTANDER,Larga distancia,39,SANTANDER,2.0,Renfe Data GTFS alta/larga/media,43.4583981,-3.8109529
14213,TORRELAVEGA,Larga distancia,39,TORRELAVEGA,2.0,Renfe Data GTFS alta/larga/media,43.3276776,-4.0426871
14202,REINOSA,Larga distancia,39,REINOSA,2.0,Renfe Data GTFS alta/larga/media,42.9944991,-4.1409454
14114,AGUILAR DE CAMPOO,Larga distancia,34,AGUILAR DE CAMPOO,2.0,Renfe Data GTFS alta/larga/media,42.785362,-4.233899
08004,SEGOVIA-GUIOMAR,Larga distancia,40,SEGOVIA,2.0,Renfe Data GTFS alta/larga/media,40.910577,-4.094564
03208,CUENCA-FERNANDO ZÓBEL,Larga distancia,16,CUENCA,2.0,Renfe Data GTFS alta/larga/media,40.035192,-2.14441
03309,VILLENA ALTA VELOCIDAD,Larga distancia,03,VILLENA,2.0,Renfe Data GTFS alta/larga/media,38.585302,-0.873295
15203,MIERES-PUENTE,Larga distancia,33,MIERES,2.0,Renfe Data GTFS alta/larga/media,43.2500266,-5.7822622
11600,IRUN,Larga distancia,20,IRUN,2.0,Renfe Data GTFS alta/larga/media,43.3395365,-1.8012519
20104,BRAÑUELAS,Larga distancia,24,VILLAGATÓN,2.0,Renfe Data GTFS alta/larga/media,42.632631,-6.201002
20005,VEGUELLINA,Larga distancia,24,VILLAREJO DE ÓRBIGO,2.0,Renfe Data GTFS alta/larga/media,42.4335,-5.88756
16403,AVILÉS,Larga distancia,33,AVILÉS,2.0,Renfe Data GTFS alta/larga/media,43.561339,-5.9228329
14100,PALENCIA,Alta velocidad,34,PALENCIA,2.0,Renfe Data GTFS alta/larga/media,42.015711,-4.534135
08004,SEGOVIA-GUIOMAR,Alta velocidad,40,SEGOVIA,2.0,Renfe Data GTFS alta/larga/media,40.910577,-4.094564
08251,A GUDIÑA-PORTA DE GALICIA,Larga distancia,32,GUDIÑA (A),2.0,Renfe Data GTFS alta/larga/media,42.0635401,-7.1355604
08247,SANABRIA AV,Larga distancia,49,PUEBLA DE SANABRIA,2.0,Renfe Data GTFS alta/larga/media,42.0450532,-6.5631319
30200,ZAMORA,Larga distancia,49,ZAMORA,2.0,Renfe Data GTFS alta/larga/media,41.515892,-5.739675
08240,MEDINA DEL CAMPO AV,Larga distancia,47,MEDINA DEL CAMPO,2.0,Renfe Data GTFS alta/larga/media,41.317459,-4.910071
15122,POLA DE LENA,Alta velocidad,33,LENA,2.0,Renfe Data GTFS alta/larga/media,43.15872,-5.8310263
15203,MIERES-PUENTE,Alta velocidad,33,MIERES,2.0,Renfe Data GTFS alta/larga/media,43.2500266,-5.7822622
31412,A CORUÑA,Alta velocidad,15,CORUÑA (A),2.0,Renfe Data GTFS alta/larga/media,43.3496932,-8.4155629
31400,SANTIAGO DE COMPOSTELA-DANIEL CASTELAO,Alta velocidad,15,SANTIAGO DE COMPOSTELA,2.0,Renfe Data GTFS alta/larga/media,42.870842,-8.544697
22100,OURENSE,Alta velocidad,32,OURENSE,2.0,Renfe Data GTFS alta/larga/media,42.350389,-7.872777
30200,ZAMORA,Alta velocidad,49,ZAMORA,2.0,Renfe Data GTFS alta/larga/media,41.515892,-5.739675
20102,VEGA-MAGAZ,Larga distancia,24,MAGAZ DE CEPEDA,2.0,Renfe Data GTFS alta/larga/media,42.55376,-6.068267
20109,TORRE DEL BIERZO,Larga distancia,24,TORRE DEL BIERZO,2.0,Renfe Data GTFS alta/larga/media,42.595578,-6.329083
20113,SAN MIGUEL DE LAS DUEÑAS,Larga distancia,24,CONGOSTO,2.0,Renfe Data GTFS alta/larga/media,42.586392,-6.523776
08223,VIGO URZAIZ,Alta velocidad,36,VIGO,2.0,Renfe Data GTFS alta/larga/media,42.234189,-8.713728
23004,PONTEVEDRA,Alta velocidad,36,PONTEVEDRA,2.0,Renfe Data GTFS alta/larga/media,42.421969,-8.635546
08240,MEDINA DEL CAMPO AV,Alta velocidad,47,MEDINA DEL CAMPO,2.0,Renfe Data GTFS alta/larga/media,41.317459,-4.910071
08247,SANABRIA AV,Alta velocidad,49,PUEBLA DE SANABRIA,2.0,Renfe Data GTFS alta/larga/media,42.0450532,-6.5631319
08251,A GUDIÑA-PORTA DE GALICIA,Alta velocidad,32,GUDIÑA (A),2.0,Renfe Data GTFS alta/larga/media,42.0635401,-7.1355604
23008,VILAGARCÍA DE AROUSA,Alta velocidad,36,VILAGARCÍA DE AROUSA,2.0,Renfe Data GTFS alta/larga/media,42.602189,-8.762523
60911,ALICANTE/ALACANT-TERMINAL,Alta velocidad,03,ALICANTE/ALACANT,2.0,Renfe Data GTFS alta/larga/media,38.3447127,-0.4955241
03309,VILLENA ALTA VELOCIDAD,Alta velocidad,03,VILLENA,2.0,Renfe Data GTFS alta/larga/media,38.585302,-0.873295
60600,ALBACETE-LOS LLANOS,Alta velocidad,02,ALBACETE,2.0,Renfe Data GTFS alta/larga/media,38.999384,-1.84845
03213,REQUENA-UTIEL,Alta velocidad,46,REQUENA,2.0,Renfe Data GTFS alta/larga/media,39.519834,-1.127601
11014,BURGOS-ROSA MANZANO,Alta velocidad,09,BURGOS,2.0,Renfe Data GTFS alta/larga/media,42.371197,-3.666308
03410,ELCHE/ELX AV,Alta velocidad,03,ELCHE/ELX,2.0,Renfe Data GTFS alta/larga/media,38.24551,-0.76675
62002,ORIHUELA-MIGUEL HERNÁNDEZ,Alta velocidad,03,ORIHUELA,2.0,Renfe Data GTFS alta/larga/media,38.0779321,-0.944606
61200,MURCIA DEL CARMEN,Alta velocidad,30,MURCIA,2.0,Renfe Data GTFS alta/larga/media,37.9748243,-1.131508
65300,CASTELLÓ DE LA PLANA,Alta velocidad,12,CASTELLÓN DE LA PLANA/CASTELLÓ DE LA PLANA,2.0,Renfe Data GTFS alta/larga/media,39.9884736,-0.0523456
65200,SAGUNT,Alta velocidad,46,SAGUNTO/SAGUNT,2.0,Renfe Data GTFS alta/larga/media,39.6758025,-0.271542
92102,TOLEDO,Alta velocidad,45,TOLEDO,2.0,Renfe Data GTFS alta/larga/media,39.862272,-4.011244
62001,BENIEL,Alta velocidad,30,BENIEL,2.0,Renfe Data GTFS alta/larga/media,38.0448608,-0.9994759
03412,CALLOSA DE SEGURA-COX,Alta velocidad,03,CALLOSA DE SEGURA,2.0,Renfe Data GTFS alta/larga/media,38.1227708,-0.8745727
99159,SANTIAGO-TURÍSTICO,Alta velocidad,15,SANTIAGO DE COMPOSTELA,2.0,Renfe Data GTFS alta/larga/media,42.870842,-8.544697
08223,VIGO URZAIZ,Media distancia,36,VIGO,2.0,Renfe Data GTFS alta/larga/media,42.234189,-8.713728
08224,REDONDELA AV,Media distancia,36,REDONDELA,2.0,Renfe Data GTFS alta/larga/media,42.286005,-8.619402
23004,PONTEVEDRA,Media distancia,36,PONTEVEDRA,2.0,Renfe Data GTFS alta/larga/media,42.421969,-8.635546
23008,VILAGARCÍA DE AROUSA,Media distancia,36,VILAGARCÍA DE AROUSA,2.0,Renfe Data GTFS alta/larga/media,42.602189,-8.762523
23021,PADRÓN BARBANZA,Media distancia,15,PADRÓN,2.0,Renfe Data GTFS alta/larga/media,42.738967,-8.652614
31400,SANTIAGO DE COMPOSTELA-DANIEL CASTELAO,Media distancia,15,SANTIAGO DE COMPOSTELA,2.0,Renfe Data GTFS alta/larga/media,42.870842,-8.544697
31416,CERCEDA-MEIRAMA,Media distancia,15,CERCEDA,2.0,Renfe Data GTFS alta/larga/media,43.2078791,-8.4467723
31412,A CORUÑA,Media distancia,15,CORUÑA (A),2.0,Renfe Data GTFS alta/larga/media,43.3496932,-8.4155629
23002,ARCADE,Media distancia,36,SOUTOMAIOR,2.0,Renfe Data GTFS alta/larga/media,42.340549,-8.611178
99159,SANTIAGO-TURÍSTICO,Media distancia,15,SANTIAGO DE COMPOSTELA,2.0,Renfe Data GTFS alta/larga/media,42.870842,-8.544697
99161,PONTEVEDRA-TURÍSTICO,Media distancia,36,PONTEVEDRA,2.0,Renfe Data GTFS alta/larga/media,42.421969,-8.635546
99143,A CORUÑA-TURÍSTICO,Media distancia,15,CORUÑA (A),2.0,Renfe Data GTFS alta/larga/media,43.352761,-8.409755
55020,ALGECIRAS,Larga distancia,11,ALGECIRAS,2.0,Renfe Data GTFS alta/larga/media,36.126831,-5.451108
55018,SAN ROQUE-LA LÍNEA,Larga distancia,11,SAN ROQUE,2.0,Renfe Data GTFS alta/larga/media,36.214482,-5.432399
55007,RONDA,Larga distancia,29,RONDA,2.0,Renfe Data GTFS alta/larga/media,36.748401,-5.16197
02003,ANTEQUERA-SANTA ANA,Larga distancia,29,ANTEQUERA,2.0,Renfe Data GTFS alta/larga/media,37.069881,-4.719014
99117,OURENSE TURÍSTICO,Alta velocidad,32,OURENSE,2.0,Renfe Data GTFS alta/larga/media,42.350389,-7.872777
31412,A CORUÑA,Larga distancia,15,CORUÑA (A),2.0,Renfe Data GTFS alta/larga/media,43.3496932,-8.4155629
61005,HELLÍN,Larga distancia,02,HELLÍN,2.0,Renfe Data GTFS alta/larga/media,38.508776,-1.688437
61012,CIEZA,Larga distancia,30,CIEZA,2.0,Renfe Data GTFS alta/larga/media,38.246609,-1.421702
61015,ARCHENA-FORTUNA,Larga distancia,30,MOLINA DE SEGURA,2.0,Renfe Data GTFS alta/larga/media,38.13132,-1.236037
15410,GIJÓN-SANZ CRESPO,Media distancia,33,GIJÓN,2.0,Renfe Data GTFS alta/larga/media,43.5377329,-5.6758089
15401,CALZADA DE ASTURIAS,Media distancia,33,GIJÓN,2.0,Renfe Data GTFS alta/larga/media,43.5353848,-5.6971507
15211,OVIEDO,Media distancia,33,OVIEDO,2.0,Renfe Data GTFS alta/larga/media,43.3663577,-5.854838
15218,LLAMAQUIQUE,Media distancia,33,OVIEDO,2.0,Renfe Data GTFS alta/larga/media,43.3588282,-5.8573201
15203,MIERES-PUENTE,Media distancia,33,MIERES,2.0,Renfe Data GTFS alta/larga/media,43.2500266,-5.7822622
15200,UJO,Media distancia,33,MIERES,2.0,Renfe Data GTFS alta/larga/media,43.2046962,-5.7926422
15122,POLA DE LENA,Media distancia,33,LENA,2.0,Renfe Data GTFS alta/larga/media,43.15872,-5.8310263
15120,CAMPOMANES,Media distancia,33,LENA,2.0,Renfe Data GTFS alta/larga/media,43.1100681,-5.8164466
15118,PUENTE DE LOS FIERROS,Media distancia,33,LENA,2.0,Renfe Data GTFS alta/larga/media,43.0715986,-5.769465
15116,LINARES-CONGOSTINAS,Media distancia,33,LENA,2.0,Renfe Data GTFS alta/larga/media,43.101743,-5.772162
15113,BUSDONGO,Media distancia,24,VILLAMANÍN,2.0,Renfe Data GTFS alta/larga/media,42.984495,-5.705391
15112,VILLAMANÍN,Media distancia,24,VILLAMANÍN,2.0,Renfe Data GTFS alta/larga/media,42.93671,-5.657637
15109,SANTA LUCÍA,Media distancia,24,POLA DE GORDÓN (LA),2.0,Renfe Data GTFS alta/larga/media,42.87515,-5.639613
15108,LA POLA DE GORDÓN,Media distancia,24,POLA DE GORDÓN (LA),2.0,Renfe Data GTFS alta/larga/media,42.854099,-5.674524
15106,LA ROBLA,Media distancia,24,ROBLA (LA),2.0,Renfe Data GTFS alta/larga/media,42.804454,-5.626255
15100,LEÓN,Media distancia,24,LEÓN,2.0,Renfe Data GTFS alta/larga/media,42.596048,-5.582428
15015,PALANQUINOS,Media distancia,24,VILLANUEVA DE LAS MANZANAS,2.0,Renfe Data GTFS alta/larga/media,42.460716,-5.497584
15012,EL BURGO RANERO,Media distancia,24,BURGO RANERO (EL),2.0,Renfe Data GTFS alta/larga/media,42.425753,-5.208592
15009,SAHAGÚN,Media distancia,24,SAHAGÚN,2.0,Renfe Data GTFS alta/larga/media,42.369329,-5.022667
15008,GRAJAL,Media distancia,24,GRAJAL DE CAMPOS,2.0,Renfe Data GTFS alta/larga/media,42.323246,-5.013381
15007,VILLADA,Media distancia,34,VILLADA,2.0,Renfe Data GTFS alta/larga/media,42.245238,-4.970589
15004,PAREDES DE NAVA,Media distancia,34,PAREDES DE NAVA,2.0,Renfe Data GTFS alta/larga/media,42.150694,-4.697599
15003,BECERRIL,Media distancia,34,BECERRIL DE CAMPOS,2.0,Renfe Data GTFS alta/larga/media,42.104706,-4.64712
15001,GRIJOTA,Media distancia,34,GRIJOTA,2.0,Renfe Data GTFS alta/larga/media,42.049225,-4.583954
14100,PALENCIA,Media distancia,34,PALENCIA,2.0,Renfe Data GTFS alta/larga/media,42.015711,-4.534135
11000,VENTA DE BAÑOS,Media distancia,34,VENTA DE BAÑOS,2.0,Renfe Data GTFS alta/larga/media,41.91736,-4.495844
10605,DUEÑAS,Media distancia,34,DUEÑAS,2.0,Renfe Data GTFS alta/larga/media,41.87048,-4.541216
10604,CUBILLAS DE SANTA MARTA,Media distancia,47,CUBILLAS DE SANTA MARTA,2.0,Renfe Data GTFS alta/larga/media,41.808861,-4.579754
10603,CORCOS-AGUILAREJO,Media distancia,47,CORCOS,2.0,Renfe Data GTFS alta/larga/media,41.766446,-4.623485
10602,CABEZÓN DEL PISUERGA,Media distancia,47,CABEZÓN DE PISUERGA,2.0,Renfe Data GTFS alta/larga/media,41.737276,-4.651294
10610,VALLADOLID UNIVERSIDAD,Media distancia,47,VALLADOLID,2.0,Renfe Data GTFS alta/larga/media,41.660257,-4.704037
10600,VALLADOLID-CAMPO GRANDE,Media distancia,47,VALLADOLID,2.0,Renfe Data GTFS alta/larga/media,41.642167,-4.726986
23011,PADRÓN,Media distancia,15,PADRÓN,2.0,Renfe Data GTFS alta/larga/media,42.738967,-8.652614
23010,PONTECESURES,Media distancia,36,PONTECESURES,2.0,Renfe Data GTFS alta/larga/media,42.722985,-8.65213
23009,CATOIRA,Media distancia,36,CATOIRA,2.0,Renfe Data GTFS alta/larga/media,42.672166,-8.725291
23000,REDONDELA-PICOTA,Media distancia,36,REDONDELA,2.0,Renfe Data GTFS alta/larga/media,42.286866,-8.607118
22300,REDONDELA,Media distancia,36,REDONDELA,2.0,Renfe Data GTFS alta/larga/media,42.286005,-8.619402
31411,UXES,Media distancia,15,ARTEIXO,2.0,Renfe Data GTFS alta/larga/media,43.297374,-8.444404
31415,ORDES,Media distancia,15,ORDES,2.0,Renfe Data GTFS alta/larga/media,43.037544,-8.448447
23013,OSEBE,Media distancia,15,TEO,2.0,Renfe Data GTFS alta/larga/media,42.825298,-8.61584
23005,PORTELA,Media distancia,36,BARRO,2.0,Renfe Data GTFS alta/larga/media,42.517801,-8.654609
23018,PONTEVEDRA UNIVERSIDAD,Media distancia,36,PONTEVEDRA,2.0,Renfe Data GTFS alta/larga/media,42.4387499,-8.6304812
23001,CESANTES,Media distancia,36,REDONDELA,2.0,Renfe Data GTFS alta/larga/media,42.310258,-8.616541
20200,PONFERRADA,Media distancia,24,PONFERRADA,2.0,Renfe Data GTFS alta/larga/media,42.545429,-6.602376
20113,SAN MIGUEL DE LAS DUEÑAS,Media distancia,24,CONGOSTO,2.0,Renfe Data GTFS alta/larga/media,42.586392,-6.523776
20111,BEMBIBRE,Media distancia,24,BEMBIBRE,2.0,Renfe Data GTFS alta/larga/media,42.609558,-6.422048
20109,TORRE DEL BIERZO,Media distancia,24,TORRE DEL BIERZO,2.0,Renfe Data GTFS alta/larga/media,42.595578,-6.329083
20106,LA GRANJA,Media distancia,24,TORRE DEL BIERZO,2.0,Renfe Data GTFS alta/larga/media,42.614874,-6.282495
20104,BRAÑUELAS,Media distancia,24,VILLAGATÓN,2.0,Renfe Data GTFS alta/larga/media,42.632631,-6.201002
20103,PORQUEROS,Media distancia,24,MAGAZ DE CEPEDA,2.0,Renfe Data GTFS alta/larga/media,42.598935,-6.108238
20102,VEGA-MAGAZ,Media distancia,24,MAGAZ DE CEPEDA,2.0,Renfe Data GTFS alta/larga/media,42.55376,-6.068267
20100,ASTORGA,Media distancia,24,ASTORGA,2.0,Renfe Data GTFS alta/larga/media,42.459489,-6.047212
20007,NISTAL,Media distancia,24,SAN JUSTO DE LA VEGA,2.0,Renfe Data GTFS alta/larga/media,42.424462,-6.00803
20006,BARRIENTOS,Media distancia,24,VALDERREY,2.0,Renfe Data GTFS alta/larga/media,42.414301,-5.963988
20005,VEGUELLINA,Media distancia,24,VILLAREJO DE ÓRBIGO,2.0,Renfe Data GTFS alta/larga/media,42.4335,-5.88756
20008,VILLAVANTE,Media distancia,24,SANTA MARINA DEL REY,2.0,Renfe Data GTFS alta/larga/media,42.46458,-5.838914
20002,QUINTANA-RANEROS,Media distancia,24,SANTOVENIA DE LA VALDONCINA,2.0,Renfe Data GTFS alta/larga/media,42.550085,-5.637789
20204,TORAL DE LOS VADOS,Media distancia,24,TORAL DE LOS VADOS,2.0,Renfe Data GTFS alta/larga/media,42.541052,-6.776703
20207,COVAS,Media distancia,32,RUBIÁ,2.0,Renfe Data GTFS alta/larga/media,42.475326,-6.830878
20208,QUEREÑO,Media distancia,32,RUBIÁ,2.0,Renfe Data GTFS alta/larga/media,42.420704,-6.829486
20210,SOBRADELO,Media distancia,32,CARBALLEDA DE VALDEORRAS,2.0,Renfe Data GTFS alta/larga/media,42.414859,-6.911951
20211,O BARCO DE VALDEORRAS,Media distancia,32,BARCO DE VALDEORRAS (O),2.0,Renfe Data GTFS alta/larga/media,42.418301,-6.98503
20212,VILAMARTÍN DE VALDEORRAS,Media distancia,32,VILAMARTÍN DE VALDEORRAS,2.0,Renfe Data GTFS alta/larga/media,42.411829,-7.061185
20213,A RÚA-PETÍN,Media distancia,32,RÚA (A),2.0,Renfe Data GTFS alta/larga/media,42.39276,-7.113284
20216,SAN CLODIO-QUIROGA,Media distancia,27,RIBAS DE SIL,2.0,Renfe Data GTFS alta/larga/media,42.465271,-7.287198
20300,MONFORTE DE LEMOS,Media distancia,27,MONFORTE DE LEMOS,2.0,Renfe Data GTFS alta/larga/media,42.529682,-7.503589
22100,OURENSE,Media distancia,32,OURENSE,2.0,Renfe Data GTFS alta/larga/media,42.350389,-7.872777
22101,BARBANTES,Media distancia,32,CENLLE,2.0,Renfe Data GTFS alta/larga/media,42.338376,-8.011721
22102,RIBADAVIA,Media distancia,32,RIBADAVIA,2.0,Renfe Data GTFS alta/larga/media,42.2931,-8.139261
22103,FILGUEIRA,Media distancia,36,CRECENTE,2.0,Renfe Data GTFS alta/larga/media,42.219917,-8.184788
22104,FRIEIRA,Media distancia,36,CRECENTE,2.0,Renfe Data GTFS alta/larga/media,42.154882,-8.201036
22106,ARBO,Media distancia,36,ARBO,2.0,Renfe Data GTFS alta/larga/media,42.107058,-8.300247
22108,AS NEVES,Media distancia,36,NEVES (AS),2.0,Renfe Data GTFS alta/larga/media,42.075462,-8.420074
22109,SALVATERRA,Media distancia,36,SALVATERRA DE MIÑO,2.0,Renfe Data GTFS alta/larga/media,42.08164,-8.495141
22110,CALDELAS,Media distancia,36,TUI,2.0,Renfe Data GTFS alta/larga/media,42.055813,-8.566343
22200,GUILLAREI,Media distancia,36,TUI,2.0,Renfe Data GTFS alta/larga/media,42.065663,-8.62253
22201,O PORRIÑO,Media distancia,36,PORRIÑO (O),2.0,Renfe Data GTFS alta/larga/media,42.16419,-8.62202
22107,SELA,Media distancia,36,ARBO,2.0,Renfe Data GTFS alta/larga/media,42.092092,-8.355998
22105,POUSA-CRECENTE,Media distancia,36,CRECENTE,2.0,Renfe Data GTFS alta/larga/media,42.136705,-8.234889
22006,BARRA DE MIÑO,Media distancia,32,COLES,2.0,Renfe Data GTFS alta/larga/media,42.401095,-7.802567
22005,OS PEARES,Media distancia,32,PEROXA (A),2.0,Renfe Data GTFS alta/larga/media,42.451439,-7.735523
22004,SAN PEDRO DO SIL,Media distancia,27,PANTÓN,2.0,Renfe Data GTFS alta/larga/media,42.441353,-7.70412
22003,SANTO ESTEVO DO SIL,Media distancia,27,PANTÓN,2.0,Renfe Data GTFS alta/larga/media,42.426921,-7.661676
22002,AREAS,Media distancia,27,SOBER,2.0,Renfe Data GTFS alta/larga/media,42.457799,-7.62879
22001,CANAVAL,Media distancia,27,SOBER,2.0,Renfe Data GTFS alta/larga/media,42.482882,-7.587733
20218,A POBRA DO BROLLÓN,Media distancia,27,POBRA DO BROLLÓN (A),2.0,Renfe Data GTFS alta/larga/media,42.533682,-7.400088
20214,MONTEFURADO,Media distancia,27,QUIROGA,2.0,Renfe Data GTFS alta/larga/media,42.39402,-7.1984
20203,VILLADEPALOS,Media distancia,24,CARRACEDELO,2.0,Renfe Data GTFS alta/larga/media,42.53686,-6.751109
20305,SARRIA,Media distancia,27,SARRIA,2.0,Renfe Data GTFS alta/larga/media,42.784049,-7.418822
20306,PEDRELO-CÉLTIGOS,Media distancia,27,SARRIA,2.0,Renfe Data GTFS alta/larga/media,42.832934,-7.393329
20309,LUGO,Media distancia,27,LUGO,2.0,Renfe Data GTFS alta/larga/media,43.015222,-7.552176
20310,RÁBADE,Media distancia,27,RÁBADE,2.0,Renfe Data GTFS alta/larga/media,43.121378,-7.624835
20312,BAAMONDE,Media distancia,27,BEGONTE,2.0,Renfe Data GTFS alta/larga/media,43.173405,-7.756128
20313,PARGA,Media distancia,27,GUITIRIZ,2.0,Renfe Data GTFS alta/larga/media,43.163644,-7.837383
20314,GUITIRIZ,Media distancia,27,GUITIRIZ,2.0,Renfe Data GTFS alta/larga/media,43.179058,-7.895039
20316,TEIXEIRO,Media distancia,15,CURTIS,2.0,Renfe Data GTFS alta/larga/media,43.141411,-8.03769
20317,CURTIS,Media distancia,15,CURTIS,2.0,Renfe Data GTFS alta/larga/media,43.127232,-8.143155
20318,PIÑOI,Media distancia,15,CESURAS,2.0,Renfe Data GTFS alta/larga/media,43.127922,-8.163498
20319,CESURAS,Media distancia,15,CESURAS,2.0,Renfe Data GTFS alta/larga/media,43.173073,-8.2005
20320,OZA DOS RÍOS,Media distancia,15,OZA DOS RÍOS,2.0,Renfe Data GTFS alta/larga/media,43.21877,-8.187111
20400,BETANZOS-INFESTA,Media distancia,15,BETANZOS,2.0,Renfe Data GTFS alta/larga/media,43.270698,-8.225847
20402,CECEBRE,Media distancia,15,CAMBRE,2.0,Renfe Data GTFS alta/larga/media,43.287913,-8.307767
20403,CAMBRE,Media distancia,15,CAMBRE,2.0,Renfe Data GTFS alta/larga/media,43.290502,-8.352104
20404,O BURGO-SANTIAGO,Media distancia,15,CULLEREDO,2.0,Renfe Data GTFS alta/larga/media,43.317841,-8.36875
20410,ELVIÑA-UNIVERSIDADE,Media distancia,15,CORUÑA (A),2.0,Renfe Data GTFS alta/larga/media,43.335222,-8.413061
21001,BETANZOS-CIDADE,Media distancia,15,BETANZOS,2.0,Renfe Data GTFS alta/larga/media,43.284137,-8.215874
21002,MIÑO,Media distancia,15,MIÑO,2.0,Renfe Data GTFS alta/larga/media,43.349431,-8.207313
21003,PERBES,Media distancia,15,MIÑO,2.0,Renfe Data GTFS alta/larga/media,43.378197,-8.201106
21004,PONTEDEUME,Media distancia,15,PONTEDEUME,2.0,Renfe Data GTFS alta/larga/media,43.411797,-8.180416
21005,CABANAS,Media distancia,15,CABANAS,2.0,Renfe Data GTFS alta/larga/media,43.415585,-8.168828
21008,PERLÍO,Media distancia,15,FENE,2.0,Renfe Data GTFS alta/larga/media,43.472309,-8.174837
21010,FERROL,Media distancia,15,FERROL,2.0,Renfe Data GTFS alta/larga/media,43.4880467,-8.2310664
21009,NEDA,Media distancia,15,NEDA,2.0,Renfe Data GTFS alta/larga/media,43.495351,-8.160967
21007,BARALLOBRE,Media distancia,15,FENE,2.0,Renfe Data GTFS alta/larga/media,43.462899,-8.188586
31303,A FRIELA-MASIDE,Media distancia,32,MASIDE,2.0,Renfe Data GTFS alta/larga/media,42.411401,-8.028967
31304,O CARBALLIÑO,Media distancia,32,CARBALLIÑO (O),2.0,Renfe Data GTFS alta/larga/media,42.43134,-8.068874
31306,O IRIXO,Media distancia,32,IRIXO (O),2.0,Renfe Data GTFS alta/larga/media,42.519719,-8.105174
31308,LALÍN,Media distancia,36,LALÍN,2.0,Renfe Data GTFS alta/larga/media,42.63253,-8.142715
51003,SEVILLA-SANTA JUSTA,Media distancia,41,SEVILLA,2.0,Renfe Data GTFS alta/larga/media,37.3924955,-5.9749269
51100,SAN BERNARDO,Media distancia,41,SEVILLA,2.0,Renfe Data GTFS alta/larga/media,37.3777778,-5.9796142
51110,VIRGEN DEL ROCÍO,Media distancia,41,SEVILLA,2.0,Renfe Data GTFS alta/larga/media,37.3628091,-5.9760105
51103,DOS HERMANAS,Media distancia,41,DOS HERMANAS,2.0,Renfe Data GTFS alta/larga/media,37.2872259,-5.9235322
51200,UTRERA,Media distancia,41,UTRERA,2.0,Renfe Data GTFS alta/larga/media,37.1848178,-5.7907537
51203,LEBRIJA,Media distancia,41,LEBRIJA,2.0,Renfe Data GTFS alta/larga/media,36.9116378,-6.0948487
51205,AEROPUERTO DE JEREZ,Media distancia,11,JEREZ DE LA FRONTERA,2.0,Renfe Data GTFS alta/larga/media,36.7515886,-6.0659384
51300,JEREZ DE LA FRONTERA,Media distancia,11,JEREZ DE LA FRONTERA,2.0,Renfe Data GTFS alta/larga/media,36.680022,-6.1266032
51400,PUERTO DE SANTA MARÍA,Media distancia,11,PUERTO DE SANTA MARÍA (EL),2.0,Renfe Data GTFS alta/larga/media,36.6040723,-6.2179261
51401,PUERTO REAL,Media distancia,11,PUERTO REAL,2.0,Renfe Data GTFS alta/larga/media,36.5309155,-6.1853143
51406,SAN FERNANDO-BAHÍA SUR,Media distancia,11,SAN FERNANDO,2.0,Renfe Data GTFS alta/larga/media,36.4680834,-6.2067676
51405,CÁDIZ,Media distancia,11,CÁDIZ,2.0,Renfe Data GTFS alta/larga/media,36.528935,-6.2879716
51404,SEGUNDA AGUADA,Media distancia,11,CÁDIZ,2.0,Renfe Data GTFS alta/larga/media,36.5135317,-6.2770128
51409,CÁDIZ-ESTADIO,Media distancia,11,CÁDIZ,2.0,Renfe Data GTFS alta/larga/media,36.5029461,-6.2720644
51202,LAS CABEZAS DE SAN JUAN,Media distancia,41,CABEZAS DE SAN JUAN (LAS),2.0,Renfe Data GTFS alta/larga/media,37.0194897,-5.94658
50600,LORA DEL RÍO,Media distancia,41,LORA DEL RÍO,2.0,Renfe Data GTFS alta/larga/media,37.6613212,-5.5295514
50507,PEÑAFLOR,Media distancia,41,PEÑAFLOR,2.0,Renfe Data GTFS alta/larga/media,37.707502,-5.341609
50506,PALMA DEL RÍO,Media distancia,14,PALMA DEL RÍO,2.0,Renfe Data GTFS alta/larga/media,37.718081,-5.29276
50504,POSADAS,Media distancia,14,POSADAS,2.0,Renfe Data GTFS alta/larga/media,37.803986,-5.106325
50500,CÓRDOBA-JULIO ANGUITA,Media distancia,14,CÓRDOBA,2.0,Renfe Data GTFS alta/larga/media,37.888291,-4.789453
03100,JAÉN,Media distancia,23,JAÉN,2.0,Renfe Data GTFS alta/larga/media,37.779827,-3.790798
43005,BENACAZÓN,Media distancia,41,BENACAZÓN,2.0,Renfe Data GTFS alta/larga/media,37.3568512,-6.2082011
43008,CARRIÓN DE LOS CÉSPEDES,Media distancia,41,CARRIÓN DE LOS CÉSPEDES,2.0,Renfe Data GTFS alta/larga/media,37.368955,-6.335088
43009,ESCACENA,Media distancia,21,ESCACENA DEL CAMPO,2.0,Renfe Data GTFS alta/larga/media,37.397812,-6.39198
43011,LA PALMA DEL CONDADO,Media distancia,21,PALMA DEL CONDADO (LA),2.0,Renfe Data GTFS alta/larga/media,37.390665,-6.554444
43015,NIEBLA-PUERTA DEL BUEY,Media distancia,21,NIEBLA,2.0,Renfe Data GTFS alta/larga/media,37.3587619,-6.6812578
43021,SAN JUAN DEL PUERTO,Media distancia,21,SAN JUAN DEL PUERTO,2.0,Renfe Data GTFS alta/larga/media,37.311898,-6.841076
43019,HUELVA,Media distancia,21,HUELVA,2.0,Renfe Data GTFS alta/larga/media,37.253079,-6.950971
43012,VILLARRASA,Media distancia,21,VILLARRASA,2.0,Renfe Data GTFS alta/larga/media,37.386999,-6.598819
01007,OSUNA,Media distancia,41,OSUNA,2.0,Renfe Data GTFS alta/larga/media,37.233899,-5.115026
01005,MARCHENA,Media distancia,41,MARCHENA,2.0,Renfe Data GTFS alta/larga/media,37.334282,-5.425519
01003,ARAHAL,Media distancia,41,ARAHAL,2.0,Renfe Data GTFS alta/larga/media,37.268081,-5.548514
51111,BELLAVISTA,Media distancia,41,SEVILLA,2.0,Renfe Data GTFS alta/larga/media,37.3215188,-5.9641924
02030,ANTEQUERA AV,Media distancia,29,ANTEQUERA,2.0,Renfe Data GTFS alta/larga/media,37.0334437,-4.5612901
02003,ANTEQUERA-SANTA ANA,Media distancia,29,ANTEQUERA,2.0,Renfe Data GTFS alta/larga/media,37.069881,-4.719014
55007,RONDA,Media distancia,29,RONDA,2.0,Renfe Data GTFS alta/larga/media,36.748401,-5.16197
55018,SAN ROQUE-LA LÍNEA,Media distancia,11,SAN ROQUE,2.0,Renfe Data GTFS alta/larga/media,36.214482,-5.432399
55020,ALGECIRAS,Media distancia,11,ALGECIRAS,2.0,Renfe Data GTFS alta/larga/media,36.126831,-5.451108
42008,JABUGO-GALAROZA,Media distancia,21,JABUGO,2.0,Renfe Data GTFS alta/larga/media,37.928243,-6.773908
42009,ALMONASTER-CORTEGANA,Media distancia,21,ALMONASTER LA REAL,2.0,Renfe Data GTFS alta/larga/media,37.901174,-6.797372
42012,VALDELAMUSA,Media distancia,21,CORTEGANA,2.0,Renfe Data GTFS alta/larga/media,37.787111,-6.873729
42013,EL TAMUJOSO,Media distancia,21,CERRO DE ANDÉVALO (EL),2.0,Renfe Data GTFS alta/larga/media,37.720339,-6.900554
42015,CALAÑAS,Media distancia,21,CALAÑAS,2.0,Renfe Data GTFS alta/larga/media,37.652007,-6.875841
42020,GIBRALEÓN,Media distancia,21,GIBRALEÓN,2.0,Renfe Data GTFS alta/larga/media,37.36852,-6.96207
42016,LOS MILANOS,Media distancia,21,CALAÑAS,2.0,Renfe Data GTFS alta/larga/media,37.586219,-6.919938
42018,EL COBUJÓN,Media distancia,21,CALAÑAS,2.0,Renfe Data GTFS alta/larga/media,37.516509,-6.953428
42019,BELMONTE,Media distancia,21,GIBRALEÓN,2.0,Renfe Data GTFS alta/larga/media,37.461864,-6.947533
40100,ZAFRA,Media distancia,06,ZAFRA,2.0,Renfe Data GTFS alta/larga/media,38.413635,-6.405083
42005,FREGENAL DE LA SIERRA,Media distancia,06,FREGENAL DE LA SIERRA,2.0,Renfe Data GTFS alta/larga/media,38.167613,-6.637909
42006,CUMBRES MAYORES,Media distancia,21,CUMBRES MAYORES,2.0,Renfe Data GTFS alta/larga/media,38.053126,-6.631553
54403,EL CHORRO-CAMINITO DEL REY,Media distancia,29,ÁLORA,2.0,Renfe Data GTFS alta/larga/media,36.907335,-4.759258
54404,LAS MELLIZAS,Media distancia,29,ÁLORA,2.0,Renfe Data GTFS alta/larga/media,36.873306,-4.719433
54405,ÁLORA,Media distancia,29,ÁLORA,2.0,Renfe Data GTFS alta/larga/media,36.8198747,-4.6996105
54406,PIZARRA,Media distancia,29,PIZARRA,2.0,Renfe Data GTFS alta/larga/media,36.7641515,-4.7118313
54407,ALJAIMA,Media distancia,29,CÁRTAMA,2.0,Renfe Data GTFS alta/larga/media,36.7330833,-4.6645001
54408,CÁRTAMA,Media distancia,29,CÁRTAMA,2.0,Renfe Data GTFS alta/larga/media,36.7337392,-4.6083966
54410,CAMPANILLAS,Media distancia,29,MÁLAGA,2.0,Renfe Data GTFS alta/larga/media,36.7050436,-4.5454825
54412,MÁLAGA-LOS PRADOS,Media distancia,29,MÁLAGA,2.0,Renfe Data GTFS alta/larga/media,36.6986108,-4.47815
54501,VICTORIA KENT,Media distancia,29,MÁLAGA,2.0,Renfe Data GTFS alta/larga/media,36.7012229,-4.4544145
54413,MÁLAGA MARÍA ZAMBRANO,Media distancia,29,MÁLAGA,2.0,Renfe Data GTFS alta/larga/media,36.7113388,-4.4313888
54517,MÁLAGA-CENTRO ALAMEDA,Media distancia,29,MÁLAGA,2.0,Renfe Data GTFS alta/larga/media,36.7159539,-4.4265335
50502,VILLARRUBIA DE CÓRDOBA,Media distancia,14,CÓRDOBA,2.0,Renfe Data GTFS alta/larga/media,37.847574,-4.915339
50501,EL HIGUERÓN,Media distancia,14,CÓRDOBA,2.0,Renfe Data GTFS alta/larga/media,37.870271,-4.838942
50417,CAMPUS UNIVERSITARIO DE RABANALES,Media distancia,14,CÓRDOBA,2.0,Renfe Data GTFS alta/larga/media,37.91256,-4.72086
50413,ALCOLEA DE CÓRDOBA,Media distancia,14,CÓRDOBA,2.0,Renfe Data GTFS alta/larga/media,37.922326,-4.694751
50407,VILLA DEL RÍO,Media distancia,14,VILLA DEL RÍO,2.0,Renfe Data GTFS alta/larga/media,37.981331,-4.283788
50403,ANDÚJAR,Media distancia,23,ANDÚJAR,2.0,Renfe Data GTFS alta/larga/media,38.028225,-4.066036
50400,ESPELÚY,Media distancia,23,ESPELÚY,2.0,Renfe Data GTFS alta/larga/media,38.010247,-3.832726
01009,PEDRERA,Media distancia,41,PEDRERA,2.0,Renfe Data GTFS alta/larga/media,37.222396,-4.893519
54400,BOBADILLA,Media distancia,29,ANTEQUERA,2.0,Renfe Data GTFS alta/larga/media,37.037073,-4.727942
05000,GRANADA,Media distancia,18,GRANADA,2.0,Renfe Data GTFS alta/larga/media,37.184038,-3.609154
56200,GUADIX,Media distancia,18,GUADIX,2.0,Renfe Data GTFS alta/larga/media,37.316873,-3.127209
56310,HUERCAL-VIATOR,Media distancia,04,HUÉRCAL DE ALMERÍA,2.0,Renfe Data GTFS alta/larga/media,36.885155,-2.436718
56312,ALMERÍA,Media distancia,04,ALMERÍA,2.0,Renfe Data GTFS alta/larga/media,36.834951,-2.455519
57003,IZNALLOZ,Media distancia,18,IZNALLOZ,2.0,Renfe Data GTFS alta/larga/media,37.395852,-3.527947
56103,BENALÚA DE GUADIX,Media distancia,18,BENALÚA,2.0,Renfe Data GTFS alta/larga/media,37.345277,-3.163177
56301,FIÑANA,Media distancia,04,FIÑANA,2.0,Renfe Data GTFS alta/larga/media,37.184647,-2.839757
56305,GÉRGAL,Media distancia,04,GÉRGAL,2.0,Renfe Data GTFS alta/larga/media,37.108847,-2.591556
56308,GÁDOR,Media distancia,04,GÁDOR,2.0,Renfe Data GTFS alta/larga/media,36.951624,-2.487658
65000,VALÈNCIA-ESTACIÓ DEL NORD,Media distancia,46,VALENCIA,2.0,Renfe Data GTFS alta/larga/media,39.4669305,-0.3772239
64100,XÀTIVA,Media distancia,46,XÀTIVA,2.0,Renfe Data GTFS alta/larga/media,38.992148,-0.5245402
60902,VILLENA,Media distancia,03,VILLENA,2.0,Renfe Data GTFS alta/larga/media,38.631738,-0.867689
60905,ELDA-PETRER,Media distancia,03,ELDA,2.0,Renfe Data GTFS alta/larga/media,38.484879,-0.80109
60914,UNIVERSIDAD DE ALICANTE,Media distancia,03,ALICANTE/ALACANT,2.0,Renfe Data GTFS alta/larga/media,38.384165,-0.528411
60911,ALICANTE/ALACANT-TERMINAL,Media distancia,03,ALICANTE/ALACANT,2.0,Renfe Data GTFS alta/larga/media,38.3447127,-0.4955241
60913,SANT VICENT CENTRE,Media distancia,03,SAN VICENTE DEL RASPEIG/SANT VICENT DEL RASPEIG,2.0,Renfe Data GTFS alta/larga/media,38.3946533,-0.5287247
65400,TORTOSA,Media distancia,43,TORTOSA,2.0,Renfe Data GTFS alta/larga/media,40.807333,0.5230136
65402,L'ALDEA-AMPOSTA-TORTOSA,Media distancia,43,ALDEA (L'),2.0,Renfe Data GTFS alta/larga/media,40.753564,0.61430923
65314,ULLDECONA-ALCANAR-LA SÉNIA,Media distancia,43,ULLDECONA,2.0,Renfe Data GTFS alta/larga/media,40.5959267,0.44927448
65312,VINARÒS,Media distancia,12,VINARÒS,2.0,Renfe Data GTFS alta/larga/media,40.471682,0.455727
65311,BENICARLÓ-PEÑÍSCOLA,Media distancia,12,BENICARLÓ,2.0,Renfe Data GTFS alta/larga/media,40.427639,0.415217
65308,ALCALÁ DE CHIVERT,Media distancia,12,ALCALÀ DE XIVERT,2.0,Renfe Data GTFS alta/larga/media,40.30469,0.228717
65306,TORREBLANCA,Media distancia,12,TORREBLANCA,2.0,Renfe Data GTFS alta/larga/media,40.212211,0.198779
65304,ORPESA,Media distancia,12,OROPESA DEL MAR/ORPESA,2.0,Renfe Data GTFS alta/larga/media,40.092258,0.139861
65318,BENICÀSSIM,Media distancia,12,BENICASIM/BENICÀSSIM,2.0,Renfe Data GTFS alta/larga/media,40.0579451,0.0577646
65300,CASTELLÓ DE LA PLANA,Media distancia,12,CASTELLÓN DE LA PLANA/CASTELLÓ DE LA PLANA,2.0,Renfe Data GTFS alta/larga/media,39.9884736,-0.0523456
65208,VILA-REAL,Media distancia,12,VILA-REAL,2.0,Renfe Data GTFS alta/larga/media,39.9330935,-0.0967681
65200,SAGUNT,Media distancia,46,SAGUNTO/SAGUNT,2.0,Renfe Data GTFS alta/larga/media,39.6758025,-0.271542
65003,VALÈNCIA-CABANYAL,Media distancia,46,VALENCIA,2.0,Renfe Data GTFS alta/larga/media,39.4702456,-0.3346772
65206,NULES LA VILLAVELLA,Media distancia,12,NULES,2.0,Renfe Data GTFS alta/larga/media,39.8532354,-0.1527317
60904,SAX,Media distancia,03,SAX,2.0,Renfe Data GTFS alta/larga/media,38.544251,-0.813729
60907,NOVELDA-ASPE,Media distancia,03,NOVELDA,2.0,Renfe Data GTFS alta/larga/media,38.407086,-0.777744
62109,SANT GABRIEL,Media distancia,03,ALICANTE/ALACANT,2.0,Renfe Data GTFS alta/larga/media,38.3290647,-0.5086866
62104,TORRELLANO,Media distancia,03,ELCHE/ELX,2.0,Renfe Data GTFS alta/larga/media,38.2896365,-0.5824572
62103,ELCHE/ELX-PARC,Media distancia,03,ELCHE/ELX,2.0,Renfe Data GTFS alta/larga/media,38.2717809,-0.6952193
62102,ELCHE/ELX-CARRÚS,Media distancia,03,ELCHE/ELX,2.0,Renfe Data GTFS alta/larga/media,38.2689783,-0.7063992
62101,CREVILLENTE,Media distancia,03,CREVILLENT,2.0,Renfe Data GTFS alta/larga/media,38.2245622,-0.7815283
62100,SAN ISIDRO-ALBATERA-CATRAL,Media distancia,03,SAN ISIDRO,2.0,Renfe Data GTFS alta/larga/media,38.1670209,-0.8380854
62003,CALLOSA DE SEGURA,Media distancia,03,CALLOSA DE SEGURA,2.0,Renfe Data GTFS alta/larga/media,38.1227686,-0.8745747
62002,ORIHUELA-MIGUEL HERNÁNDEZ,Media distancia,03,ORIHUELA,2.0,Renfe Data GTFS alta/larga/media,38.0779321,-0.944606
61200,MURCIA DEL CARMEN,Media distancia,30,MURCIA,2.0,Renfe Data GTFS alta/larga/media,37.9748243,-1.131508
61307,CARTAGENA,Media distancia,30,CARTAGENA,2.0,Renfe Data GTFS alta/larga/media,37.604967,-0.975122
61304,TORRE-PACHECO,Media distancia,30,TORRE-PACHECO,2.0,Renfe Data GTFS alta/larga/media,37.746905,-0.967078
61303,BALSICAS-MAR MENOR,Media distancia,30,TORRE-PACHECO,2.0,Renfe Data GTFS alta/larga/media,37.81884,-0.950891
60600,ALBACETE-LOS LLANOS,Media distancia,02,ALBACETE,2.0,Renfe Data GTFS alta/larga/media,38.999384,-1.84845
60800,ALMANSA,Media distancia,02,ALMANSA,2.0,Renfe Data GTFS alta/larga/media,38.867822,-1.105446
60900,LA ENCINA,Media distancia,03,VILLENA,2.0,Renfe Data GTFS alta/larga/media,38.765344,-0.954244
64200,SILLA,Media distancia,46,SILLA,2.0,Renfe Data GTFS alta/larga/media,39.3619548,-0.4149813
69011,ALCOI,Media distancia,03,ALCOY/ALCOI,2.0,Renfe Data GTFS alta/larga/media,38.709349,-0.470247
69008,ONTINYENT,Media distancia,46,ONTINYENT,2.0,Renfe Data GTFS alta/larga/media,38.809692,-0.602457
69006,ALBAIDA,Media distancia,46,ALBAIDA,2.0,Renfe Data GTFS alta/larga/media,38.845645,-0.518129
69002,BENIGÀNIM,Media distancia,46,BENIGÀNIM,2.0,Renfe Data GTFS alta/larga/media,38.938499,-0.453424
64007,LENOVA-MANUEL,Media distancia,46,MANUEL,2.0,Renfe Data GTFS alta/larga/media,39.0500727,-0.4776036
64102,LA POBLA LLARGA,Media distancia,46,POBLA LLARGA (LA),2.0,Renfe Data GTFS alta/larga/media,39.0833385,-0.4696592
64103,CARCAIXENT,Media distancia,46,CARCAIXENT,2.0,Renfe Data GTFS alta/larga/media,39.1205251,-0.4544102
64104,ALZIRA,Media distancia,46,ALZIRA,2.0,Renfe Data GTFS alta/larga/media,39.1531495,-0.4506011
64105,ALGEMESÍ,Media distancia,46,ALGEMESÍ,2.0,Renfe Data GTFS alta/larga/media,39.1931484,-0.4409196
64107,BENIFAIÓ,Media distancia,46,BENIFAIÓ,2.0,Renfe Data GTFS alta/larga/media,39.2843027,-0.4299537
64201,CATARROJA,Media distancia,46,CATARROJA,2.0,Renfe Data GTFS alta/larga/media,39.4000447,-0.3992195
64202,MASSANASSA,Media distancia,46,MASSANASSA,2.0,Renfe Data GTFS alta/larga/media,39.4091934,-0.3953073
64203,ALFAFAR-BENETÚSSER,Media distancia,46,ALFAFAR,2.0,Renfe Data GTFS alta/larga/media,39.4224232,-0.392605
65002,VALÈNCIA-LA FONT DE SANT LLUÍS,Media distancia,46,VALENCIA,2.0,Renfe Data GTFS alta/larga/media,39.4416052,-0.371422
65008,PUÇOL,Media distancia,46,PUÇOL,2.0,Renfe Data GTFS alta/larga/media,39.6205367,-0.3031085
65005,ALBUIXECH,Media distancia,46,ALBUIXECH,2.0,Renfe Data GTFS alta/larga/media,39.5435233,-0.3205526
65007,EL PUIG,Media distancia,46,PUIG DE SANTA MARIA (EL),2.0,Renfe Data GTFS alta/larga/media,39.588302,-0.3116645
65202,ALMENARA,Media distancia,12,ALMENARA,2.0,Renfe Data GTFS alta/larga/media,39.7487737,-0.2183811
65204,CHILCHES/XILXES,Media distancia,12,CHILCHES/XILXES,2.0,Renfe Data GTFS alta/larga/media,39.7826726,-0.1903295
65207,BURRIANA-ALQUERÍAS NIÑO PERDIDO,Media distancia,12,BORRIANA/BURRIANA,2.0,Renfe Data GTFS alta/larga/media,39.8965088,-0.1038601
65209,ALMASSORA,Media distancia,12,ALMAZORA/ALMASSORA,2.0,Renfe Data GTFS alta/larga/media,39.9549079,-0.0767713
65205,MONCOFA,Media distancia,12,NULES,2.0,Renfe Data GTFS alta/larga/media,39.8208891,-0.1626965
65203,LA LLOSA,Media distancia,12,LLOSA (LA),2.0,Renfe Data GTFS alta/larga/media,39.7678109,-0.2029444
65201,LES VALLS,Media distancia,46,SAGUNTO/SAGUNT,2.0,Renfe Data GTFS alta/larga/media,39.7193457,-0.2397602
65006,MASSALFASSAR,Media distancia,46,MASSALFASSAR,2.0,Renfe Data GTFS alta/larga/media,39.5557532,-0.3183058
65001,ROCA-CÚPER,Media distancia,46,MELIANA,2.0,Renfe Data GTFS alta/larga/media,39.5262094,-0.3238405
71400,REUS,Media distancia,43,REUS,2.0,Renfe Data GTFS alta/larga/media,41.1605229,1.10008978
71401,VILA-SECA,Media distancia,43,VILA-SECA,2.0,Renfe Data GTFS alta/larga/media,41.1128193,1.15037877
71500,TARRAGONA,Media distancia,43,TARRAGONA,2.0,Renfe Data GTFS alta/larga/media,41.1115636,1.25322776
71502,ALTAFULLA-TAMARIT,Media distancia,43,TARRAGONA,2.0,Renfe Data GTFS alta/larga/media,41.1366479,1.37341488
71503,TORREDEMBARRA,Media distancia,43,TORREDEMBARRA,2.0,Renfe Data GTFS alta/larga/media,41.1427923,1.40578377
71600,SANT VICENÇ DE CALDERS,Media distancia,43,VENDRELL (EL),2.0,Renfe Data GTFS alta/larga/media,41.1862102,1.52480358
71700,VILANOVA I LA GELTRÚ,Media distancia,08,VILANOVA I LA GELTRÚ,2.0,Renfe Data GTFS alta/larga/media,41.2203207,1.73077249
71801,BARCELONA-SANTS,Media distancia,08,BARCELONA,2.0,Renfe Data GTFS alta/larga/media,41.3798632,2.14101688
71802,BARCELONA-PASSEIG DE GRÀCIA,Media distancia,08,BARCELONA,2.0,Renfe Data GTFS alta/larga/media,41.3920862,2.16533862
79400,BARCELONA ESTACIÓ DE FRANÇA,Media distancia,08,BARCELONA,2.0,Renfe Data GTFS alta/larga/media,41.3844866,2.18534785
71209,RIBA-ROJA D'EBRE,Media distancia,43,RIBA-ROJA D'EBRE,2.0,Renfe Data GTFS alta/larga/media,41.2485594,0.48103178
71210,FLIX,Media distancia,43,FLIX,2.0,Renfe Data GTFS alta/larga/media,41.2293651,0.54010012
71211,ASCÓ,Media distancia,43,ASCÓ,2.0,Renfe Data GTFS alta/larga/media,41.1823727,0.56902524
71300,MÓRA LA NOVA,Media distancia,43,MÓRA LA NOVA,2.0,Renfe Data GTFS alta/larga/media,41.1065823,0.65321819
71302,CAPÇANES,Media distancia,43,CAPÇANES,2.0,Renfe Data GTFS alta/larga/media,41.1020902,0.78036099
71303,MARÇÀ-FALSET,Media distancia,43,MARÇÀ,2.0,Renfe Data GTFS alta/larga/media,41.1309421,0.81041774
71304,PRADELL,Media distancia,43,PRADELL DE LA TEIXETA,2.0,Renfe Data GTFS alta/larga/media,41.1333595,0.85865032
71305,DUESAIGÜES-L'ARGENTERA,Media distancia,43,ARGENTERA (L'),2.0,Renfe Data GTFS alta/larga/media,41.1436928,0.92087096
71306,RIUDECANYES-BOTARELL,Media distancia,43,RIUDECANYES,2.0,Renfe Data GTFS alta/larga/media,41.1400577,0.97574775
71307,LES BORGES DEL CAMP,Media distancia,43,BORGES DEL CAMP (LES),2.0,Renfe Data GTFS alta/larga/media,41.1665064,1.0221323
71204,CASPE,Media distancia,50,CASPE,2.0,Renfe Data GTFS alta/larga/media,41.239738,-0.042701
71206,FABARA,Media distancia,50,FABARA,2.0,Renfe Data GTFS alta/larga/media,41.234405,0.143284
71207,NONASPE,Media distancia,50,NONASPE,2.0,Renfe Data GTFS alta/larga/media,41.213788,0.242472
71208,FAIÓ-LA POBLA DE MASSALUCA,Media distancia,43,POBLA DE MASSALUCA (LA),2.0,Renfe Data GTFS alta/larga/media,41.2250555,0.35110259
78400,LLEIDA-PIRINEUS,Media distancia,25,LLEIDA,2.0,Renfe Data GTFS alta/larga/media,41.62013,0.63365328
73001,PUIGVERD DE LLEIDA-ARTESA,Media distancia,25,PUIGVERD DE LLEIDA,2.0,Renfe Data GTFS alta/larga/media,41.5537015,0.73342706
73002,JUNEDA,Media distancia,25,JUNEDA,2.0,Renfe Data GTFS alta/larga/media,41.5439328,0.82554185
73003,LES BORGES BLANQUES,Media distancia,25,BORGES BLANQUES (LES),2.0,Renfe Data GTFS alta/larga/media,41.5213973,0.87791022
73005,VINAIXA,Media distancia,25,VINAIXA,2.0,Renfe Data GTFS alta/larga/media,41.425141,0.9703737
73006,VIMBODÍ I POBLET,Media distancia,43,VIMBODÍ I POBLET,2.0,Renfe Data GTFS alta/larga/media,41.4027277,1.04603327
73007,L'ESPLUGA DE FRANCOLÍ,Media distancia,43,ESPLUGA DE FRANCOLÍ (L'),2.0,Renfe Data GTFS alta/larga/media,41.4006616,1.10336094
73008,MONTBLANC,Media distancia,43,MONTBLANC,2.0,Renfe Data GTFS alta/larga/media,41.3766254,1.16554869
73100,LA PLANA-PICAMOIXONS,Media distancia,43,VALLS,2.0,Renfe Data GTFS alta/larga/media,41.3061987,1.19488293
76004,VALLS,Media distancia,43,VALLS,2.0,Renfe Data GTFS alta/larga/media,41.2896079,1.25865179
72101,RODA DE MAR,Media distancia,43,RODA DE BARÀ,2.0,Renfe Data GTFS alta/larga/media,41.1864204,1.45520767
76001,SALOMÓ,Media distancia,43,SALOMÓ,2.0,Renfe Data GTFS alta/larga/media,41.2234416,1.37662504
76003,NULLES-BRÀFIM,Media distancia,43,NULLES,2.0,Renfe Data GTFS alta/larga/media,41.2503192,1.29750259
73010,LA RIBA,Media distancia,43,RIBA (LA),2.0,Renfe Data GTFS alta/larga/media,41.3184926,1.1813126
73009,VILAVERD,Media distancia,43,VILAVERD,2.0,Renfe Data GTFS alta/larga/media,41.3376633,1.17653235
73004,LA FLORESTA,Media distancia,25,FLORESTA (LA),2.0,Renfe Data GTFS alta/larga/media,41.5042013,0.924432
76002,VILABELLA,Media distancia,43,VILABELLA,2.0,Renfe Data GTFS alta/larga/media,41.2395473,1.31749155
73101,ALCOVER,Media distancia,43,ALCOVER,2.0,Renfe Data GTFS alta/larga/media,41.2616066,1.17416002
73102,LA SELVA DEL CAMP,Media distancia,43,SELVA DEL CAMP (LA),2.0,Renfe Data GTFS alta/larga/media,41.2111544,1.14396003
65411,SALOU-PORT AVENTURA,Media distancia,43,SALOU,2.0,Renfe Data GTFS alta/larga/media,41.0884798,1.14605195
79315,PORTBOU,Media distancia,17,PORTBOU,2.0,Renfe Data GTFS alta/larga/media,42.4245908,3.15801841
79312,LLANÇÀ,Media distancia,17,LLANÇÀ,2.0,Renfe Data GTFS alta/larga/media,42.3666194,3.1489746
79309,FIGUERES,Media distancia,17,FIGUERES,2.0,Renfe Data GTFS alta/larga/media,42.2651134,2.96880074
79303,FLAÇÀ,Media distancia,17,FLAÇÀ,2.0,Renfe Data GTFS alta/larga/media,42.047477,2.95740315
79300,GIRONA,Media distancia,17,GIRONA,2.0,Renfe Data GTFS alta/larga/media,41.9793629,2.81693689
79203,CALDES DE MALAVELLA,Media distancia,17,CALDES DE MALAVELLA,2.0,Renfe Data GTFS alta/larga/media,41.84111,2.80076692
79202,SILS,Media distancia,17,SILS,2.0,Renfe Data GTFS alta/larga/media,41.8075996,2.74500729
79200,MAÇANET-MASSANES,Media distancia,17,MASSANES,2.0,Renfe Data GTFS alta/larga/media,41.7724212,2.67385865
79104,SANT CELONI,Media distancia,08,SANT CELONI,2.0,Renfe Data GTFS alta/larga/media,41.6857928,2.49072799
79009,BARCELONA-EL CLOT,Media distancia,08,BARCELONA,2.0,Renfe Data GTFS alta/larga/media,41.4092979,2.18719759
04040,ZARAGOZA DELICIAS,Media distancia,50,ZARAGOZA,2.0,Renfe Data GTFS alta/larga/media,41.6586576,-0.9112693
71103,FUENTES DE EBRO,Media distancia,50,FUENTES DE EBRO,2.0,Renfe Data GTFS alta/larga/media,41.515065,-0.618625
71105,QUINTO,Media distancia,50,QUINTO,2.0,Renfe Data GTFS alta/larga/media,41.419528,-0.490673
71108,LA ZAIDA-SÁSTAGO,Media distancia,50,ZAIDA (LA),2.0,Renfe Data GTFS alta/larga/media,41.320542,-0.427115
71200,LA PUEBLA DE HÍJAR,Media distancia,44,PUEBLA DE HÍJAR (LA),2.0,Renfe Data GTFS alta/larga/media,41.2244,-0.438595
71201,SAMPER,Media distancia,44,SAMPER DE CALANDA,2.0,Renfe Data GTFS alta/larga/media,41.182183,-0.368761
71205,VAL DE PILAS,Media distancia,50,CASPE,2.0,Renfe Data GTFS alta/larga/media,41.230056,0.070145
70806,ZARAGOZA-PORTILLO,Media distancia,50,ZARAGOZA,2.0,Renfe Data GTFS alta/larga/media,41.6527361,-0.8958759
70807,ZARAGOZA-GOYA,Media distancia,50,ZARAGOZA,2.0,Renfe Data GTFS alta/larga/media,41.6438779,-0.8912574
71100,ZARAGOZA-MIRAFLORES,Media distancia,50,ZARAGOZA,2.0,Renfe Data GTFS alta/larga/media,41.6334311,-0.8681653
78200,TARDIENTA,Media distancia,22,TARDIENTA,2.0,Renfe Data GTFS alta/larga/media,41.975716,-0.538223
78201,GRAÑÉN,Media distancia,22,GRAÑÉN,2.0,Renfe Data GTFS alta/larga/media,41.938033,-0.369329
78203,SARIÑENA,Media distancia,22,SARIÑENA,2.0,Renfe Data GTFS alta/larga/media,41.817529,-0.17076
78301,MONZÓN-RÍO CINCA,Media distancia,22,MONZÓN,2.0,Renfe Data GTFS alta/larga/media,41.913679,0.196939
78302,BINÉFAR,Media distancia,22,BINÉFAR,2.0,Renfe Data GTFS alta/larga/media,41.849768,0.291478
78005,VILLANUEVA DE GÁLLEGO,Media distancia,50,VILLANUEVA DE GÁLLEGO,2.0,Renfe Data GTFS alta/larga/media,41.76551,-0.822204
78500,CERVERA,Media distancia,25,CERVERA,2.0,Renfe Data GTFS alta/larga/media,41.673611,1.274773
78408,TÀRREGA,Media distancia,25,TÀRREGA,2.0,Renfe Data GTFS alta/larga/media,41.650387,1.138963
78407,ANGLESOLA,Media distancia,25,ANGLESOLA,2.0,Renfe Data GTFS alta/larga/media,41.646448,1.079192
78406,BELLPUIG,Media distancia,25,BELLPUIG,2.0,Renfe Data GTFS alta/larga/media,41.632545,1.012993
78405,CASTELLNOU DE SEANA,Media distancia,25,CASTELLNOU DE SEANA,2.0,Renfe Data GTFS alta/larga/media,41.637464,0.967736
78404,GOLMÉS,Media distancia,25,GOLMÉS,2.0,Renfe Data GTFS alta/larga/media,41.635929,0.930863
78403,MOLLERUSSA,Media distancia,25,MOLLERUSSA,2.0,Renfe Data GTFS alta/larga/media,41.631779,0.896775
78402,BELL-LLOC D'URGELL,Media distancia,25,BELL-LLOC D'URGELL,2.0,Renfe Data GTFS alta/larga/media,41.631619,0.781547
78501,SANT GUIM DE FREIXENET,Media distancia,25,SANT GUIM DE FREIXENET,2.0,Renfe Data GTFS alta/larga/media,41.655924,1.42053
78502,SANT MARTÍ SESGUEIOLES,Media distancia,08,SANT MARTÍ SESGUEIOLES,2.0,Renfe Data GTFS alta/larga/media,41.701217,1.486204
78503,CALAF,Media distancia,08,CALAF,2.0,Renfe Data GTFS alta/larga/media,41.730334,1.515097
78504,SEGUERS-SANT PERE SALLAVINERA,Media distancia,08,SANT PERE SALLAVINERA,2.0,Renfe Data GTFS alta/larga/media,41.747991,1.574167
78505,AGUILAR DE SEGARRA,Media distancia,08,AGUILAR DE SEGARRA,2.0,Renfe Data GTFS alta/larga/media,41.738917,1.62372
78506,RAJADELL,Media distancia,08,RAJADELL,2.0,Renfe Data GTFS alta/larga/media,41.733159,1.696275
78600,MANRESA,Media distancia,08,MANRESA,2.0,Renfe Data GTFS alta/larga/media,41.7203921,1.82648564
78604,SANT VICENÇ DE CASTELLET,Media distancia,08,SANT VICENÇ DE CASTELLET,2.0,Renfe Data GTFS alta/larga/media,41.6688309,1.86264304
78700,TERRASSA ESTACIÓ DEL NORD,Media distancia,08,TERRASSA,2.0,Renfe Data GTFS alta/larga/media,41.5697825,2.01435428
74200,HUESCA,Media distancia,22,HUESCA,2.0,Renfe Data GTFS alta/larga/media,42.133594,-0.409745
74204,AYERBE,Media distancia,22,AYERBE,2.0,Renfe Data GTFS alta/larga/media,42.27561,-0.682569
74206,RIGLOS,Media distancia,22,PEÑAS DE RIGLOS (LAS),2.0,Renfe Data GTFS alta/larga/media,42.344756,-0.731599
74207,SANTA MARÍA Y LA PEÑA,Media distancia,22,PEÑAS DE RIGLOS (LAS),2.0,Renfe Data GTFS alta/larga/media,42.38039,-0.695647
74208,ANZÁNIGO,Media distancia,22,JACA,2.0,Renfe Data GTFS alta/larga/media,42.403289,-0.643344
74209,CALDEARENAS-AQUILUÉ,Media distancia,22,CALDEARENAS,2.0,Renfe Data GTFS alta/larga/media,42.397973,-0.499309
74211,SABIÑÁNIGO,Media distancia,22,SABIÑÁNIGO,2.0,Renfe Data GTFS alta/larga/media,42.520446,-0.373085
74213,JACA,Media distancia,22,JACA,2.0,Renfe Data GTFS alta/larga/media,42.578303,-0.539231
74214,CASTIELLO-PUEBLO,Media distancia,22,CASTIELLO DE JACA,2.0,Renfe Data GTFS alta/larga/media,42.62811,-0.546291
74216,VILLANÚA,Media distancia,22,VILLANÚA,2.0,Renfe Data GTFS alta/larga/media,42.688745,-0.52346
74217,CANFRANC,Media distancia,22,CANFRANC,2.0,Renfe Data GTFS alta/larga/media,42.751471,-0.514641
79004,BARCELONA-SANT ANDREU,Media distancia,08,BARCELONA,2.0,Renfe Data GTFS alta/larga/media,41.4361251,2.19319866
79100,GRANOLLERS-CENTRE,Media distancia,08,GRANOLLERS,2.0,Renfe Data GTFS alta/larga/media,41.5997447,2.29126962
79105,GUALBA,Media distancia,08,GUALBA,2.0,Renfe Data GTFS alta/larga/media,41.7181901,2.53878373
79106,RIELLS I VIABREA-BREDA,Media distancia,17,RIELLS I VIABREA,2.0,Renfe Data GTFS alta/larga/media,41.7263582,2.56889584
79107,HOSTALRIC,Media distancia,17,HOSTALRIC,2.0,Renfe Data GTFS alta/larga/media,41.747788,2.63165011
79204,RIUDELLOTS,Media distancia,17,RIUDELLOTS DE LA SELVA,2.0,Renfe Data GTFS alta/larga/media,41.896297,2.81157037
79205,FORNELLS DE LA SELVA,Media distancia,17,FORNELLS DE LA SELVA,2.0,Renfe Data GTFS alta/larga/media,41.935043,2.80978324
79301,CELRÀ,Media distancia,17,CELRÀ,2.0,Renfe Data GTFS alta/larga/media,42.0271984,2.87490587
79302,BORDILS-JUIÀ,Media distancia,17,BORDILS,2.0,Renfe Data GTFS alta/larga/media,42.0370568,2.91529561
79304,SANT JORDI DESVALLS,Media distancia,17,SANT JORDI DESVALLS,2.0,Renfe Data GTFS alta/larga/media,42.0683023,2.96447664
79305,CAMALLERA,Media distancia,17,"SAUS, CAMALLERA I LLAMPAIES",2.0,Renfe Data GTFS alta/larga/media,42.1223297,2.96536522
79306,SANT MIQUEL DE FLUVIÀ,Media distancia,17,SANT MIQUEL DE FLUVIÀ,2.0,Renfe Data GTFS alta/larga/media,42.1721019,2.98959828
79308,VILAMALLA,Media distancia,17,VILAMALLA,2.0,Renfe Data GTFS alta/larga/media,42.216362,2.97776423
79311,VILAJUÏGA,Media distancia,17,VILAJUÏGA,2.0,Renfe Data GTFS alta/larga/media,42.3256691,3.08754626
79314,COLERA,Media distancia,17,COLERA,2.0,Renfe Data GTFS alta/larga/media,42.4068837,3.15434316
79316,CERBÈRE,Media distancia,17,PORTBOU,2.0,Renfe Data GTFS alta/larga/media,42.441664,3.16314935
11600,IRUN,Media distancia,20,IRUN,2.0,Renfe Data GTFS alta/larga/media,43.3395365,-1.8012519
11516,LEZO-RENTERÍA,Media distancia,20,LEZO,2.0,Renfe Data GTFS alta/larga/media,43.3159364,-1.8994386
11515,PASAIA,Media distancia,20,PASAIA,2.0,Renfe Data GTFS alta/larga/media,43.3189428,-1.9171727
11514,HERRERA,Media distancia,20,DONOSTIA/SAN SEBASTIÁN,2.0,Renfe Data GTFS alta/larga/media,43.3193537,-1.9370173
11522,INTXAURRONDO,Media distancia,20,DONOSTIA/SAN SEBASTIÁN,2.0,Renfe Data GTFS alta/larga/media,43.3200487,-1.9517673
11513,ATEGORRIETA,Media distancia,20,DONOSTIA/SAN SEBASTIÁN,2.0,Renfe Data GTFS alta/larga/media,43.3203225,-1.9598127
11512,GROS,Media distancia,20,DONOSTIA/SAN SEBASTIÁN,2.0,Renfe Data GTFS alta/larga/media,43.3218457,-1.9738835
11511,SAN SEBASTIÁN-DONOSTIA,Media distancia,20,DONOSTIA/SAN SEBASTIÁN,2.0,Renfe Data GTFS alta/larga/media,43.3176961,-1.9767172
11507,HERNANI-ERDIA,Media distancia,20,HERNANI,2.0,Renfe Data GTFS alta/larga/media,43.2664779,-1.9726232
11504,ANDOAIN-CENTRO,Media distancia,20,ANDOAIN,2.0,Renfe Data GTFS alta/larga/media,43.2155738,-2.0204595
11503,BILLABONA-ZIZURKIL,Media distancia,20,VILLABONA,2.0,Renfe Data GTFS alta/larga/media,43.1891906,-2.0553722
11501,TOLOSA-CENTRO,Media distancia,20,TOLOSA,2.0,Renfe Data GTFS alta/larga/media,43.1393963,-2.0741122
11500,TOLOSA,Media distancia,20,TOLOSA,2.0,Renfe Data GTFS alta/larga/media,43.1354472,-2.0790886
11405,ORDIZIA,Media distancia,20,ORDIZIA,2.0,Renfe Data GTFS alta/larga/media,43.0527547,-2.1791923
11404,BEASAIN,Media distancia,20,BEASAIN,2.0,Renfe Data GTFS alta/larga/media,43.0462687,-2.2022994
11402,ORMÁIZTEGUI,Media distancia,20,ORMAIZTEGI,2.0,Renfe Data GTFS alta/larga/media,43.0402752,-2.256462
11400,ZUMARRAGA,Media distancia,20,ZUMARRAGA,2.0,Renfe Data GTFS alta/larga/media,43.0870824,-2.3202298
11306,LEGAZPI,Media distancia,20,LEGAZPI,2.0,Renfe Data GTFS alta/larga/media,43.0510385,-2.3306103
11305,BRINKOLA,Media distancia,20,LEGAZPI,2.0,Renfe Data GTFS alta/larga/media,43.0189865,-2.3346811
11300,ALTSASU,Media distancia,31,ALTSASU/ALSASUA,2.0,Renfe Data GTFS alta/larga/media,42.894847,-2.181237
11213,ARAIA,Media distancia,01,ZALDUONDO,2.0,Renfe Data GTFS alta/larga/media,42.869599,-2.306807
11212,AGURAIN-SALVATIERRA DE ÁLAVA,Media distancia,01,SALVATIERRA/AGURAIN,2.0,Renfe Data GTFS alta/larga/media,42.84643,-2.38921
11210,ALEGRÍA-DULANTZI,Media distancia,01,ALEGRÍA-DULANTZI,2.0,Renfe Data GTFS alta/larga/media,42.848723,-2.514668
11208,VITORIA-GASTEIZ,Media distancia,01,VITORIA-GASTEIZ,2.0,Renfe Data GTFS alta/larga/media,42.841517,-2.672601
11205,NANCLARES-LANGRAIZ,Media distancia,01,IRUÑA OKA/IRUÑA DE OCA,2.0,Renfe Data GTFS alta/larga/media,42.816216,-2.804942
11204,LA PUEBLA DE ARGANZÓN,Media distancia,09,PUEBLA DE ARGANZÓN (LA),2.0,Renfe Data GTFS alta/larga/media,42.765245,-2.830385
11203,MANZANOS,Media distancia,01,RIBERA BAJA/ERRIBERA BEITIA,2.0,Renfe Data GTFS alta/larga/media,42.742899,-2.867501
11200,MIRANDA DE EBRO,Media distancia,09,MIRANDA DE EBRO,2.0,Renfe Data GTFS alta/larga/media,42.691024,-2.940366
80001,ALTSASU-PUEBLO,Media distancia,31,ALTSASU/ALSASUA,2.0,Renfe Data GTFS alta/larga/media,42.893283,-2.167429
80003,ETXARRI-ARANATZ,Media distancia,31,ETXARRI-ARANATZ,2.0,Renfe Data GTFS alta/larga/media,42.911138,-2.071245
80005,UHARTE-ARAKIL,Media distancia,31,UHARTE-ARAKIL,2.0,Renfe Data GTFS alta/larga/media,42.920606,-1.974814
80100,PAMPLONA/IRUÑA,Media distancia,31,PAMPLONA/IRUÑA,2.0,Renfe Data GTFS alta/larga/media,42.824877,-1.661419
80108,TAFALLA,Media distancia,31,TAFALLA,2.0,Renfe Data GTFS alta/larga/media,42.525756,-1.671467
80109,OLITE-ERRIBERRI,Media distancia,31,OLITE/ERRIBERRI,2.0,Renfe Data GTFS alta/larga/media,42.484989,-1.649964
80114,MARCILLA DE NAVARRA,Media distancia,31,MARCILLA,2.0,Renfe Data GTFS alta/larga/media,42.334851,-1.717418
80115,VILLAFRANCA DE NAVARRA,Media distancia,31,VILLAFRANCA,2.0,Renfe Data GTFS alta/larga/media,42.280734,-1.745716
81200,CASTEJÓN DE EBRO,Media distancia,31,CASTEJÓN,2.0,Renfe Data GTFS alta/larga/media,42.172719,-1.692114
81202,TUDELA DE NAVARRA,Media distancia,31,TUDELA,2.0,Renfe Data GTFS alta/larga/media,42.059434,-1.597931
81203,RIBAFORADA,Media distancia,31,RIBAFORADA,2.0,Renfe Data GTFS alta/larga/media,41.997038,-1.515097
81205,CORTES DE NAVARRA,Media distancia,31,CORTES,2.0,Renfe Data GTFS alta/larga/media,41.915076,-1.420439
11111,PANCORBO,Media distancia,09,PANCORBO,2.0,Renfe Data GTFS alta/larga/media,42.630486,-3.112307
11109,BRIVIESCA,Media distancia,09,BRIVIESCA,2.0,Renfe Data GTFS alta/larga/media,42.542765,-3.319287
11014,BURGOS-ROSA MANZANO,Media distancia,09,BURGOS,2.0,Renfe Data GTFS alta/larga/media,42.371197,-3.666308
81206,GALLUR,Media distancia,50,GALLUR,2.0,Renfe Data GTFS alta/larga/media,41.867164,-1.321342
81207,LUCENI,Media distancia,50,LUCENI,2.0,Renfe Data GTFS alta/larga/media,41.826116,-1.243536
81208,PEDROLA,Media distancia,50,PEDROLA,2.0,Renfe Data GTFS alta/larga/media,41.805198,-1.201673
81209,CABAÑAS DE EBRO,Media distancia,50,CABAÑAS DE EBRO,2.0,Renfe Data GTFS alta/larga/media,41.788065,-1.167533
81210,ALAGÓN,Media distancia,50,ALAGÓN,2.0,Renfe Data GTFS alta/larga/media,41.771422,-1.112771
70800,CASETAS,Media distancia,50,ZARAGOZA,2.0,Renfe Data GTFS alta/larga/media,41.7226479,-1.0201916
70801,UTEBO,Media distancia,50,UTEBO,2.0,Renfe Data GTFS alta/larga/media,41.7108644,-0.9985828
81100,LOGROÑO,Media distancia,26,LOGROÑO,2.0,Renfe Data GTFS alta/larga/media,42.457459,-2.442193
81105,ALCANADRE,Media distancia,26,ALCANADRE,2.0,Renfe Data GTFS alta/larga/media,42.407437,-2.122094
81108,CALAHORRA,Media distancia,26,CALAHORRA,2.0,Renfe Data GTFS alta/larga/media,42.310458,-1.957755
81109,RINCÓN DE SOTO,Media distancia,26,RINCÓN DE SOTO,2.0,Renfe Data GTFS alta/larga/media,42.230011,-1.847473
81110,ALFARO,Media distancia,26,ALFARO,2.0,Renfe Data GTFS alta/larga/media,42.186525,-1.747985
81102,AGONCILLO,Media distancia,26,AGONCILLO,2.0,Renfe Data GTFS alta/larga/media,42.443585,-2.291701
17000,MADRID-CHAMARTÍN-CLARA CAMPOAMOR,Media distancia,28,MADRID,2.0,Renfe Data GTFS alta/larga/media,40.4711789,-3.6829524
18000,MADRID-ATOCHA CERCANÍAS,Media distancia,28,MADRID,2.0,Renfe Data GTFS alta/larga/media,40.4066191,-3.6894391
60200,ARANJUEZ,Media distancia,28,ARANJUEZ,2.0,Renfe Data GTFS alta/larga/media,40.0350257,-3.6182534
60202,CASTILLEJO-AÑOVER,Media distancia,28,ARANJUEZ,2.0,Renfe Data GTFS alta/larga/media,39.949634,-3.738774
60203,VILLASEQUILLA,Media distancia,45,VILLASEQUILLA,2.0,Renfe Data GTFS alta/larga/media,39.879535,-3.728453
60300,VILLACAÑAS,Media distancia,45,VILLACAÑAS,2.0,Renfe Data GTFS alta/larga/media,39.622698,-3.33051
60301,QUERO,Media distancia,45,QUERO,2.0,Renfe Data GTFS alta/larga/media,39.504173,-3.266072
60400,ALCÁZAR DE SAN JUAN,Media distancia,13,ALCÁZAR DE SAN JUAN,2.0,Renfe Data GTFS alta/larga/media,39.395628,-3.205744
35001,LEGANÉS,Media distancia,28,LEGANÉS,2.0,Renfe Data GTFS alta/larga/media,40.328643,-3.7713161
35002,FUENLABRADA,Media distancia,28,FUENLABRADA,2.0,Renfe Data GTFS alta/larga/media,40.2833784,-3.7994429
35005,ILLESCAS,Media distancia,45,ILLESCAS,2.0,Renfe Data GTFS alta/larga/media,40.12088,-3.842262
35105,TORRIJOS,Media distancia,45,TORRIJOS,2.0,Renfe Data GTFS alta/larga/media,39.979003,-4.283037
35200,TALAVERA DE LA REINA,Media distancia,45,TALAVERA DE LA REINA,2.0,Renfe Data GTFS alta/larga/media,39.970674,-4.826512
35203,OROPESA DE TOLEDO,Media distancia,45,OROPESA,2.0,Renfe Data GTFS alta/larga/media,39.921746,-5.186137
35206,NAVALMORAL DE LA MATA,Media distancia,10,NAVALMORAL DE LA MATA,2.0,Renfe Data GTFS alta/larga/media,39.894913,-5.545607
35207,CASATEJADA,Media distancia,10,CASATEJADA,2.0,Renfe Data GTFS alta/larga/media,39.891909,-5.677732
30000,MONFRAGÜE,Media distancia,10,MALPARTIDA DE PLASENCIA,2.0,Renfe Data GTFS alta/larga/media,39.937464,-6.10091
35400,CÁCERES,Media distancia,10,CÁCERES,2.0,Renfe Data GTFS alta/larga/media,39.461131,-6.385679
37500,MÉRIDA,Media distancia,06,MÉRIDA,2.0,Renfe Data GTFS alta/larga/media,38.921503,-6.343794
30002,PLASENCIA,Media distancia,10,PLASENCIA,2.0,Renfe Data GTFS alta/larga/media,40.022282,-6.099397
35301,MIRABEL,Media distancia,10,MIRABEL,2.0,Renfe Data GTFS alta/larga/media,39.866229,-6.228969
35302,CASAS DE MILLÁN,Media distancia,10,CASAS DE MILLÁN,2.0,Renfe Data GTFS alta/larga/media,39.811866,-6.326045
35303,CAÑAVERAL,Media distancia,10,CAÑAVERAL,2.0,Renfe Data GTFS alta/larga/media,39.789124,-6.375031
35402,ARROYO DE MALPARTIDA,Media distancia,10,CÁCERES,2.0,Renfe Data GTFS alta/larga/media,39.468078,-6.533634
35405,SAN VICENTE DE ALCÁNTARA,Media distancia,06,SAN VICENTE DE ALCÁNTARA,2.0,Renfe Data GTFS alta/larga/media,39.381561,-7.117075
35406,VALENCIA DE ALCÁNTARA,Media distancia,10,VALENCIA DE ALCÁNTARA,2.0,Renfe Data GTFS alta/larga/media,39.426928,-7.230688
37606,BADAJOZ,Media distancia,06,BADAJOZ,2.0,Renfe Data GTFS alta/larga/media,38.890696,-6.981753
37200,CIUDAD REAL,Media distancia,13,CIUDAD REAL,2.0,Renfe Data GTFS alta/larga/media,38.9853,-3.913633
94004,ALMAGRO,Media distancia,13,ALMAGRO,2.0,Renfe Data GTFS alta/larga/media,38.895323,-3.709777
94002,DAIMIEL,Media distancia,13,DAIMIEL,2.0,Renfe Data GTFS alta/larga/media,39.061553,-3.604213
50100,MANZANARES,Media distancia,13,MANZANARES,2.0,Renfe Data GTFS alta/larga/media,39.005837,-3.370507
50002,CINCO CASAS,Media distancia,13,ALCÁZAR DE SAN JUAN,2.0,Renfe Data GTFS alta/larga/media,39.169282,-3.232663
10400,ÁVILA,Media distancia,05,ÁVILA,2.0,Renfe Data GTFS alta/larga/media,40.657255,-4.683312
10300,HERRADÓN-LA CAÑADA,Media distancia,05,HERRADÓN DE PINARES,2.0,Renfe Data GTFS alta/larga/media,40.599275,-4.495039
10208,NAVALPERAL,Media distancia,05,NAVALPERAL DE PINARES,2.0,Renfe Data GTFS alta/larga/media,40.591152,-4.408382
10207,LAS NAVAS DEL MARQUÉS,Media distancia,05,NAVAS DEL MARQUÉS (LAS),2.0,Renfe Data GTFS alta/larga/media,40.589205,-4.362259
10209,EL PIMPOLLAR,Media distancia,28,SANTA MARÍA DE LA ALAMEDA,2.0,Renfe Data GTFS alta/larga/media,40.567587,-4.283541
10206,SANTA MARÍA DE LA ALAMEDA-PEGUERINOS,Media distancia,28,SANTA MARÍA DE LA ALAMEDA,2.0,Renfe Data GTFS alta/larga/media,40.569001,-4.2691255
10205,ROBLEDO DE CHAVELA,Media distancia,28,ROBLEDO DE CHAVELA,2.0,Renfe Data GTFS alta/larga/media,40.5208244,-4.2467592
10204,ZARZALEJO,Media distancia,28,ZARZALEJO,2.0,Renfe Data GTFS alta/larga/media,40.5389272,-4.1580662
10203,EL ESCORIAL,Media distancia,28,SAN LORENZO DE EL ESCORIAL,2.0,Renfe Data GTFS alta/larga/media,40.5853675,-4.1324053
10202,LAS ZORRERAS-NAVALQUEJIGO,Media distancia,28,SAN LORENZO DE EL ESCORIAL,2.0,Renfe Data GTFS alta/larga/media,40.6093116,-4.0463626
10201,SAN YAGO,Media distancia,28,GALAPAGAR,2.0,Renfe Data GTFS alta/larga/media,40.6178953,-4.0310749
10200,VILLALBA DE GUADARRAMA,Media distancia,28,COLLADO VILLALBA,2.0,Renfe Data GTFS alta/larga/media,40.6264893,-4.0080301
10100,PINAR DE LAS ROZAS,Media distancia,28,ROZAS DE MADRID (LAS),2.0,Renfe Data GTFS alta/larga/media,40.5222672,-3.8822477
10005,LAS ROZAS,Media distancia,28,ROZAS DE MADRID (LAS),2.0,Renfe Data GTFS alta/larga/media,40.4942887,-3.8681747
10002,POZUELO,Media distancia,28,POZUELO DE ALARCÓN,2.0,Renfe Data GTFS alta/larga/media,40.4474569,-3.8002779
10001,ARAVACA,Media distancia,28,MADRID,2.0,Renfe Data GTFS alta/larga/media,40.4484551,-3.7855547
10000,MADRID-PRÍNCIPE PÍO,Media distancia,28,MADRID,2.0,Renfe Data GTFS alta/larga/media,40.4214895,-3.7189689
18001,MADRID-RECOLETOS,Media distancia,28,MADRID,2.0,Renfe Data GTFS alta/larga/media,40.4233731,-3.690931
18002,MADRID-NUEVOS MINISTERIOS,Media distancia,28,MADRID,2.0,Renfe Data GTFS alta/larga/media,40.4466271,-3.6923468
10104,GALAPAGAR-LA NAVATA,Media distancia,28,GALAPAGAR,2.0,Renfe Data GTFS alta/larga/media,40.6003138,-3.982259
10103,TORRELODONES,Media distancia,28,TORRELODONES,2.0,Renfe Data GTFS alta/larga/media,40.574554,-3.9566013
10101,LAS MATAS,Media distancia,28,ROZAS DE MADRID (LAS),2.0,Renfe Data GTFS alta/larga/media,40.5523869,-3.8967664
97100,PITIS,Media distancia,28,MADRID,2.0,Renfe Data GTFS alta/larga/media,40.4954173,-3.7261603
97200,MIRASIERRA-PACO DE LUCÍA,Media distancia,28,CANENCIA,2.0,Renfe Data GTFS alta/larga/media,40.499759,-3.7092505
97201,MADRID-RAMÓN Y CAJAL,Media distancia,28,MADRID,2.0,Renfe Data GTFS alta/larga/media,40.4881473,-3.6948037
12100,SEGOVIA,Media distancia,40,SEGOVIA,2.0,Renfe Data GTFS alta/larga/media,40.93403,-4.11365
12014,NAVAS DE RIOFRÍO-LA LOSA,Media distancia,40,NAVAS DE RIOFRÍO,2.0,Renfe Data GTFS alta/larga/media,40.856673,-4.141103
12013,ORTIGOSA DEL MONTE,Media distancia,40,ORTIGOSA DEL MONTE,2.0,Renfe Data GTFS alta/larga/media,40.832771,-4.168094
12012,OTERO-HERREROS,Media distancia,40,OTERO DE HERREROS,2.0,Renfe Data GTFS alta/larga/media,40.80097,-4.203504
12011,LOS ÁNGELES DE SAN RAFAEL,Media distancia,40,CASTRO DEL RÍO,2.0,Renfe Data GTFS alta/larga/media,40.777909,-4.206933
12010,EL ESPINAR,Media distancia,40,CASTRO DEL RÍO,2.0,Renfe Data GTFS alta/larga/media,40.740852,-4.189482
12009,SAN RAFAEL,Media distancia,40,CASTRO DEL RÍO,2.0,Renfe Data GTFS alta/larga/media,40.714944,-4.18143
12008,GUDILLOS,Media distancia,40,ESPINAR (EL),2.0,Renfe Data GTFS alta/larga/media,40.716914,-4.157681
12007,TABLADA,Media distancia,28,GUADARRAMA,2.0,Renfe Data GTFS alta/larga/media,40.705648,-4.12531
12006,CERCEDILLA,Media distancia,28,CERCEDILLA,2.0,Renfe Data GTFS alta/larga/media,40.7376129,-4.0662985
12005,LOS MOLINOS-GUADARRAMA,Media distancia,28,MOLINOS (LOS),2.0,Renfe Data GTFS alta/larga/media,40.7066407,-4.0671991
12004,COLLADO MEDIANO,Media distancia,28,COLLADO MEDIANO,2.0,Renfe Data GTFS alta/larga/media,40.6928982,-4.0359271
12002,ALPEDRETE,Media distancia,28,ALPEDRETE,2.0,Renfe Data GTFS alta/larga/media,40.6581044,-4.0349719
12001,LOS NEGRALES,Media distancia,28,ALPEDRETE,2.0,Renfe Data GTFS alta/larga/media,40.638567,-4.0218746
10302,GUIMORCONDO,Media distancia,05,ÁVILA,2.0,Renfe Data GTFS alta/larga/media,40.649062,-4.614987
35012,HUMANES,Media distancia,28,HUMANES DE MADRID,2.0,Renfe Data GTFS alta/larga/media,40.2558101,-3.8287055
10504,VIANA,Media distancia,47,VIANA DE CEGA,2.0,Renfe Data GTFS alta/larga/media,41.52407,-4.754489
10503,VALDESTILLAS,Media distancia,47,VALDESTILLAS,2.0,Renfe Data GTFS alta/larga/media,41.488729,-4.772937
10502,MATAPOZUELOS,Media distancia,47,MATAPOZUELOS,2.0,Renfe Data GTFS alta/larga/media,41.422794,-4.801025
10501,POZALDEZ,Media distancia,47,POZALDEZ,2.0,Renfe Data GTFS alta/larga/media,41.36792,-4.836001
10500,MEDINA DEL CAMPO,Media distancia,47,MEDINA DEL CAMPO,2.0,Renfe Data GTFS alta/larga/media,41.317617,-4.909923
10409,ARÉVALO,Media distancia,05,ARÉVALO,2.0,Renfe Data GTFS alta/larga/media,41.047123,-4.701988
70103,ALCALÁ DE HENARES,Media distancia,28,ALCALÁ DE HENARES,2.0,Renfe Data GTFS alta/larga/media,40.4890814,-3.3662457
70200,GUADALAJARA,Media distancia,19,GUADALAJARA,2.0,Renfe Data GTFS alta/larga/media,40.6441928,-3.1822602
70209,JADRAQUE,Media distancia,19,JADRAQUE,2.0,Renfe Data GTFS alta/larga/media,40.930229,-2.935935
70302,SIGÜENZA,Media distancia,19,SIGÜENZA,2.0,Renfe Data GTFS alta/larga/media,41.071417,-2.646407
70400,TORRALBA,Media distancia,42,MEDINACELI,2.0,Renfe Data GTFS alta/larga/media,41.136617,-2.492952
84101,ALMAZÁN-VILLA,Media distancia,42,ALMAZÁN,2.0,Renfe Data GTFS alta/larga/media,41.489019,-2.525375
84103,TARDELCUENDE,Media distancia,42,TARDELCUENDE,2.0,Renfe Data GTFS alta/larga/media,41.593525,-2.639337
84104,QUINTANA REDONDA,Media distancia,42,QUINTANA REDONDA,2.0,Renfe Data GTFS alta/larga/media,41.639726,-2.609682
82100,SORIA,Media distancia,42,SORIA,2.0,Renfe Data GTFS alta/larga/media,41.754754,-2.476537
70210,MATILLAS,Media distancia,19,MATILLAS,2.0,Renfe Data GTFS alta/larga/media,40.953808,-2.84326
70208,CARRASCOSA DE HENARES,Media distancia,19,ESPINOSA DE HENARES,2.0,Renfe Data GTFS alta/larga/media,40.90598,-3.014352
70207,ESPINOSA DE HENARES,Media distancia,19,COPERNAL,2.0,Renfe Data GTFS alta/larga/media,40.909686,-3.073157
70300,BAIDES,Media distancia,19,BAIDES,2.0,Renfe Data GTFS alta/larga/media,41.004864,-2.785635
70101,SAN FERNANDO DE HENARES,Media distancia,28,COSLADA,2.0,Renfe Data GTFS alta/larga/media,40.4427805,-3.5339866
70102,TORREJÓN DE ARDOZ,Media distancia,28,TORREJÓN DE ARDOZ,2.0,Renfe Data GTFS alta/larga/media,40.4547895,-3.47973
70107,ALCALÁ DE HENARES-UNIVERSIDAD,Media distancia,28,ALCALÁ DE HENARES,2.0,Renfe Data GTFS alta/larga/media,40.5054303,-3.3353258
70104,MECO,Media distancia,28,MECO,2.0,Renfe Data GTFS alta/larga/media,40.5346731,-3.2986806
70105,AZUQUECA,Media distancia,19,AZUQUECA DE HENARES,2.0,Renfe Data GTFS alta/larga/media,40.561077,-3.265397
70002,ASAMBLEA DE MADRID-ENTREVÍAS,Media distancia,28,MADRID,2.0,Renfe Data GTFS alta/larga/media,40.3818618,-3.6680454
70003,EL POZO,Media distancia,28,MADRID,2.0,Renfe Data GTFS alta/larga/media,40.3760377,-3.6561407
70005,VALLECAS,Media distancia,28,MADRID,2.0,Renfe Data GTFS alta/larga/media,40.382364,-3.623042
70109,SANTA EUGENIA,Media distancia,28,MADRID,2.0,Renfe Data GTFS alta/larga/media,40.3869545,-3.6089855
70100,VICÁLVARO,Media distancia,28,MADRID,2.0,Renfe Data GTFS alta/larga/media,40.4012524,-3.595897
70108,COSLADA,Media distancia,28,COSLADA,2.0,Renfe Data GTFS alta/larga/media,40.423237,-3.5611109
70112,SOTO DEL HENARES,Media distancia,28,YUNQUERA DE HENARES,2.0,Renfe Data GTFS alta/larga/media,40.463964,-3.4414076
70111,LA GARENA,Media distancia,28,ALCALÁ DE HENARES,2.0,Renfe Data GTFS alta/larga/media,40.4805448,-3.3930055
35109,MONTEARAGÓN,Media distancia,45,MONTEARAGÓN,2.0,Renfe Data GTFS alta/larga/media,39.960996,-4.647093
37604,GUADIANA,Media distancia,06,GUADIANA DEL CAUDILLO,2.0,Renfe Data GTFS alta/larga/media,38.922099,-6.689998
37608,MONTIJO-EL MOLINO,Media distancia,06,MONTIJO,2.0,Renfe Data GTFS alta/larga/media,38.913973,-6.618281
37603,MONTIJO,Media distancia,06,MONTIJO,2.0,Renfe Data GTFS alta/larga/media,38.913539,-6.598577
37611,GARROVILLA-LAS VEGAS,Media distancia,06,GARROVILLA (LA),2.0,Renfe Data GTFS alta/larga/media,38.915763,-6.47408
37410,GUAREÑA,Media distancia,06,GUAREÑA,2.0,Renfe Data GTFS alta/larga/media,38.896749,-6.128842
37409,VALDETORRES,Media distancia,06,VALDETORRES,2.0,Renfe Data GTFS alta/larga/media,38.913301,-6.069407
37407,DON BENITO,Media distancia,06,DON BENITO,2.0,Renfe Data GTFS alta/larga/media,38.96695,-5.862923
37406,VILLANUEVA DE LA SERENA,Media distancia,06,VILLANUEVA DE LA SERENA,2.0,Renfe Data GTFS alta/larga/media,38.96886,-5.7965
37404,CAMPANARIO,Media distancia,06,CAMPANARIO,2.0,Renfe Data GTFS alta/larga/media,38.853395,-5.641415
37402,CASTUERA,Media distancia,06,CASTUERA,2.0,Renfe Data GTFS alta/larga/media,38.735021,-5.541637
37400,ALMORCHÓN,Media distancia,06,CABEZA DEL BUEY,2.0,Renfe Data GTFS alta/larga/media,38.696631,-5.290496
37311,CABEZA DEL BUEY,Media distancia,06,CABEZA DEL BUEY,2.0,Renfe Data GTFS alta/larga/media,38.72389,-5.227067
40008,ZAFRA FERIA,Media distancia,06,ZAFRA,2.0,Renfe Data GTFS alta/larga/media,38.424403,-6.410084
40006,LOS SANTOS DE MAIMONA,Media distancia,06,SANTOS DE MAIMONA (LOS),2.0,Renfe Data GTFS alta/larga/media,38.449724,-6.361749
40005,VILLAFRANCA DE LOS BARROS,Media distancia,06,VILLAFRANCA DE LOS BARROS,2.0,Renfe Data GTFS alta/larga/media,38.564402,-6.352048
40004,ALMENDRALEJO,Media distancia,06,ALMENDRALEJO,2.0,Renfe Data GTFS alta/larga/media,38.684662,-6.399815
40002,CALAMONTE,Media distancia,06,CALAMONTE,2.0,Renfe Data GTFS alta/larga/media,38.886931,-6.382965
40105,LLERENA,Media distancia,06,LLERENA,2.0,Renfe Data GTFS alta/larga/media,38.237,-6.009017
40107,FUENTE DEL ARCO,Media distancia,06,FUENTE DEL ARCO,2.0,Renfe Data GTFS alta/larga/media,38.16353,-5.900484
40108,GUADALCANAL,Media distancia,41,GUADALCANAL,2.0,Renfe Data GTFS alta/larga/media,38.090197,-5.803388
40113,CAZALLA-CONSTANTINA,Media distancia,41,CONSTANTINA,2.0,Renfe Data GTFS alta/larga/media,37.9328637,-5.704433
40115,PEDROSO,Media distancia,41,PEDROSO (EL),2.0,Renfe Data GTFS alta/larga/media,37.8373919,-5.7624522
40119,VILLANUEVA DEL RÍO-MINAS,Media distancia,41,VILLANUEVA DEL RÍO Y MINAS,2.0,Renfe Data GTFS alta/larga/media,37.6617048,-5.7121543
40122,TOCINA,Media distancia,41,TOCINA,2.0,Renfe Data GTFS alta/larga/media,37.6093044,-5.7316939
50700,LOS ROSALES,Media distancia,41,TOCINA,2.0,Renfe Data GTFS alta/larga/media,37.5899718,-5.7261208
11009,VILLAQUIRÁN,Media distancia,09,VILLAQUIRÁN DE LOS INFANTES,2.0,Renfe Data GTFS alta/larga/media,42.215717,-3.999396
11006,QUINTANA DEL PUENTE,Media distancia,34,QUINTANA DEL PUENTE,2.0,Renfe Data GTFS alta/larga/media,42.079974,-4.19858
11004,MAGAZ,Media distancia,34,MAGAZ DE PISUERGA,2.0,Renfe Data GTFS alta/larga/media,41.976561,-4.432114
60402,CAMPO DE CRIPTANA,Media distancia,13,CAMPO DE CRIPTANA,2.0,Renfe Data GTFS alta/larga/media,39.394343,-3.117746
60406,SOCUÉLLAMOS,Media distancia,13,SOCUÉLLAMOS,2.0,Renfe Data GTFS alta/larga/media,39.278776,-2.775571
60500,VILLARROBLEDO,Media distancia,02,VILLARROBLEDO,2.0,Renfe Data GTFS alta/larga/media,39.260868,-2.598621
60503,MINAYA,Media distancia,02,MINAYA,2.0,Renfe Data GTFS alta/larga/media,39.240738,-2.348403
60505,LA RODA DE ALBACETE,Media distancia,02,RODA (LA),2.0,Renfe Data GTFS alta/larga/media,39.199594,-2.162547
60507,LA GINETA,Media distancia,02,GINETA (LA),2.0,Renfe Data GTFS alta/larga/media,39.111665,-2.000155
50102,VALDEPEÑAS,Media distancia,13,VALDEPEÑAS,2.0,Renfe Data GTFS alta/larga/media,38.762868,-3.39572
50200,SANTA CRUZ DE MUDELA,Media distancia,13,SANTA CRUZ DE MUDELA,2.0,Renfe Data GTFS alta/larga/media,38.644428,-3.451493
50202,ALMURADIEL-VISO DEL MARQUÉS,Media distancia,13,ALMURADIEL,2.0,Renfe Data GTFS alta/larga/media,38.514267,-3.501935
50207,VILCHES,Media distancia,23,VILCHES,2.0,Renfe Data GTFS alta/larga/media,38.215742,-3.517576
50300,LINARES-BAEZA,Media distancia,23,LINARES,2.0,Renfe Data GTFS alta/larga/media,38.068864,-3.589396
03001,MENGÍBAR-ARTICHUELA,Media distancia,23,MENGÍBAR,2.0,Renfe Data GTFS alta/larga/media,37.978219,-3.803308
60206,TEMBLEQUE,Media distancia,45,TEMBLEQUE,2.0,Renfe Data GTFS alta/larga/media,39.722958,-3.497354
60207,EL ROMERAL,Media distancia,45,ROMERAL (EL),2.0,Renfe Data GTFS alta/larga/media,39.694516,-3.430502
65401,CAMP-REDÓ,Media distancia,43,TORTOSA,2.0,Renfe Data GTFS alta/larga/media,40.7591556,0.55584433
65403,CAMARLES-DELTEBRE,Media distancia,43,CAMARLES,2.0,Renfe Data GTFS alta/larga/media,40.7747633,0.67176095
65404,L'AMPOLLA-EL PERELLÓ-DELTEBRE,Media distancia,43,AMPOLLA (L'),2.0,Renfe Data GTFS alta/larga/media,40.8119898,0.70826336
65405,L'AMETLLA DE MAR,Media distancia,43,AMETLLA DE MAR (L'),2.0,Renfe Data GTFS alta/larga/media,40.8862,0.80045321
65420,L'HOSPITALET DE L'INFANT,Media distancia,43,VANDELLÒS I L'HOSPITALET DE L'INFANT,2.0,Renfe Data GTFS alta/larga/media,40.99939,0.91253887
65422,CAMBRILS,Media distancia,43,CAMBRILS,2.0,Renfe Data GTFS alta/larga/media,41.0815642,1.04603752
81106,FÉCULAS-NAVARRA,Media distancia,31,LODOSA,2.0,Renfe Data GTFS alta/larga/media,42.411148,-2.098196
60901,CAUDETE,Media distancia,02,CAUDETE,2.0,Renfe Data GTFS alta/larga/media,38.716163,-0.959727
14223,SANTANDER,Media distancia,39,SANTANDER,2.0,Renfe Data GTFS alta/larga/media,43.4583981,-3.8109529
14230,VALDECILLA,Media distancia,39,SANTANDER,2.0,Renfe Data GTFS alta/larga/media,43.4540888,-3.8277628
14220,MALIAÑO,Media distancia,39,CAMARGO,2.0,Renfe Data GTFS alta/larga/media,43.4161415,-3.8410762
14216,RENEDO,Media distancia,39,PIÉLAGOS,2.0,Renfe Data GTFS alta/larga/media,43.3531069,-3.9496471
14213,TORRELAVEGA,Media distancia,39,TORRELAVEGA,2.0,Renfe Data GTFS alta/larga/media,43.3276776,-4.0426871
14210,LOS CORRALES DE BUELNA,Media distancia,39,CORRALES DE BUELNA (LOS),2.0,Renfe Data GTFS alta/larga/media,43.2551009,-4.0639472
14206,BÁRCENA,Media distancia,39,BÁRCENA DE PIE DE CONCHA,2.0,Renfe Data GTFS alta/larga/media,43.1287054,-4.053473
14202,REINOSA,Media distancia,39,REINOSA,2.0,Renfe Data GTFS alta/larga/media,42.9944991,-4.1409454
14200,MATAPORQUERA,Media distancia,39,VALDEOLEA,2.0,Renfe Data GTFS alta/larga/media,42.870901,-4.165406
14115,QUINTANILLA DE LAS TORRES,Media distancia,34,POMAR DE VALDIVIA,2.0,Renfe Data GTFS alta/larga/media,42.81903,-4.202753
14114,AGUILAR DE CAMPOO,Media distancia,34,AGUILAR DE CAMPOO,2.0,Renfe Data GTFS alta/larga/media,42.785362,-4.233899
14113,MAVE,Media distancia,34,AGUILAR DE CAMPOO,2.0,Renfe Data GTFS alta/larga/media,42.723726,-4.27616
14112,ALAR DEL REY,Media distancia,34,ALAR DEL REY,2.0,Renfe Data GTFS alta/larga/media,42.656837,-4.311372
14111,HERRERA DE PISUERGA,Media distancia,34,HERRERA DE PISUERGA,2.0,Renfe Data GTFS alta/larga/media,42.598477,-4.316683
14108,ESPINOSA DE VILLAGONZALO,Media distancia,34,ESPINOSA DE VILLAGONZALO,2.0,Renfe Data GTFS alta/larga/media,42.452373,-4.367811
14107,OSORNO,Media distancia,34,OSORNO LA MAYOR,2.0,Renfe Data GTFS alta/larga/media,42.415077,-4.357367
14104,FRÓMISTA,Media distancia,34,FRÓMISTA,2.0,Renfe Data GTFS alta/larga/media,42.2649,-4.402433
14103,PIÑA,Media distancia,34,PIÑA DE CAMPOS,2.0,Renfe Data GTFS alta/larga/media,42.211747,-4.434689
14102,AMUSCO,Media distancia,34,AMUSCO,2.0,Renfe Data GTFS alta/larga/media,42.178019,-4.480743
14117,EL CARRIÓN,Media distancia,34,MONZÓN DE CAMPOS,2.0,Renfe Data GTFS alta/larga/media,42.1166417,-4.500692
14101,MONZÓN DE CAMPOS,Media distancia,34,MONZÓN DE CAMPOS,2.0,Renfe Data GTFS alta/larga/media,42.105538,-4.501677
15014,SANTAS MARTAS,Media distancia,24,SANTAS MARTAS,2.0,Renfe Data GTFS alta/larga/media,42.460004,-5.386777
15006,CISNEROS,Media distancia,34,CISNEROS,2.0,Renfe Data GTFS alta/larga/media,42.19112,-4.850249
32002,EL CARPIO,Media distancia,47,CARPIO,2.0,Renfe Data GTFS alta/larga/media,41.215464,-5.114466
32003,FRESNO EL VIEJO,Media distancia,47,FRESNO EL VIEJO,2.0,Renfe Data GTFS alta/larga/media,41.191351,-5.138061
32004,CANTALAPIEDRA,Media distancia,37,CANTALAPIEDRA,2.0,Renfe Data GTFS alta/larga/media,41.133585,-5.182961
32006,EL PEDROSO DE LA ARMUÑA,Media distancia,37,PEDROSO DE LA ARMUÑA (EL),2.0,Renfe Data GTFS alta/larga/media,41.079901,-5.406019
32007,PITIEGUA,Media distancia,37,PITIEGUA,2.0,Renfe Data GTFS alta/larga/media,41.063741,-5.474174
32008,GOMECELLO,Media distancia,37,GOMECELLO,2.0,Renfe Data GTFS alta/larga/media,41.041859,-5.541551
32009,MORISCOS,Media distancia,37,MORISCOS,2.0,Renfe Data GTFS alta/larga/media,41.011633,-5.584713
30100,SALAMANCA,Media distancia,37,SALAMANCA,2.0,Renfe Data GTFS alta/larga/media,40.972235,-5.64899
30110,SALAMANCA-LA ALAMEDILLA,Media distancia,37,SALAMANCA,2.0,Renfe Data GTFS alta/larga/media,40.966763,-5.656366
32001,CAMPILLO,Media distancia,47,CAMPILLO (EL),2.0,Renfe Data GTFS alta/larga/media,41.259509,-5.017791
31200,PUEBLA DE SANABRIA,Media distancia,49,PUEBLA DE SANABRIA,2.0,Renfe Data GTFS alta/larga/media,42.045763,-6.626848
31112,LINAREJOS-PEDROSO,Media distancia,49,MANZANAL DE ARRIBA,2.0,Renfe Data GTFS alta/larga/media,41.946963,-6.484541
31109,CABAÑAS DE ALISTE,Media distancia,49,SAN VICENTE DE LA CABEZA,2.0,Renfe Data GTFS alta/larga/media,41.854595,-6.24635
31108,SARRACÍN DE ALISTE,Media distancia,49,RIOFRÍO DE ALISTE,2.0,Renfe Data GTFS alta/larga/media,41.848497,-6.20513
31107,ABEJERA,Media distancia,49,RIOFRÍO DE ALISTE,2.0,Renfe Data GTFS alta/larga/media,41.80942,-6.141851
31106,FERRERUELA DE TÁBARA,Media distancia,49,FERRERUELA DE HUERVA,2.0,Renfe Data GTFS alta/larga/media,41.764106,-6.0739
31104,CARBAJALES DE ALBA,Media distancia,49,CARBAJALES DE ALBA,2.0,Renfe Data GTFS alta/larga/media,41.681542,-5.971906
30200,ZAMORA,Media distancia,49,ZAMORA,2.0,Renfe Data GTFS alta/larga/media,41.515892,-5.739675
31006,TORO,Media distancia,49,TORO,2.0,Renfe Data GTFS alta/larga/media,41.512201,-5.384953
31002,NAVA DEL REY,Media distancia,47,NAVA DEL REY,2.0,Renfe Data GTFS alta/larga/media,41.334716,-5.076818
37300,PUERTOLLANO,Media distancia,13,PUERTOLLANO,2.0,Renfe Data GTFS alta/larga/media,38.69128,-4.111655
37302,BRAZATORTAS-VEREDAS,Media distancia,13,BRAZATORTAS,2.0,Renfe Data GTFS alta/larga/media,38.668758,-4.316468
37305,ALMADENEJOS-ALMADÉN,Media distancia,13,ALMADENEJOS,2.0,Renfe Data GTFS alta/larga/media,38.740578,-4.730387
37308,GUADALMEZ-LOS PEDROCHES,Media distancia,13,GUADALMEZ,2.0,Renfe Data GTFS alta/larga/media,38.69921,-4.929771
67200,TERUEL,Media distancia,44,TERUEL,2.0,Renfe Data GTFS alta/larga/media,40.341029,-1.110284
67107,CELLA,Media distancia,44,CELLA,2.0,Renfe Data GTFS alta/larga/media,40.455266,-1.244329
67105,SANTA EULALIA DEL CAMPO,Media distancia,44,SANTA EULALIA,2.0,Renfe Data GTFS alta/larga/media,40.572917,-1.312995
67103,VILLAFRANCA DEL CAMPO,Media distancia,44,VILLAFRANCA DEL CAMPO,2.0,Renfe Data GTFS alta/larga/media,40.683827,-1.357927
67113,MONREAL DEL CAMPO,Media distancia,44,MONREAL DEL CAMPO,2.0,Renfe Data GTFS alta/larga/media,40.782321,-1.360792
67101,TORRIJO DEL CAMPO,Media distancia,44,TORRIJO DEL CAMPO,2.0,Renfe Data GTFS alta/larga/media,40.826012,-1.340498
67100,CAMINREAL-FUENTES CLARAS,Media distancia,44,CAMINREAL,2.0,Renfe Data GTFS alta/larga/media,40.85111,-1.33765
67021,CALAMOCHA,Media distancia,44,CALAMOCHA,2.0,Renfe Data GTFS alta/larga/media,40.903864,-1.299841
67010,CARIÑENA,Media distancia,50,CARIÑENA,2.0,Renfe Data GTFS alta/larga/media,41.335586,-1.228422
67009,LONGARES,Media distancia,50,LONGARES,2.0,Renfe Data GTFS alta/larga/media,41.404787,-1.158791
67007,ARAÑALES DE MUEL,Media distancia,50,MUEL,2.0,Renfe Data GTFS alta/larga/media,41.468946,-1.086394
67004,MARÍA DE HUERVA,Media distancia,50,MARÍA DE HUERVA,2.0,Renfe Data GTFS alta/larga/media,41.539759,-0.998082
67020,NAVARRETE,Media distancia,44,CALAMOCHA,2.0,Renfe Data GTFS alta/larga/media,40.936721,-1.261733
67019,LECHAGO,Media distancia,44,CALAMOCHA,2.0,Renfe Data GTFS alta/larga/media,40.957681,-1.269087
67018,CUENCABUENA,Media distancia,44,CALAMOCHA,2.0,Renfe Data GTFS alta/larga/media,41.009293,-1.254641
67017,FERRERUELA,Media distancia,44,FERRERUELA DE HUERVA,2.0,Renfe Data GTFS alta/larga/media,41.06387,-1.239384
67016,VILLAHERMOSA,Media distancia,44,VILLAHERMOSA DEL CAMPO,2.0,Renfe Data GTFS alta/larga/media,41.108492,-1.239803
67015,BADULES,Media distancia,50,BADULES,2.0,Renfe Data GTFS alta/larga/media,41.13951,-1.251572
67014,VILLADOZ,Media distancia,50,VILLADOZ,2.0,Renfe Data GTFS alta/larga/media,41.165482,-1.279339
67013,VILLARREAL DE HUERVA,Media distancia,50,VILLARREAL DE HUERVA,2.0,Renfe Data GTFS alta/larga/media,41.196498,-1.287096
67011,ENCINACORBA,Media distancia,50,ENCINACORBA,2.0,Renfe Data GTFS alta/larga/media,41.28865,-1.278534
67215,SEGORBE-CIUDAD,Media distancia,12,SEGORBE,2.0,Renfe Data GTFS alta/larga/media,39.8471755,-0.4823544
67208,BARRACAS,Media distancia,12,BARRACAS,2.0,Renfe Data GTFS alta/larga/media,40.01174,-0.696151
67207,RUBIELOS DE MORA,Media distancia,44,RUBIELOS DE MORA,2.0,Renfe Data GTFS alta/larga/media,40.118006,-0.773463
67206,MORA DE RUBIELOS,Media distancia,44,ALBENTOSA,2.0,Renfe Data GTFS alta/larga/media,40.123142,-0.786145
67205,SARRIÓN,Media distancia,44,SARRIÓN,2.0,Renfe Data GTFS alta/larga/media,40.146339,-0.823631
67203,PUEBLA DE VALVERDE,Media distancia,44,PUEBLA DE VALVERDE (LA),2.0,Renfe Data GTFS alta/larga/media,40.213424,-0.944674
14211,LAS CALDAS DE BESAYA,Media distancia,39,CORRALES DE BUELNA (LOS),2.0,Renfe Data GTFS alta/larga/media,43.2985945,-4.073252
70403,ARCOS DE JALÓN,Media distancia,42,ARCOS DE JALÓN,2.0,Renfe Data GTFS alta/larga/media,41.215854,-2.278998
70404,SANTA MARÍA DE HUERTA,Media distancia,42,SANTA MARÍA DE HUERTA,2.0,Renfe Data GTFS alta/larga/media,41.264421,-2.177525
70405,MONREAL DE ARIZA,Media distancia,50,MONREAL DE ARIZA,2.0,Renfe Data GTFS alta/larga/media,41.298767,-2.110448
70500,ARIZA,Media distancia,50,ARIZA,2.0,Renfe Data GTFS alta/larga/media,41.3098,-2.059411
70501,CETINA,Media distancia,50,CETINA,2.0,Renfe Data GTFS alta/larga/media,41.295978,-1.961811
70502,ALHAMA DE ARAGÓN,Media distancia,50,ALHAMA DE ARAGÓN,2.0,Renfe Data GTFS alta/larga/media,41.294398,-1.904454
70504,ATECA,Media distancia,50,ATECA,2.0,Renfe Data GTFS alta/larga/media,41.324659,-1.785268
70505,TERRER,Media distancia,50,TERRER,2.0,Renfe Data GTFS alta/larga/media,41.322218,-1.709254
70600,CALATAYUD,Media distancia,50,CALATAYUD,2.0,Renfe Data GTFS alta/larga/media,41.346692,-1.63868
70700,RICLA-LA ALMUNIA,Media distancia,50,RICLA,2.0,Renfe Data GTFS alta/larga/media,41.501394,-1.40345
70503,BUBIERCA,Media distancia,50,BUBIERCA,2.0,Renfe Data GTFS alta/larga/media,41.31719,-1.855198
34010,PEÑARANDA DE BRACAMONTE,Media distancia,37,PEÑARANDA DE BRACAMONTE,2.0,Renfe Data GTFS alta/larga/media,40.898138,-5.206361
34002,CARDEÑOSA DE ÁVILA,Media distancia,05,CARDEÑOSA,2.0,Renfe Data GTFS alta/larga/media,40.73912,-4.75075
34005,SAN PEDRO DEL ARROYO,Media distancia,05,SAN PEDRO DEL ARROYO,2.0,Renfe Data GTFS alta/larga/media,40.803841,-4.871407
34007,CRESPOS,Media distancia,05,CRESPOS,2.0,Renfe Data GTFS alta/larga/media,40.87011,-4.96803
34008,NARROS DEL CASTILLO,Media distancia,05,NARROS DEL CASTILLO,2.0,Renfe Data GTFS alta/larga/media,40.866641,-5.052869
34011,VILLAR DE GALLIMAZO,Media distancia,37,VILLAR DE GALLIMAZO,2.0,Renfe Data GTFS alta/larga/media,40.951981,-5.296183
34012,BABILAFUENTE,Media distancia,37,BABILAFUENTE,2.0,Renfe Data GTFS alta/larga/media,40.972426,-5.430593
34013,SAN MORALES,Media distancia,37,SAN MORALES,2.0,Renfe Data GTFS alta/larga/media,40.984243,-5.492955
34014,ALDEALENGUA,Media distancia,37,ALDEALENGUA,2.0,Renfe Data GTFS alta/larga/media,40.97989,-5.552951
70202,YUNQUERA DE HENARES,Media distancia,19,YUNQUERA DE HENARES,2.0,Renfe Data GTFS alta/larga/media,40.747013,-3.163226
70204,HUMANES DE MOHERNANDO,Media distancia,19,HUMANES,2.0,Renfe Data GTFS alta/larga/media,40.831273,-3.13886
70401,MEDINACELI,Media distancia,42,MEDINACELI,2.0,Renfe Data GTFS alta/larga/media,41.165207,-2.421241
55001,CAMPILLOS,Media distancia,29,CAMPILLOS,2.0,Renfe Data GTFS alta/larga/media,37.032231,-4.863499
55003,ALMARGEN-CAÑETE LA REAL,Media distancia,29,ALMARGEN,2.0,Renfe Data GTFS alta/larga/media,37.000985,-5.020111
55005,SETENIL,Media distancia,11,SETENIL DE LAS BODEGAS,2.0,Renfe Data GTFS alta/larga/media,36.863423,-5.121375
55008,ARRIATE,Media distancia,29,ARRIATE,2.0,Renfe Data GTFS alta/larga/media,36.7905949,-5.140757
55010,BENAOJÁN-MONTEJAQUE,Media distancia,29,BENAOJÁN,2.0,Renfe Data GTFS alta/larga/media,36.713753,-5.246366
55011,JIMERA DE LÍBAR,Media distancia,29,JIMERA DE LÍBAR,2.0,Renfe Data GTFS alta/larga/media,36.660678,-5.281473
55012,CORTES DE LA FRONTERA,Media distancia,29,CORTES DE LA FRONTERA,2.0,Renfe Data GTFS alta/larga/media,36.597364,-5.332784
55013,GAUCÍN,Media distancia,29,CORTES DE LA FRONTERA,2.0,Renfe Data GTFS alta/larga/media,36.540372,-5.386825
55014,SAN PABLO,Media distancia,11,JIMENA DE LA FRONTERA,2.0,Renfe Data GTFS alta/larga/media,36.467952,-5.418921
55015,JIMENA DE LA FRONTERA,Media distancia,11,JIMENA DE LA FRONTERA,2.0,Renfe Data GTFS alta/larga/media,36.4242,-5.434113
55017,ALMORAIMA,Media distancia,11,CASTELLAR DE LA FRONTERA,2.0,Renfe Data GTFS alta/larga/media,36.27751,-5.430529
55019,LOS BARRIOS,Media distancia,11,BARRIOS (LOS),2.0,Renfe Data GTFS alta/larga/media,36.173998,-5.460801
70701,CALATORAO,Media distancia,50,CALATORAO,2.0,Renfe Data GTFS alta/larga/media,41.528692,-1.360545
70702,SALILLAS DE JALÓN,Media distancia,50,SALILLAS DE JALÓN,2.0,Renfe Data GTFS alta/larga/media,41.56794,-1.325848
70703,ÉPILA,Media distancia,50,ÉPILA,2.0,Renfe Data GTFS alta/larga/media,41.60933,-1.301043
70706,GRISÉN,Media distancia,50,GRISÉN,2.0,Renfe Data GTFS alta/larga/media,41.745261,-1.165924
70603,PARACUELLOS-SABIÑÁN,Media distancia,50,PARACUELLOS DE LA RIBERA,2.0,Renfe Data GTFS alta/larga/media,41.42931,-1.567483
70602,EMBID DE JALÓN,Media distancia,50,CALATAYUD,2.0,Renfe Data GTFS alta/larga/media,41.421676,-1.592127
70604,SABIÑÁN,Media distancia,50,SABIÑÁN,2.0,Renfe Data GTFS alta/larga/media,41.443981,-1.571474
70605,MORÉS,Media distancia,50,MORÉS,2.0,Renfe Data GTFS alta/larga/media,41.478667,-1.566238
70606,PURROY,Media distancia,50,MORÉS,2.0,Renfe Data GTFS alta/larga/media,41.477236,-1.540446
70607,MORATA DE JALÓN,Media distancia,50,MORATA DE JALÓN,2.0,Renfe Data GTFS alta/larga/media,41.475467,-1.479721
69010,COCENTAINA,Media distancia,03,COCENTAINA,2.0,Renfe Data GTFS alta/larga/media,38.740618,-0.446789
69009,AGRES,Media distancia,03,AGRES,2.0,Renfe Data GTFS alta/larga/media,38.796829,-0.521744
69007,AGULLENT,Media distancia,46,AGULLENT,2.0,Renfe Data GTFS alta/larga/media,38.830569,-0.551183
69005,BUFALÍ,Media distancia,46,BUFALI,2.0,Renfe Data GTFS alta/larga/media,38.867405,-0.510478
69004,MONTABERNER,Media distancia,46,MONTAVERNER,2.0,Renfe Data GTFS alta/larga/media,38.884135,-0.491619
69003,LA POBLA DEL DUC,Media distancia,46,POBLA DEL DUC (LA),2.0,Renfe Data GTFS alta/larga/media,38.907606,-0.453386
69001,GENOVÉS,Media distancia,46,GENOVÉS,2.0,Renfe Data GTFS alta/larga/media,38.98773,-0.47988
70704,RUEDA DE JALÓN-LUMPIAQUE,Media distancia,50,RUEDA DE JALÓN,2.0,Renfe Data GTFS alta/larga/media,41.638892,-1.281667
70705,PLASENCIA DE JALÓN,Media distancia,50,PLASENCIA DE JALÓN,2.0,Renfe Data GTFS alta/larga/media,41.68935,-1.234237
65400,TORTOSA,Alta velocidad,43,TORTOSA,2.0,Renfe Data GTFS alta/larga/media,40.807333,0.5230136
65402,L'ALDEA-AMPOSTA-TORTOSA,Alta velocidad,43,ALDEA (L'),2.0,Renfe Data GTFS alta/larga/media,40.753564,0.61430923
65404,L'AMPOLLA-EL PERELLÓ-DELTEBRE,Alta velocidad,43,AMPOLLA (L'),2.0,Renfe Data GTFS alta/larga/media,40.8119898,0.70826336
65405,L'AMETLLA DE MAR,Alta velocidad,43,AMETLLA DE MAR (L'),2.0,Renfe Data GTFS alta/larga/media,40.8862,0.80045321
65420,L'HOSPITALET DE L'INFANT,Alta velocidad,43,VANDELLÒS I L'HOSPITALET DE L'INFANT,2.0,Renfe Data GTFS alta/larga/media,40.99939,0.91253887
65422,CAMBRILS,Alta velocidad,43,CAMBRILS,2.0,Renfe Data GTFS alta/larga/media,41.0815642,1.04603752
56004,JÓDAR-ÚBEDA,Media distancia,23,JÓDAR,2.0,Renfe Data GTFS alta/larga/media,37.913343,-3.34892
56009,CABRA DEL SANTO CRISTO Y ALICÚN,Media distancia,23,CABRA DEL SANTO CRISTO,2.0,Renfe Data GTFS alta/larga/media,37.6567129,-3.262623
56100,MOREDA,Media distancia,18,MORELÁBOR,2.0,Renfe Data GTFS alta/larga/media,37.431216,-3.310516
81002,HARO,Media distancia,26,HARO,2.0,Renfe Data GTFS alta/larga/media,42.583635,-2.849396
99117,OURENSE TURÍSTICO,Media distancia,32,OURENSE,2.0,Renfe Data GTFS alta/larga/media,42.350389,-7.872777
05193,RIBADEO,Media distancia,27,RIBADEO,2.0,Renfe Data GTFS alta/larga/media,43.53607,-7.055572
05191,RINLO,Media distancia,27,RIBADEO,2.0,Renfe Data GTFS alta/larga/media,43.549761,-7.108645
05189,OS CASTROS,Media distancia,27,RIBADEO,2.0,Renfe Data GTFS alta/larga/media,43.55157,-7.130895
05187,ESTEIRO,Media distancia,27,RIBADEO,2.0,Renfe Data GTFS alta/larga/media,43.551697,-7.146099
05185,REINANTE,Media distancia,27,BARREIROS,2.0,Renfe Data GTFS alta/larga/media,43.54987,-7.174315
05183,BARREIROS,Media distancia,27,BARREIROS,2.0,Renfe Data GTFS alta/larga/media,43.547366,-7.225287
05181,FOZ,Media distancia,27,FOZ,2.0,Renfe Data GTFS alta/larga/media,43.560886,-7.272235
05179,MARZÁN,Media distancia,27,FOZ,2.0,Renfe Data GTFS alta/larga/media,43.57475,-7.26936
05177,FAZOURO,Media distancia,27,FOZ,2.0,Renfe Data GTFS alta/larga/media,43.600457,-7.299843
05175,NOIS,Media distancia,27,FOZ,2.0,Renfe Data GTFS alta/larga/media,43.610309,-7.312222
05173,CANGAS DE FOZ,Media distancia,27,FOZ,2.0,Renfe Data GTFS alta/larga/media,43.626106,-7.333309
05171,BURELA,Media distancia,27,BURELA,2.0,Renfe Data GTFS alta/larga/media,43.660607,-7.361183
05169,MADEIRO,Media distancia,27,CERVO,2.0,Renfe Data GTFS alta/larga/media,43.686219,-7.412863
05167,SAN CIBRAO,Media distancia,27,CERVO,2.0,Renfe Data GTFS alta/larga/media,43.692319,-7.44177
05165,BIDUEIROS,Media distancia,27,CERVO,2.0,Renfe Data GTFS alta/larga/media,43.696712,-7.468843
05163,LAGO,Media distancia,27,XOVE,2.0,Renfe Data GTFS alta/larga/media,43.687108,-7.481942
05161,XOVE,Media distancia,27,XOVE,2.0,Renfe Data GTFS alta/larga/media,43.681138,-7.495251
05159,XOVE POBO,Media distancia,27,XOVE,2.0,Renfe Data GTFS alta/larga/media,43.683567,-7.510921
05157,XUANCES,Media distancia,27,XOVE,2.0,Renfe Data GTFS alta/larga/media,43.687991,-7.553904
05156,VIVEIRO APEADERO,Media distancia,27,VIVEIRO,2.0,Renfe Data GTFS alta/larga/media,43.661435,-7.594532
05155,VIVEIRO,Media distancia,27,VIVEIRO,2.0,Renfe Data GTFS alta/larga/media,43.6569,-7.60033
05153,COVAS DE VIVEIRO,Media distancia,27,VIVEIRO,2.0,Renfe Data GTFS alta/larga/media,43.670275,-7.614613
05151,FOLGUEIRO,Media distancia,27,VICEDO (O),2.0,Renfe Data GTFS alta/larga/media,43.692766,-7.635048
05149,MOSENDE,Media distancia,27,VICEDO (O),2.0,Renfe Data GTFS alta/larga/media,43.706194,-7.635477
05147,O VICEDO,Media distancia,27,VICEDO (O),2.0,Renfe Data GTFS alta/larga/media,43.731026,-7.673215
05145,O BARQUEIRO,Media distancia,15,MAÑÓN,2.0,Renfe Data GTFS alta/larga/media,43.735649,-7.70288
05143,LOIBA,Media distancia,15,ORTIGUEIRA,2.0,Renfe Data GTFS alta/larga/media,43.730393,-7.750044
05141,ESPASANTE,Media distancia,15,ORTIGUEIRA,2.0,Renfe Data GTFS alta/larga/media,43.70888,-7.804897
05139,ORTIGUEIRA,Media distancia,15,ORTIGUEIRA,2.0,Renfe Data GTFS alta/larga/media,43.6862217,-7.8495738
05137,SENRA,Media distancia,15,ORTIGUEIRA,2.0,Renfe Data GTFS alta/larga/media,43.668793,-7.8545534
05135,SAN CLODIO,Media distancia,15,RIBAS DE SIL,2.0,Renfe Data GTFS alta/larga/media,43.6609443,-7.873478
05133,PONTE MERA,Media distancia,15,ORTIGUEIRA,2.0,Renfe Data GTFS alta/larga/media,43.666038,-7.9026205
05131,SANTA MARÍA DE MERA,Media distancia,15,ORTIGUEIRA,2.0,Renfe Data GTFS alta/larga/media,43.6409288,-7.9161904
05129,A CUQUEIRA,Media distancia,15,CERDIDO,2.0,Renfe Data GTFS alta/larga/media,43.6078292,-7.9219389
05127,CERDIDO,Media distancia,15,CERDIDO,2.0,Renfe Data GTFS alta/larga/media,43.5873426,-7.9343099
05125,ENTRAMBARRÍAS,Media distancia,15,MOECHE,2.0,Renfe Data GTFS alta/larga/media,43.5770633,-7.9542644
05123,LABACENGOS,Media distancia,15,MOECHE,2.0,Renfe Data GTFS alta/larga/media,43.5652707,-7.9801882
05121,MOECHE,Media distancia,15,MOECHE,2.0,Renfe Data GTFS alta/larga/media,43.562132,-8.0027572
05119,APALLA,Media distancia,15,SAN SADURNIÑO,2.0,Renfe Data GTFS alta/larga/media,43.550457,-8.0186188
05117,LAMAS,Media distancia,15,SAN SADURNIÑO,2.0,Renfe Data GTFS alta/larga/media,43.5473064,-8.0490166
05115,SAN SADURNIÑO,Media distancia,15,SAN SADURNIÑO,2.0,Renfe Data GTFS alta/larga/media,43.5460838,-8.0781099
05113,PEDROSO DE NARÓN,Media distancia,15,NARÓN,2.0,Renfe Data GTFS alta/larga/media,43.5367071,-8.1091931
05111,SEDES,Media distancia,15,NARÓN,2.0,Renfe Data GTFS alta/larga/media,43.5426113,-8.1401903
05109,FERRERÍAS,Media distancia,15,NARÓN,2.0,Renfe Data GTFS alta/larga/media,43.5280178,-8.1504359
05107,XUVIA,Media distancia,15,NARÓN,2.0,Renfe Data GTFS alta/larga/media,43.5171911,-8.161282
05106,O PONTO,Media distancia,15,NARÓN,2.0,Renfe Data GTFS alta/larga/media,43.5147757,-8.1777808
05105,PIÑEIROS,Media distancia,15,NARÓN,2.0,Renfe Data GTFS alta/larga/media,43.509483,-8.1839923
05108,O ALTO DO CASTIÑEIRO,Media distancia,15,NARÓN,2.0,Renfe Data GTFS alta/larga/media,43.5031794,-8.1955484
05103,SANTA ICÍA,Media distancia,15,NARÓN,2.0,Renfe Data GTFS alta/larga/media,43.4997707,-8.1999226
05104,VIRXE DO MAR,Media distancia,15,NARÓN,2.0,Renfe Data GTFS alta/larga/media,43.4965254,-8.2048752
05102,SAN XOÁN,Media distancia,15,FERROL,2.0,Renfe Data GTFS alta/larga/media,43.4945654,-8.2142733
05197,VEGADEO PUEBLO,Media distancia,33,VEGADEO,2.0,Renfe Data GTFS alta/larga/media,43.479667,-7.057327
05299,CASTROPOL,Media distancia,33,CASTROPOL,2.0,Renfe Data GTFS alta/larga/media,43.5095861,-7.0147697
05293,TAPIA,Media distancia,33,TAPIA DE CASARIEGO,2.0,Renfe Data GTFS alta/larga/media,43.535026,-6.909329
05291,LA CARIDAD,Media distancia,33,FRANCO (EL),2.0,Renfe Data GTFS alta/larga/media,43.547074,-6.827541
05285,MEDAL,Media distancia,33,COAÑA,2.0,Renfe Data GTFS alta/larga/media,43.545692,-6.752994
05283,NAVIA,Media distancia,33,NAVIA,2.0,Renfe Data GTFS alta/larga/media,43.536802,-6.719425
05279,VILLAPEDRE,Media distancia,33,NAVIA,2.0,Renfe Data GTFS alta/larga/media,43.546723,-6.64587
05275,LUARCA,Media distancia,33,VALDÉS,2.0,Renfe Data GTFS alta/larga/media,43.537949,-6.536617
05271,CANERO,Media distancia,33,VALDÉS,2.0,Renfe Data GTFS alta/larga/media,43.541913,-6.445878
05269,SAN CRISTÓBAL,Media distancia,33,VALDÉS,2.0,Renfe Data GTFS alta/larga/media,43.547225,-6.415264
05267,CADAVEDO,Media distancia,33,VALDÉS,2.0,Renfe Data GTFS alta/larga/media,43.542952,-6.391612
05265,TABLIZO,Media distancia,33,VALDÉS,2.0,Renfe Data GTFS alta/larga/media,43.547253,-6.351225
05263,BALLOTA,Media distancia,33,CUDILLERO,2.0,Renfe Data GTFS alta/larga/media,43.550716,-6.322812
05261,SANTA MARINA,Media distancia,33,CUDILLERO,2.0,Renfe Data GTFS alta/larga/media,43.552674,-6.305181
05259,NOVELLANA,Media distancia,33,CUDILLERO,2.0,Renfe Data GTFS alta/larga/media,43.557795,-6.289593
05255,SOTO DE LUIÑA,Media distancia,33,CUDILLERO,2.0,Renfe Data GTFS alta/larga/media,43.559635,-6.234369
05251,SAN MARTÍN DE LUIÑA,Media distancia,33,CUDILLERO,2.0,Renfe Data GTFS alta/larga/media,43.544753,-6.228702
05249,LA MAGDALENA,Media distancia,33,CUDILLERO,2.0,Renfe Data GTFS alta/larga/media,43.559309,-6.184922
05245,CUDILLERO,Media distancia,33,CUDILLERO,2.0,Renfe Data GTFS alta/larga/media,43.5509259,-6.1519305
05243,MUROS DEL NALÓN,Media distancia,33,MUROS DE NALÓN,2.0,Renfe Data GTFS alta/larga/media,43.5429728,-6.1110718
05325,PRAVIA,Media distancia,33,PRAVIA,2.0,Renfe Data GTFS alta/larga/media,43.4908983,-6.1105373
05323,BEIFAR,Media distancia,33,PRAVIA,2.0,Renfe Data GTFS alta/larga/media,43.4701379,-6.0988707
05321,SAN ROMÁN,Media distancia,33,CANDAMO,2.0,Renfe Data GTFS alta/larga/media,43.4488839,-6.0771641
05320,ACES,Media distancia,33,CANDAMO,2.0,Renfe Data GTFS alta/larga/media,43.4399142,-6.0657983
05319,SANDICHE,Media distancia,33,CANDAMO,2.0,Renfe Data GTFS alta/larga/media,43.4256226,-6.0599341
05317,GRADO,Media distancia,33,GRADO,2.0,Renfe Data GTFS alta/larga/media,43.3945424,-6.0637254
05316,PEÑAFLOR DE GRADO,Media distancia,33,GRADO,2.0,Renfe Data GTFS alta/larga/media,43.4029267,-6.0453921
05315,VEGA DE ANZO,Media distancia,33,GRADO,2.0,Renfe Data GTFS alta/larga/media,43.38933,-6.0056834
05313,SANTA MARÍA DE GRADO,Media distancia,33,GRADO,2.0,Renfe Data GTFS alta/larga/media,43.3842274,-5.9827075
05311,TRUBIA,Media distancia,33,OVIEDO,2.0,Renfe Data GTFS alta/larga/media,43.34857,-5.9677756
05308,SOTO UDRIÓN,Media distancia,33,OVIEDO,2.0,Renfe Data GTFS alta/larga/media,43.3564364,-5.9650157
05306,SAN PEDRO DE NORA,Media distancia,33,OVIEDO,2.0,Renfe Data GTFS alta/larga/media,43.3687481,-5.9585951
05304,SAN CLAUDIO,Media distancia,33,OVIEDO,2.0,Renfe Data GTFS alta/larga/media,43.3553535,-5.9178091
05303,LAS MAZAS,Media distancia,33,OVIEDO,2.0,Renfe Data GTFS alta/larga/media,43.3587192,-5.8975568
05302,LAS CAMPAS,Media distancia,33,OVIEDO,2.0,Renfe Data GTFS alta/larga/media,43.3638889,-5.8833728
05301,ARGAÑOSA-LAVAPIÉS,Media distancia,33,OVIEDO,2.0,Renfe Data GTFS alta/larga/media,43.3658311,-5.870018
05300,VALLOBÍN,Media distancia,33,OVIEDO,2.0,Renfe Data GTFS alta/larga/media,43.3652306,-5.8647984
05199,VILAVEDELLE,Media distancia,33,CASTROPOL,2.0,Renfe Data GTFS alta/larga/media,43.490502,-7.038353
05297,LAS CAMPAS DE CASTROPOL,Media distancia,33,CASTROPOL,2.0,Renfe Data GTFS alta/larga/media,43.5202979,-6.9771022
05295,TOL,Media distancia,33,CASTROPOL,2.0,Renfe Data GTFS alta/larga/media,43.527204,-6.952128
05289,CARTAVIO,Media distancia,33,COAÑA,2.0,Renfe Data GTFS alta/larga/media,43.550714,-6.789622
05287,LOZA,Media distancia,33,COAÑA,2.0,Renfe Data GTFS alta/larga/media,43.551254,-6.771675
05281,PIÑERA-VILLAORIL,Media distancia,33,NAVIA,2.0,Renfe Data GTFS alta/larga/media,43.535685,-6.685414
05277,OTUR,Media distancia,33,VALDÉS,2.0,Renfe Data GTFS alta/larga/media,43.540541,-6.593562
05273,BARCIA,Media distancia,33,VALDÉS,2.0,Renfe Data GTFS alta/larga/media,43.546813,-6.50828
05257,VALDREDO,Media distancia,33,CUDILLERO,2.0,Renfe Data GTFS alta/larga/media,43.56638,-6.263234
05253,SAN COSME,Media distancia,33,CUDILLERO,2.0,Renfe Data GTFS alta/larga/media,43.544069,-6.248091
05247,VILLADEMAR,Media distancia,33,CUDILLERO,2.0,Renfe Data GTFS alta/larga/media,43.557065,-6.155477
05244,EL PITO PIÑERA,Media distancia,33,CUDILLERO,2.0,Renfe Data GTFS alta/larga/media,43.5469091,-6.1433417
05241,LOS CABOS,Media distancia,33,PRAVIA,2.0,Renfe Data GTFS alta/larga/media,43.5124147,-6.0974746
05239,SANTIANES,Media distancia,33,PRAVIA,2.0,Renfe Data GTFS alta/larga/media,43.503799,-6.0918391
05571,LLANES,Media distancia,33,LLANES,2.0,Renfe Data GTFS alta/larga/media,43.42094,-4.7587
05569,POO,Media distancia,33,LLANES,2.0,Renfe Data GTFS alta/larga/media,43.42429,-4.78189
05567,CELORIO,Media distancia,33,LLANES,2.0,Renfe Data GTFS alta/larga/media,43.42501,-4.81133
05565,BALMORI,Media distancia,33,LLANES,2.0,Renfe Data GTFS alta/larga/media,43.42147,-4.83583
05563,POSADA,Media distancia,33,LLANES,2.0,Renfe Data GTFS alta/larga/media,43.42483,-4.865
05561,VILLAHORMES,Media distancia,33,LLANES,2.0,Renfe Data GTFS alta/larga/media,43.4420099,-4.90383
05559,NUEVA,Media distancia,33,LLANES,2.0,Renfe Data GTFS alta/larga/media,43.440585,-4.935531
05557,BELMONTE DE PRÍA,Media distancia,33,LLANES,2.0,Renfe Data GTFS alta/larga/media,43.4398,-4.98228
05555,CAMANGO,Media distancia,33,RIBADESELLA,2.0,Renfe Data GTFS alta/larga/media,43.44821,-5.01882
05553,RIBADESELLA,Media distancia,33,RIBADESELLA,2.0,Renfe Data GTFS alta/larga/media,43.45945,-5.0545
05551,LLOVIO,Media distancia,33,RIBADESELLA,2.0,Renfe Data GTFS alta/larga/media,43.440563,-5.055592
05549,CUEVAS,Media distancia,33,RIBADESELLA,2.0,Renfe Data GTFS alta/larga/media,43.431144,-5.073302
05547,TORAÑO,Media distancia,33,PARRES,2.0,Renfe Data GTFS alta/larga/media,43.412281,-5.118013
05545,FUENTES,Media distancia,33,PARRES,2.0,Renfe Data GTFS alta/larga/media,43.401443,-5.143117
05543,ARRIONDAS,Media distancia,33,PARRES,2.0,Renfe Data GTFS alta/larga/media,43.387513,-5.188258
05542,POLICLÍNICO,Media distancia,33,PARRES,2.0,Renfe Data GTFS alta/larga/media,43.378622,-5.18603
05541,OZANES,Media distancia,33,PARRES,2.0,Renfe Data GTFS alta/larga/media,43.368395,-5.185191
05539,SOTO DE DUEÑAS,Media distancia,33,PARRES,2.0,Renfe Data GTFS alta/larga/media,43.3583,-5.22689
05537,SEBARES,Media distancia,33,PILOÑA,2.0,Renfe Data GTFS alta/larga/media,43.36236,-5.2574
05535,VILLAMAYOR,Media distancia,33,PILOÑA,2.0,Renfe Data GTFS alta/larga/media,43.3631,-5.30285
05534,INFIESTO APEADERO,Media distancia,33,PILOÑA,2.0,Renfe Data GTFS alta/larga/media,43.3440407,-5.3606414
05533,INFIESTO,Media distancia,33,PILOÑA,2.0,Renfe Data GTFS alta/larga/media,43.3517868,-5.3692019
05531,PINTUELES,Media distancia,33,PILOÑA,2.0,Renfe Data GTFS alta/larga/media,43.3599234,-5.3841316
05529,CARANCOS,Media distancia,33,NAVA,2.0,Renfe Data GTFS alta/larga/media,43.3555692,-5.4344422
05527,CECEDA,Media distancia,33,NAVA,2.0,Renfe Data GTFS alta/larga/media,43.3562226,-5.4511094
05525,FUENTE SANTA DE NAVA,Media distancia,33,NAVA,2.0,Renfe Data GTFS alta/larga/media,43.3555699,-5.478379
05523,NAVA,Media distancia,33,NAVA,2.0,Renfe Data GTFS alta/larga/media,43.3611878,-5.5090986
05522,LLAMES,Media distancia,33,NAVA,2.0,Renfe Data GTFS alta/larga/media,43.3687796,-5.5252404
05521,EL REMEDIO,Media distancia,33,NAVA,2.0,Renfe Data GTFS alta/larga/media,43.3750793,-5.5462394
05517,LIERES,Media distancia,33,SIERO,2.0,Renfe Data GTFS alta/larga/media,43.380583,-5.5826229
05515,LOS CORROS,Media distancia,33,SIERO,2.0,Renfe Data GTFS alta/larga/media,43.3768432,-5.6013769
05513,POLA DE SIERO,Media distancia,33,SIERO,2.0,Renfe Data GTFS alta/larga/media,43.3881527,-5.6647718
05511,LA CARRERA DE SIERO,Media distancia,33,SIERO,2.0,Renfe Data GTFS alta/larga/media,43.3869214,-5.6753462
05509,EL BERRÓN,Media distancia,33,SIERO,2.0,Renfe Data GTFS alta/larga/media,43.3827383,-5.7026774
05508,FONCIELLO,Media distancia,33,SIERO,2.0,Renfe Data GTFS alta/larga/media,43.3817779,-5.7297194
05507,MERES,Media distancia,33,SIERO,2.0,Renfe Data GTFS alta/larga/media,43.3809885,-5.7487209
05505,COLLOTO,Media distancia,33,SIERO,2.0,Renfe Data GTFS alta/larga/media,43.3795086,-5.792366
05504,PARQUE PRINCIPADO,Media distancia,33,OVIEDO,2.0,Renfe Data GTFS alta/larga/media,43.3865865,-5.8087971
15217,LA CORREDORIA,Media distancia,33,OVIEDO,2.0,Renfe Data GTFS alta/larga/media,43.388108,-5.8272527
05573,SAN ROQUE DEL ACEBAL,Media distancia,33,LLANES,2.0,Renfe Data GTFS alta/larga/media,43.39473,-4.73013
05575,VIDIAGO,Media distancia,33,LLANES,2.0,Renfe Data GTFS alta/larga/media,43.39647,-4.673
05577,PENDUELES,Media distancia,33,LLANES,2.0,Renfe Data GTFS alta/larga/media,43.39283,-4.63039
05579,COLOMBRES,Media distancia,33,RIBADEDEVA,2.0,Renfe Data GTFS alta/larga/media,43.38272,-4.55709
05649,UNQUERA,Media distancia,39,VAL DE SAN VICENTE,2.0,Renfe Data GTFS alta/larga/media,43.37478,-4.51434
05647,PESUÉS,Media distancia,39,VAL DE SAN VICENTE,2.0,Renfe Data GTFS alta/larga/media,43.370289,-4.480174
05645,SAN VICENTE DE LA BARQUERA,Media distancia,39,SAN VICENTE DE LA BARQUERA,2.0,Renfe Data GTFS alta/larga/media,43.367837,-4.404504
05644,EL BARCENAL,Media distancia,39,SAN VICENTE DE LA BARQUERA,2.0,Renfe Data GTFS alta/larga/media,43.340347,-4.383335
05643,ROIZ,Media distancia,39,VALDÁLIGA,2.0,Renfe Data GTFS alta/larga/media,43.32821,-4.34927
05641,TRECEÑO,Media distancia,39,VALDÁLIGA,2.0,Renfe Data GTFS alta/larga/media,43.31828,-4.30902
05637,CABEZÓN DE LA SAL,Media distancia,39,CABEZÓN DE LA SAL,2.0,Renfe Data GTFS alta/larga/media,43.3079038,-4.2319437
05623,PUENTE SAN MIGUEL,Media distancia,39,REOCÍN,2.0,Renfe Data GTFS alta/larga/media,43.3586724,-4.0877667
05621,TORRELAVEGA-CENTRO,Media distancia,39,TORRELAVEGA,2.0,Renfe Data GTFS alta/larga/media,43.3510014,-4.0511789
05602,VALDECILLA LA MARGA,Media distancia,39,SANTANDER,2.0,Renfe Data GTFS alta/larga/media,43.4529465,-3.8282409
05651,NUEVA MONTAÑA,Media distancia,39,SANTANDER,2.0,Renfe Data GTFS alta/larga/media,43.4401845,-3.8493711
05655,MALIAÑO VIDRIERA,Media distancia,39,CAMARGO,2.0,Renfe Data GTFS alta/larga/media,43.4160163,-3.8411016
05657,ASTILLERO,Media distancia,39,ASTILLERO (EL),2.0,Renfe Data GTFS alta/larga/media,43.4036508,-3.8206798
05661,HERAS,Media distancia,39,MEDIO CUDEYO,2.0,Renfe Data GTFS alta/larga/media,43.4008996,-3.7666376
05663,OREJO,Media distancia,39,MARINA DE CUDEYO,2.0,Renfe Data GTFS alta/larga/media,43.3994776,-3.7383974
05672,PUENTE AGÜERO,Media distancia,39,ENTRAMBASAGUAS,2.0,Renfe Data GTFS alta/larga/media,43.406489,-3.719342
05673,VILLAVERDE DE PONTONES,Media distancia,39,RIBAMONTÁN AL MONTE,2.0,Renfe Data GTFS alta/larga/media,43.411322,-3.703643
05675,HOZ DE ANERO,Media distancia,39,RIBAMONTÁN AL MONTE,2.0,Renfe Data GTFS alta/larga/media,43.404885,-3.666883
05677,BERANGA,Media distancia,39,HAZAS DE CESTO,2.0,Renfe Data GTFS alta/larga/media,43.41371,-3.57713
05679,GAMA,Media distancia,39,BÁRCENA DE CICERO,2.0,Renfe Data GTFS alta/larga/media,43.42315,-3.52472
05681,CICERO,Media distancia,39,BÁRCENA DE CICERO,2.0,Renfe Data GTFS alta/larga/media,43.417052,-3.49049
05683,TRETO,Media distancia,39,BÁRCENA DE CICERO,2.0,Renfe Data GTFS alta/larga/media,43.39409,-3.4692
05685,LIMPIAS,Media distancia,39,LIMPIAS,2.0,Renfe Data GTFS alta/larga/media,43.35881,-3.43334
05687,MARRÓN,Media distancia,39,AMPUERO,2.0,Renfe Data GTFS alta/larga/media,43.34661,-3.420918
05689,UDALLA,Media distancia,39,RASINES,2.0,Renfe Data GTFS alta/larga/media,43.31368,-3.44549
05691,GIBAJA,Media distancia,39,RAMALES DE LA VICTORIA,2.0,Renfe Data GTFS alta/larga/media,43.28219,-3.43831
05497,KARRANTZA,Media distancia,48,KARRANTZA HARANA/VALLE DE CARRANZA,2.0,Renfe Data GTFS alta/larga/media,43.238854,-3.357827
05493,VILLAVERDE DE TRUCIOS,Media distancia,48,TRUCIOS-TURTZIOZ,2.0,Renfe Data GTFS alta/larga/media,43.24128,-3.25054
05489,ARTZENTALES,Media distancia,48,ERRIBERAGOITIA/RIBERA ALTA,2.0,Renfe Data GTFS alta/larga/media,43.25,-3.22
05487,TRASLAVIÑA,Media distancia,48,ARTZENTALES,2.0,Renfe Data GTFS alta/larga/media,43.23329,-3.198304
05484,MIMETIZ,Media distancia,48,ZALLA,2.0,Renfe Data GTFS alta/larga/media,43.2132627,-3.1352774
05473,ARANGUREN,Media distancia,48,ZALLA,2.0,Renfe Data GTFS alta/larga/media,43.2104561,-3.108399
05467,SODUPE,Media distancia,48,GÜEÑES,2.0,Renfe Data GTFS alta/larga/media,43.2020301,-3.050517
05463,ZARAMILLO,Media distancia,48,GÜEÑES,2.0,Renfe Data GTFS alta/larga/media,43.2332894,-3.015904
05461,IRAUREGUI,Media distancia,48,ALONSOTEGI,2.0,Renfe Data GTFS alta/larga/media,43.248418,-2.9900734
05457,ZORROTZA ZORROZGOITI,Media distancia,48,BILBAO,2.0,Renfe Data GTFS alta/larga/media,43.2740398,-2.9740116
05455,BASURTO HOSPITAL,Media distancia,48,BILBAO,2.0,Renfe Data GTFS alta/larga/media,43.2597699,-2.9538267
13206,AMETZOLA,Media distancia,48,BILBAO,2.0,Renfe Data GTFS alta/larga/media,43.2547065,-2.9436598
05451,BILBAO LA CONCORDIA,Media distancia,48,BILBAO,2.0,Renfe Data GTFS alta/larga/media,43.2601901,-2.9263839
05652,VALLE REAL,Media distancia,39,SANTANDER,2.0,Renfe Data GTFS alta/larga/media,43.4275399,-3.8405377
05459,SANTA ÁGUEDA,Media distancia,48,BILBAO,2.0,Renfe Data GTFS alta/larga/media,43.261857,-2.9730218
05460,KASTREXANA,Media distancia,48,BILBAO,2.0,Renfe Data GTFS alta/larga/media,43.2554758,-2.9721445
05465,LA QUADRA,Media distancia,48,GÜEÑES,2.0,Renfe Data GTFS alta/larga/media,43.222723,-3.0249848
05469,ARTXUBE,Media distancia,48,GÜEÑES,2.0,Renfe Data GTFS alta/larga/media,43.200993,-3.0715031
05470,LAMBARRI,Media distancia,48,GÜEÑES,2.0,Renfe Data GTFS alta/larga/media,43.2060733,-3.0825107
05471,GÜEÑES,Media distancia,48,GÜEÑES,2.0,Renfe Data GTFS alta/larga/media,43.2090276,-3.0952113
05474,ARANGUREN-APEADERO,Media distancia,48,ZALLA,2.0,Renfe Data GTFS alta/larga/media,43.2103517,-3.1140505
05475,ZALLA,Media distancia,48,ZALLA,2.0,Renfe Data GTFS alta/larga/media,43.2129096,-3.1333368
05477,COLEGIO,Media distancia,48,ZALLA,2.0,Renfe Data GTFS alta/larga/media,43.2112674,-3.1381409
05479,IBARRA,Media distancia,48,ZALLA,2.0,Renfe Data GTFS alta/larga/media,43.203959,-3.1448388
05481,LA HERRERA,Media distancia,48,ZALLA,2.0,Renfe Data GTFS alta/larga/media,43.2034521,-3.1705687
05483,BALMASEDA,Media distancia,48,BALMASEDA,2.0,Renfe Data GTFS alta/larga/media,43.1963551,-3.1899562
05721,ARLA BERRÓN,Media distancia,09,VALLE DE MENA,2.0,Renfe Data GTFS alta/larga/media,43.166699,-3.227589
05722,UNGO NAVA,Media distancia,09,VALLE DE MENA,2.0,Renfe Data GTFS alta/larga/media,43.142894,-3.264716
05724,MERCADILLO VILLASANA,Media distancia,09,CEREZO DE RÍO TIRÓN,2.0,Renfe Data GTFS alta/larga/media,43.105209,-3.264469
05727,CADAGUA,Media distancia,09,VALLE DE MENA,2.0,Renfe Data GTFS alta/larga/media,43.068171,-3.347339
05730,BERCEDO-MONTIJA,Media distancia,09,MERINDAD DE SOTOSCUEVA,2.0,Renfe Data GTFS alta/larga/media,43.088479,-3.456
05731,QUINTANA DE LOS PRADOS,Media distancia,09,ESPINOSA DE LOS MONTEROS,2.0,Renfe Data GTFS alta/larga/media,43.08,-3.51
05732,ESPINOSA DE LOS MONTEROS,Media distancia,09,ESPINOSA DE LOS MONTEROS,2.0,Renfe Data GTFS alta/larga/media,43.074252,-3.537116
05733,REDONDO,Media distancia,09,MERINDAD DE SOTOSCUEVA,2.0,Renfe Data GTFS alta/larga/media,43.062993,-3.607895
05734,SOTOSCUEVA,Media distancia,09,MERINDAD DE SOTOSCUEVA,2.0,Renfe Data GTFS alta/larga/media,43.045292,-3.688253
05735,PEDROSA,Media distancia,09,MERINDAD DE VALDEPORRES,2.0,Renfe Data GTFS alta/larga/media,43.012367,-3.737852
05736,DOSANTE CIDAD,Media distancia,09,MERINDAD DE VALDEPORRES,2.0,Renfe Data GTFS alta/larga/media,43.00125,-3.74525
05737,ROBREDO AHEDO,Media distancia,09,MERINDAD DE VALDEPORRES,2.0,Renfe Data GTFS alta/larga/media,43.019094,-3.809231
05738,SONCILLO,Media distancia,09,VALLE DE VALDEBEZANA,2.0,Renfe Data GTFS alta/larga/media,43.005809,-3.844888
05739,CABAÑAS DE VIRTUS,Media distancia,09,VALLE DE VALDEBEZANA,2.0,Renfe Data GTFS alta/larga/media,42.996397,-3.858466
05740,ARIJA,Media distancia,09,ARIJA,2.0,Renfe Data GTFS alta/larga/media,42.991292,-3.945006
05741,LLANO,Media distancia,39,ROZAS DE VALDEARROYO (LAS),2.0,Renfe Data GTFS alta/larga/media,42.988062,-3.982357
05742,LAS ROZAS DE VALDEARROYO,Media distancia,39,ROZAS DE VALDEARROYO (LAS),2.0,Renfe Data GTFS alta/larga/media,42.973605,-4.029864
05743,MONTES CLAROS,Media distancia,39,VALDEPRADO DEL RÍO,2.0,Renfe Data GTFS alta/larga/media,42.934323,-4.050073
05744,LOS CARABEOS,Media distancia,39,VALDEPRADO DEL RÍO,2.0,Renfe Data GTFS alta/larga/media,42.910329,-4.075211
05747,CILLAMAYOR,Media distancia,34,BARRUELO DE SANTULLÁN,2.0,Renfe Data GTFS alta/larga/media,42.857752,-4.279178
05748,SALINAS DE PISUERGA,Media distancia,34,SALINAS DE PISUERGA,2.0,Renfe Data GTFS alta/larga/media,42.851271,-4.386209
05749,VADO-CERVERA,Media distancia,34,DEHESA DE MONTEJO,2.0,Renfe Data GTFS alta/larga/media,42.83936,-4.49477
05750,CASTREJÓN DE LA PEÑA,Media distancia,34,CASTREJÓN DE LA PEÑA,2.0,Renfe Data GTFS alta/larga/media,42.81199,-4.60162
05751,VILLAVERDE TARILONTE,Media distancia,34,SANTIBÁÑEZ DE LA PEÑA,2.0,Renfe Data GTFS alta/larga/media,42.818353,-4.685419
05752,SANTIBÁÑEZ DE LA PEÑA,Media distancia,34,SANTIBÁÑEZ DE LA PEÑA,2.0,Renfe Data GTFS alta/larga/media,42.80204,-4.74145
05753,GUARDO APEADERO,Media distancia,34,GUARDO,2.0,Renfe Data GTFS alta/larga/media,42.7877378,-4.845133
05754,GUARDO,Media distancia,34,GUARDO,2.0,Renfe Data GTFS alta/larga/media,42.790995,-4.8519325
05756,LA ESPINA,Media distancia,24,VALDERRUEDA,2.0,Renfe Data GTFS alta/larga/media,42.786856,-4.9052025
05757,VALCUENDE,Media distancia,24,VALDERRUEDA,2.0,Renfe Data GTFS alta/larga/media,42.765578,-4.9292558
05758,PUENTE ALMUHEY,Media distancia,24,VALDERRUEDA,2.0,Renfe Data GTFS alta/larga/media,42.787632,-4.9718992
05799,CEREZAL DE LA GUZPEÑA,Media distancia,24,PRADO DE LA GUZPEÑA,2.0,Renfe Data GTFS alta/larga/media,42.7797744,-5.0055719
05759,PRADO DE LA GUZPEÑA,Media distancia,24,PRADO DE LA GUZPEÑA,2.0,Renfe Data GTFS alta/larga/media,42.7832347,-5.0270973
05755,LA LLAMA DE LA GUZPEÑA,Media distancia,24,PRADO DE LA GUZPEÑA,2.0,Renfe Data GTFS alta/larga/media,42.7702481,-5.0412478
05760,VALLE DE LAS CASAS,Media distancia,24,CEBANICO,2.0,Renfe Data GTFS alta/larga/media,42.767772,-5.0713669
05790,SORRIBA,Media distancia,24,VALVERDE DE LA VIRGEN,2.0,Renfe Data GTFS alta/larga/media,42.786277,-5.1274758
05761,CISTIERNA,Media distancia,24,CISTIERNA,2.0,Renfe Data GTFS alta/larga/media,42.80316,-5.1307925
05763,LA ERCINA,Media distancia,24,ERCINA (LA),2.0,Renfe Data GTFS alta/larga/media,42.808848,-5.2138924
05766,BOÑAR,Media distancia,24,BOÑAR,2.0,Renfe Data GTFS alta/larga/media,42.8627875,-5.3285261
05767,LA VECILLA,Media distancia,24,VECILLA (LA),2.0,Renfe Data GTFS alta/larga/media,42.8551158,-5.4121157
05770,MATALLANA,Media distancia,24,MATALLANA DE TORÍO,2.0,Renfe Data GTFS alta/larga/media,42.841149,-5.5218718
05776,SAN FELIZ,Media distancia,24,GARRAFE DE TORÍO,2.0,Renfe Data GTFS alta/larga/media,42.6823112,-5.5379086
05803,LA ASUNCIÓN UNIVERSIDAD,Media distancia,24,LEÓN,2.0,Renfe Data GTFS alta/larga/media,42.6160983,-5.5660988
05778,FEVE-LEÓN,Media distancia,24,LEÓN,2.0,Renfe Data GTFS alta/larga/media,42.6024918,-5.5749341
07004,ÁGUILAS,Larga distancia,30,ÁGUILAS,2.0,Renfe Data GTFS alta/larga/media,37.409865,-1.5725342
03216,VALÈNCIA-JOAQUÍN SOROLLA,Cercanias,46,VALENCIA,1.0,Renfe Data,39.459051,-0.382923
03309,VILLENA ALTA VELOCIDAD,Cercanias,03,VILLENA,1.0,Renfe Data,38.585302,-0.873295
03410,ELCHE/ELX AV,Cercanias,03,ELCHE/ELX,1.0,Renfe Data,38.24551,-0.76675
03412,CALLOSA DE SEGURA-COX,Cercanias,03,CALLOSA DE SEGURA,1.0,Renfe Data,38.1227708,-0.8745727
04040,ZARAGOZA DELICIAS,Cercanias,50,ZARAGOZA,1.0,Renfe Data,41.6586576,-0.9112693
04104,CAMP DE TARRAGONA,Cercanias,43,TARRAGONA,1.0,Renfe Data,41.192066,1.272666
05102,SAN XOÁN,Cercanias,15,FERROL,1.0,Renfe Data,43.4945654,-8.2142733
05103,SANTA ICÍA,Cercanias,15,NARÓN,1.0,Renfe Data,43.4997707,-8.1999226
05104,VIRXE DO MAR,Cercanias,15,NARÓN,1.0,Renfe Data,43.4965254,-8.2048752
05105,PIÑEIROS,Cercanias,15,NARÓN,1.0,Renfe Data,43.509483,-8.1839923
05106,O PONTO,Cercanias,15,NARÓN,1.0,Renfe Data,43.5147757,-8.1777808
05107,XUVIA,Cercanias,15,NARÓN,1.0,Renfe Data,43.5171911,-8.161282
05108,O ALTO DO CASTIÑEIRO,Cercanias,15,NARÓN,1.0,Renfe Data,43.5031794,-8.1955484
05109,FERRERÍAS,Cercanias,15,NARÓN,1.0,Renfe Data,43.5280178,-8.1504359
05111,SEDES,Cercanias,15,NARÓN,1.0,Renfe Data,43.5426113,-8.1401903
05113,PEDROSO DE NARÓN,Cercanias,15,NARÓN,1.0,Renfe Data,43.5367071,-8.1091931
05115,SAN SADURNIÑO,Cercanias,15,SAN SADURNIÑO,1.0,Renfe Data,43.5460838,-8.0781099
05117,LAMAS,Cercanias,15,SAN SADURNIÑO,1.0,Renfe Data,43.5473064,-8.0490166
05119,APALLA,Cercanias,15,SAN SADURNIÑO,1.0,Renfe Data,43.550457,-8.0186188
05121,MOECHE,Cercanias,15,MOECHE,1.0,Renfe Data,43.562132,-8.0027572
05123,LABACENGOS,Cercanias,15,MOECHE,1.0,Renfe Data,43.5652707,-7.9801882
05125,ENTRAMBARRÍAS,Cercanias,15,MOECHE,1.0,Renfe Data,43.5770633,-7.9542644
05127,CERDIDO,Cercanias,15,CERDIDO,1.0,Renfe Data,43.5873426,-7.9343099
05129,A CUQUEIRA,Cercanias,15,CERDIDO,1.0,Renfe Data,43.6078292,-7.9219389
05131,SANTA MARÍA DE MERA,Cercanias,15,ORTIGUEIRA,1.0,Renfe Data,43.6409288,-7.9161904
05133,PONTE MERA,Cercanias,15,ORTIGUEIRA,1.0,Renfe Data,43.666038,-7.9026205
05135,SAN CLODIO,Cercanias,15,RIBAS DE SIL,1.0,Renfe Data,43.6609443,-7.873478
05137,SENRA,Cercanias,15,ORTIGUEIRA,1.0,Renfe Data,43.668793,-7.8545534
05139,ORTIGUEIRA,Cercanias,15,ORTIGUEIRA,1.0,Renfe Data,43.6862217,-7.8495738
05201,GIJÓN RAM,Cercanias,33,GIJÓN,1.0,Renfe Data,43.535175,-5.698318
05203,TREMAÑES CARREÑO,Cercanias,33,GIJÓN,1.0,Renfe Data,43.5285524,-5.6948835
05204,CENTRO DE TRANSPORTES,Cercanias,33,GIJÓN,1.0,Renfe Data,43.5311295,-5.7067165
05207,ABOÑO APEADERO,Cercanias,33,CARREÑO,1.0,Renfe Data,43.555049,-5.7236039
05208,XIVARES,Cercanias,33,CARREÑO,1.0,Renfe Data,43.5659387,-5.7287459
05209,PERLORA,Cercanias,33,CARREÑO,1.0,Renfe Data,43.5808632,-5.7541047
05210,CANDÁS-APEADERO,Cercanias,33,CARREÑO,1.0,Renfe Data,43.586538,-5.7679715
05211,CANDÁS,Cercanias,33,CARREÑO,1.0,Renfe Data,43.5847107,-5.7726902
05213,REGUERAL,Cercanias,33,CARREÑO,1.0,Renfe Data,43.5805017,-5.797616
05215,ZANZABORNÍN,Cercanias,33,CARREÑO,1.0,Renfe Data,43.5689267,-5.825312
05216,GUDÍN LAMINACIÓN,Cercanias,33,CORVERA DE ASTURIAS,1.0,Renfe Data,43.5522931,-5.8653924
05217,TRASONA,Cercanias,33,CORVERA DE ASTURIAS,1.0,Renfe Data,43.5517694,-5.8741747
05218,OFICINES,Cercanias,33,OVIEDO,1.0,Renfe Data,43.551308,-5.877217
05219,LLARANES,Cercanias,33,AVILÉS,1.0,Renfe Data,43.5543366,-5.8965567
05220,CRISTALERÍA,Cercanias,33,AVILÉS,1.0,Renfe Data,43.5755676,-5.9292414
05221,AVILÉS-APEADERO,Cercanias,33,AVILÉS,1.0,Renfe Data,43.5546343,-5.9174416
05224,RAÍCES,Cercanias,33,CASTRILLÓN,1.0,Renfe Data,43.5763492,-5.9399127
05225,SALINAS,Cercanias,33,CASTRILLÓN,1.0,Renfe Data,43.5703913,-5.9566256
05227,PIEDRAS BLANCAS,Cercanias,33,CASTRILLÓN,1.0,Renfe Data,43.5565567,-5.9755523
05229,VEGARROZADAS,Cercanias,33,CASTRILLÓN,1.0,Renfe Data,43.5511613,-5.995514
05231,SANTIAGO DEL MONTE,Cercanias,33,CASTRILLÓN,1.0,Renfe Data,43.5409241,-6.027971
05232,EL PARADOR,Cercanias,33,SOTO DEL BARCO,1.0,Renfe Data,43.5351412,-6.0705907
05233,SOTO DEL BARCO,Cercanias,33,SOTO DEL BARCO,1.0,Renfe Data,43.5290556,-6.0712934
05235,RIBERAS,Cercanias,33,SOTO DEL BARCO,1.0,Renfe Data,43.5027396,-6.0743054
05237,PEÑAULLÁN,Cercanias,33,PRAVIA,1.0,Renfe Data,43.4911696,-6.0939642
05239,SANTIANES,Cercanias,33,PRAVIA,1.0,Renfe Data,43.503799,-6.0918391
05241,LOS CABOS,Cercanias,33,PRAVIA,1.0,Renfe Data,43.5124147,-6.0974746
05243,MUROS DEL NALÓN,Cercanias,33,MUROS DE NALÓN,1.0,Renfe Data,43.5429728,-6.1110718
05244,EL PITO PIÑERA,Cercanias,33,CUDILLERO,1.0,Renfe Data,43.5469091,-6.1433417
05245,CUDILLERO,Cercanias,33,CUDILLERO,1.0,Renfe Data,43.5509259,-6.1519305
05300,VALLOBÍN,Cercanias,33,OVIEDO,1.0,Renfe Data,43.3652306,-5.8647984
05301,ARGAÑOSA-LAVAPIÉS,Cercanias,33,OVIEDO,1.0,Renfe Data,43.3658311,-5.870018
05302,LAS CAMPAS,Cercanias,33,OVIEDO,1.0,Renfe Data,43.3638889,-5.8833728
05303,LAS MAZAS,Cercanias,33,OVIEDO,1.0,Renfe Data,43.3587192,-5.8975568
05304,SAN CLAUDIO,Cercanias,33,OVIEDO,1.0,Renfe Data,43.3553535,-5.9178091
05306,SAN PEDRO DE NORA,Cercanias,33,OVIEDO,1.0,Renfe Data,43.3687481,-5.9585951
05308,SOTO UDRIÓN,Cercanias,33,OVIEDO,1.0,Renfe Data,43.3564364,-5.9650157
05311,TRUBIA,Cercanias,33,OVIEDO,1.0,Renfe Data,43.34857,-5.9677756
05313,SANTA MARÍA DE GRADO,Cercanias,33,GRADO,1.0,Renfe Data,43.3842274,-5.9827075
05315,VEGA DE ANZO,Cercanias,33,GRADO,1.0,Renfe Data,43.38933,-6.0056834
05316,PEÑAFLOR DE GRADO,Cercanias,33,GRADO,1.0,Renfe Data,43.4029267,-6.0453921
05317,GRADO,Cercanias,33,GRADO,1.0,Renfe Data,43.3945424,-6.0637254
05319,SANDICHE,Cercanias,33,CANDAMO,1.0,Renfe Data,43.4256226,-6.0599341
05320,ACES,Cercanias,33,CANDAMO,1.0,Renfe Data,43.4399142,-6.0657983
05321,SAN ROMÁN,Cercanias,33,CANDAMO,1.0,Renfe Data,43.4488839,-6.0771641
05323,BEIFAR,Cercanias,33,PRAVIA,1.0,Renfe Data,43.4701379,-6.0988707
05325,PRAVIA,Cercanias,33,PRAVIA,1.0,Renfe Data,43.4908983,-6.1105373
05327,SAN RANÓN,Cercanias,33,PRAVIA,1.0,Renfe Data,43.5164547,-6.0820305
05329,SAN ESTEBAN,Cercanias,33,MUROS DE NALÓN,1.0,Renfe Data,43.552094,-6.0872393
05361,BAIÑA,Cercanias,33,MIERES,1.0,Renfe Data,43.2744717,-5.8282902
05369,MIERES VASCO,Cercanias,33,MIERES,1.0,Renfe Data,43.2502968,-5.7801106
05371,CAUDALIA,Cercanias,33,MIERES,1.0,Renfe Data,43.2282154,-5.782774
05373,FIGAREDO,Cercanias,33,ALLER,1.0,Renfe Data,43.2138398,-5.7840362
05375,UJO TARUELO,Cercanias,33,MIERES,1.0,Renfe Data,43.2006229,-5.7878612
05376,SANTA CRUZ,Cercanias,33,MIERES,1.0,Renfe Data,43.1959703,-5.7775447
05377,CABORANA,Cercanias,33,ALLER,1.0,Renfe Data,43.1761169,-5.7548626
05379,MOREDA DE ALLER,Cercanias,33,ALLER,1.0,Renfe Data,43.1707918,-5.7419622
05380,SAN ANTONIO,Cercanias,33,ALLER,1.0,Renfe Data,43.168851,-5.6967075
05381,OYANCO,Cercanias,33,ALLER,1.0,Renfe Data,43.1665527,-5.7221512
05382,CORIGOS,Cercanias,33,ALLER,1.0,Renfe Data,43.1642867,-5.6766513
05383,PIÑERES,Cercanias,33,ALLER,1.0,Renfe Data,43.165973,-5.6842539
05384,SANTA ANA-SOTO,Cercanias,33,RIBERA DE ARRIBA,1.0,Renfe Data,43.1647805,-5.6460998
05385,CABAÑAQUINTA,Cercanias,33,ALLER,1.0,Renfe Data,43.16077,-5.6248987
05387,LEVINCO,Cercanias,33,ALLER,1.0,Renfe Data,43.1511077,-5.6002937
05389,COLLANZO,Cercanias,33,ALLER,1.0,Renfe Data,43.1241004,-5.5661544
05403,TREMAÑES-LANGREO,Cercanias,33,GIJÓN,1.0,Renfe Data,43.5285439,-5.6948684
05405,SOTIELLO,Cercanias,33,GIJÓN,1.0,Renfe Data,43.5072386,-5.7265416
05407,PINZALES,Cercanias,33,GIJÓN,1.0,Renfe Data,43.4865408,-5.7197038
05409,AGUDA,Cercanias,33,GIJÓN,1.0,Renfe Data,43.4655199,-5.7260209
05410,XIXÚN,Cercanias,33,SIERO,1.0,Renfe Data,43.3714523,-5.6938682
05411,LA FLORIDA,Cercanias,33,SIERO,1.0,Renfe Data,43.4347588,-5.7099268
05412,PUENTE BURACOS,Cercanias,33,SIERO,1.0,Renfe Data,43.4480478,-5.7172664
05413,NOREÑA,Cercanias,33,NOREÑA,1.0,Renfe Data,43.3939778,-5.7036269
05415,BENDICIÓN,Cercanias,33,SIERO,1.0,Renfe Data,43.3634748,-5.680585
05416,VALDESOTO,Cercanias,33,SIERO,1.0,Renfe Data,43.3583496,-5.6581467
05417,CARBAYÍN,Cercanias,33,SIERO,1.0,Renfe Data,43.3507215,-5.6343348
05420,CURUXONA,Cercanias,33,SIERO,1.0,Renfe Data,43.3398152,-5.6304762
05421,TUILLA,Cercanias,33,LANGREO,1.0,Renfe Data,43.3281506,-5.6430775
05426,LA FELGUERA N. LANGREO-N. LLANGRÉU,Cercanias,33,LANGREO,1.0,Renfe Data,43.305459,-5.688896
05427,SAMA LOS LLERONES,Cercanias,33,LANGREO,1.0,Renfe Data,43.296706,-5.680359
05431,CIAÑO ESCOBIO,Cercanias,33,LANGREO,1.0,Renfe Data,43.2907242,-5.6678998
05432,SAN VICENTE,Cercanias,33,SAN MARTÍN DEL REY AURELIO,1.0,Renfe Data,43.2891417,-5.6529333
05433,EL ENTREGO LA OSCURA,Cercanias,33,SAN MARTÍN DEL REY AURELIO,1.0,Renfe Data,43.2895101,-5.6408099
05435,CARROCERA,Cercanias,33,SAN MARTÍN DEL REY AURELIO,1.0,Renfe Data,43.2877335,-5.6263765
05436,SAN MARTÍN,Cercanias,33,SAN MARTÍN DEL REY AURELIO,1.0,Renfe Data,43.2783764,-5.6152919
05437,SOTRONDIO,Cercanias,33,SAN MARTÍN DEL REY AURELIO,1.0,Renfe Data,43.2759255,-5.60489
05439,BLIMEA,Cercanias,33,SAN MARTÍN DEL REY AURELIO,1.0,Renfe Data,43.2708812,-5.5903311
05441,BARREDOS,Cercanias,33,LAVIANA,1.0,Renfe Data,43.2598889,-5.5749934
05443,LAVIANA,Cercanias,33,LAVIANA,1.0,Renfe Data,43.2508161,-5.5646688
05451,BILBAO LA CONCORDIA,Cercanias,48,BILBAO,1.0,Renfe Data,43.2601901,-2.9263839
05455,BASURTO HOSPITAL,Cercanias,48,BILBAO,1.0,Renfe Data,43.2597699,-2.9538267
05457,ZORROTZA ZORROZGOITI,Cercanias,48,BILBAO,1.0,Renfe Data,43.2740398,-2.9740116
05459,SANTA ÁGUEDA,Cercanias,48,BILBAO,1.0,Renfe Data,43.261857,-2.9730218
05460,KASTREXANA,Cercanias,48,BILBAO,1.0,Renfe Data,43.2554758,-2.9721445
05461,IRAUREGUI,Cercanias,48,ALONSOTEGI,1.0,Renfe Data,43.248418,-2.9900734
05463,ZARAMILLO,Cercanias,48,GÜEÑES,1.0,Renfe Data,43.2332894,-3.015904
05465,LA QUADRA,Cercanias,48,GÜEÑES,1.0,Renfe Data,43.222723,-3.0249848
05467,SODUPE,Cercanias,48,GÜEÑES,1.0,Renfe Data,43.2020301,-3.050517
05469,ARTXUBE,Cercanias,48,GÜEÑES,1.0,Renfe Data,43.200993,-3.0715031
05470,LAMBARRI,Cercanias,48,GÜEÑES,1.0,Renfe Data,43.2060733,-3.0825107
05471,GÜEÑES,Cercanias,48,GÜEÑES,1.0,Renfe Data,43.2090276,-3.0952113
05473,ARANGUREN,Cercanias,48,ZALLA,1.0,Renfe Data,43.2104561,-3.108399
05474,ARANGUREN-APEADERO,Cercanias,48,ZALLA,1.0,Renfe Data,43.2103517,-3.1140505
05475,ZALLA,Cercanias,48,ZALLA,1.0,Renfe Data,43.2129096,-3.1333368
05477,COLEGIO,Cercanias,48,ZALLA,1.0,Renfe Data,43.2112674,-3.1381409
05479,IBARRA,Cercanias,48,ZALLA,1.0,Renfe Data,43.203959,-3.1448388
05481,LA HERRERA,Cercanias,48,ZALLA,1.0,Renfe Data,43.2034521,-3.1705687
05483,BALMASEDA,Cercanias,48,BALMASEDA,1.0,Renfe Data,43.1963551,-3.1899562
05484,MIMETIZ,Cercanias,48,ZALLA,1.0,Renfe Data,43.2158138,-3.1312555
05485,LA CALZADA,Cercanias,48,BALMASEDA,1.0,Renfe Data,43.1901154,-3.1974062
05487,TRASLAVIÑA,Cercanias,48,ARTZENTALES,1.0,Renfe Data,43.23329,-3.198304
05489,ARTZENTALES,Cercanias,48,ERRIBERAGOITIA/RIBERA ALTA,1.0,Renfe Data,43.2355083,-3.2133583
05493,VILLAVERDE DE TRUCIOS,Cercanias,48,TRUCIOS-TURTZIOZ,1.0,Renfe Data,43.24128,-3.25054
05497,KARRANTZA,Cercanias,48,KARRANTZA HARANA/VALLE DE CARRANZA,1.0,Renfe Data,43.238854,-3.357827
05504,PARQUE PRINCIPADO,Cercanias,33,OVIEDO,1.0,Renfe Data,43.3865865,-5.8087971
05505,COLLOTO,Cercanias,33,SIERO,1.0,Renfe Data,43.3795086,-5.792366
05507,MERES,Cercanias,33,SIERO,1.0,Renfe Data,43.3809885,-5.7487209
05508,FONCIELLO,Cercanias,33,SIERO,1.0,Renfe Data,43.3817779,-5.7297194
05509,EL BERRÓN,Cercanias,33,SIERO,1.0,Renfe Data,43.3827383,-5.7026774
05511,LA CARRERA DE SIERO,Cercanias,33,SIERO,1.0,Renfe Data,43.3869214,-5.6753462
05513,POLA DE SIERO,Cercanias,33,SIERO,1.0,Renfe Data,43.3881527,-5.6647718
05515,LOS CORROS,Cercanias,33,SIERO,1.0,Renfe Data,43.3768432,-5.6013769
05517,LIERES,Cercanias,33,SIERO,1.0,Renfe Data,43.380583,-5.5826229
05521,EL REMEDIO,Cercanias,33,NAVA,1.0,Renfe Data,43.3750793,-5.5462394
05522,LLAMES,Cercanias,33,NAVA,1.0,Renfe Data,43.3687796,-5.5252404
05523,NAVA,Cercanias,33,NAVA,1.0,Renfe Data,43.3611878,-5.5090986
05525,FUENTE SANTA DE NAVA,Cercanias,33,NAVA,1.0,Renfe Data,43.3555699,-5.478379
05527,CECEDA,Cercanias,33,NAVA,1.0,Renfe Data,43.3562226,-5.4511094
05529,CARANCOS,Cercanias,33,NAVA,1.0,Renfe Data,43.3555692,-5.4344422
05531,PINTUELES,Cercanias,33,PILOÑA,1.0,Renfe Data,43.3599234,-5.3841316
05533,INFIESTO,Cercanias,33,PILOÑA,1.0,Renfe Data,43.3517868,-5.3692019
05534,INFIESTO APEADERO,Cercanias,33,PILOÑA,1.0,Renfe Data,43.3440407,-5.3606414
05602,VALDECILLA LA MARGA,Cercanias,39,SANTANDER,1.0,Renfe Data,43.4529465,-3.8282409
05603,CAZOÑA,Cercanias,39,SANTANDER,1.0,Renfe Data,43.4551542,-3.8411637
05604,ADARZO,Cercanias,39,SANTANDER,1.0,Renfe Data,43.4534716,-3.8559044
05605,BEZANA,Cercanias,39,SANTA CRUZ DE BEZANA,1.0,Renfe Data,43.4408549,-3.8995921
05607,MORTERA,Cercanias,39,PIÉLAGOS,1.0,Renfe Data,43.4352343,-3.9182532
05609,BOO DE PIÉLAGOS,Cercanias,39,PIÉLAGOS,1.0,Renfe Data,43.4316558,-3.9463107
05611,MOGRO,Cercanias,39,MIENGO,1.0,Renfe Data,43.4248932,-3.9605163
05613,GORNAZO,Cercanias,39,MIENGO,1.0,Renfe Data,43.4097025,-3.9886035
05615,MAR,Cercanias,39,POLANCO,1.0,Renfe Data,43.3984063,-4.0100059
05617,REQUEJADA,Cercanias,39,POLANCO,1.0,Renfe Data,43.3914179,-4.0280246
05619,BARREDA,Cercanias,39,TORRELAVEGA,1.0,Renfe Data,43.3742833,-4.0418972
05620,ALTAMIRA,Cercanias,39,TORRELAVEGA,1.0,Renfe Data,43.3519196,-4.0569699
05621,TORRELAVEGA-CENTRO,Cercanias,39,TORRELAVEGA,1.0,Renfe Data,43.3510014,-4.0511789
05622,GANZO,Cercanias,39,TORRELAVEGA,1.0,Renfe Data,43.3565281,-4.0702273
05623,PUENTE SAN MIGUEL,Cercanias,39,REOCÍN,1.0,Renfe Data,43.3586724,-4.0877667
05625,SANTA ISABEL DE QUIJAS,Cercanias,39,REOCÍN,1.0,Renfe Data,43.3590101,-4.1118533
05627,SAN PEDRO DE RUDAGÜERA,Cercanias,39,ALFOZ DE LLOREDO,1.0,Renfe Data,43.3611587,-4.1495281
05629,GOLBARDO,Cercanias,39,REOCÍN,1.0,Renfe Data,43.3408164,-4.1556282
05631,CASAR DE PERIEDO,Cercanias,39,CABEZÓN DE LA SAL,1.0,Renfe Data,43.3387837,-4.174731
05633,VIRGEN DE LA PEÑA,Cercanias,39,CABEZÓN DE LA SAL,1.0,Renfe Data,43.3230394,-4.193484
05635,ONTORIA,Cercanias,39,CABEZÓN DE LA SAL,1.0,Renfe Data,43.3153337,-4.2154219
05637,CABEZÓN DE LA SAL,Cercanias,39,CABEZÓN DE LA SAL,1.0,Renfe Data,43.3079038,-4.2319437
05641,TRECEÑO,Cercanias,39,VALDÁLIGA,1.0,Renfe Data,43.31828,-4.30902
05643,ROIZ,Cercanias,39,VALDÁLIGA,1.0,Renfe Data,43.32821,-4.34927
05644,EL BARCENAL,Cercanias,39,SAN VICENTE DE LA BARQUERA,1.0,Renfe Data,43.340347,-4.383335
05645,SAN VICENTE DE LA BARQUERA,Cercanias,39,SAN VICENTE DE LA BARQUERA,1.0,Renfe Data,43.367837,-4.404504
05647,PESUÉS,Cercanias,39,VAL DE SAN VICENTE,1.0,Renfe Data,43.370289,-4.480174
05649,UNQUERA,Cercanias,39,VAL DE SAN VICENTE,1.0,Renfe Data,43.37478,-4.51434
05651,NUEVA MONTAÑA,Cercanias,39,SANTANDER,1.0,Renfe Data,43.4401845,-3.8493711
05652,VALLE REAL,Cercanias,39,SANTANDER,1.0,Renfe Data,43.4275399,-3.8405377
05655,MALIAÑO VIDRIERA,Cercanias,39,CAMARGO,1.0,Renfe Data,43.4160163,-3.8411016
05657,ASTILLERO,Cercanias,39,ASTILLERO (EL),1.0,Renfe Data,43.4036508,-3.8206798
05658,LA CANTÁBRICA,Cercanias,39,COMILLAS,1.0,Renfe Data,43.3973661,-3.8149679
05659,SAN SALVADOR,Cercanias,39,MEDIO CUDEYO,1.0,Renfe Data,43.393766,-3.803854
05661,HERAS,Cercanias,39,MEDIO CUDEYO,1.0,Renfe Data,43.4008996,-3.7666376
05663,OREJO,Cercanias,39,MARINA DE CUDEYO,1.0,Renfe Data,43.3994776,-3.7383974
05665,SOLARES,Cercanias,39,MEDIO CUDEYO,1.0,Renfe Data,43.387247,-3.7313834
05667,CECEÑAS,Cercanias,39,MEDIO CUDEYO,1.0,Renfe Data,43.3764924,-3.7181918
05669,LA CAVADA,Cercanias,39,RIOTUERTO,1.0,Renfe Data,43.3506141,-3.7070777
05671,LIÉRGANES,Cercanias,39,LIÉRGANES,1.0,Renfe Data,43.3450748,-3.742645
05672,PUENTE AGÜERO,Cercanias,39,ENTRAMBASAGUAS,1.0,Renfe Data,43.406489,-3.719342
05673,VILLAVERDE DE PONTONES,Cercanias,39,RIBAMONTÁN AL MONTE,1.0,Renfe Data,43.411322,-3.703643
05675,HOZ DE ANERO,Cercanias,39,RIBAMONTÁN AL MONTE,1.0,Renfe Data,43.404885,-3.666883
05677,BERANGA,Cercanias,39,HAZAS DE CESTO,1.0,Renfe Data,43.41371,-3.57713
05679,GAMA,Cercanias,39,BÁRCENA DE CICERO,1.0,Renfe Data,43.42315,-3.52472
05681,CICERO,Cercanias,39,BÁRCENA DE CICERO,1.0,Renfe Data,43.417052,-3.49049
05683,TRETO,Cercanias,39,BÁRCENA DE CICERO,1.0,Renfe Data,43.39409,-3.4692
05685,LIMPIAS,Cercanias,39,LIMPIAS,1.0,Renfe Data,43.35881,-3.43334
05687,MARRÓN,Cercanias,39,AMPUERO,1.0,Renfe Data,43.34661,-3.420918
05689,UDALLA,Cercanias,39,RASINES,1.0,Renfe Data,43.31368,-3.44549
05691,GIBAJA,Cercanias,39,RAMALES DE LA VICTORIA,1.0,Renfe Data,43.28219,-3.43831
05753,GUARDO APEADERO,Cercanias,34,GUARDO,1.0,Renfe Data,42.7877378,-4.845133
05754,GUARDO,Cercanias,34,GUARDO,1.0,Renfe Data,42.790995,-4.8519325
05755,LA LLAMA DE LA GUZPEÑA,Cercanias,24,PRADO DE LA GUZPEÑA,1.0,Renfe Data,42.7702481,-5.0412478
05756,LA ESPINA,Cercanias,24,VALDERRUEDA,1.0,Renfe Data,42.786856,-4.9052025
05757,VALCUENDE,Cercanias,24,VALDERRUEDA,1.0,Renfe Data,42.765578,-4.9292558
05758,PUENTE ALMUHEY,Cercanias,24,VALDERRUEDA,1.0,Renfe Data,42.787632,-4.9718992
05759,PRADO DE LA GUZPEÑA,Cercanias,24,PRADO DE LA GUZPEÑA,1.0,Renfe Data,42.7832347,-5.0270973
05760,VALLE DE LAS CASAS,Cercanias,24,CEBANICO,1.0,Renfe Data,42.767772,-5.0713669
05761,CISTIERNA,Cercanias,24,CISTIERNA,1.0,Renfe Data,42.80316,-5.1307925
05762,YUGUEROS,Cercanias,24,ERCINA (LA),1.0,Renfe Data,42.8097904,-5.180063
05763,LA ERCINA,Cercanias,24,ERCINA (LA),1.0,Renfe Data,42.808848,-5.2138924
05764,BARRILLOS,Cercanias,24,ERCINA (LA),1.0,Renfe Data,42.8123682,-5.2831145
05765,LA LOSILLA,Cercanias,24,VEGAQUEMADA,1.0,Renfe Data,42.8385443,-5.3181608
05766,BOÑAR,Cercanias,24,BOÑAR,1.0,Renfe Data,42.8627875,-5.3285261
05767,LA VECILLA,Cercanias,24,VECILLA (LA),1.0,Renfe Data,42.8551158,-5.4121157
05768,AVIADOS,Cercanias,24,VALDEPIÉLAGO,1.0,Renfe Data,42.8547767,-5.4428396
05769,LA VALCUEVA,Cercanias,24,MATALLANA DE TORÍO,1.0,Renfe Data,42.8496651,-5.4869085
05770,MATALLANA,Cercanias,24,MATALLANA DE TORÍO,1.0,Renfe Data,42.841149,-5.5218718
05771,PARDAVÉ,Cercanias,24,MATALLANA DE TORÍO,1.0,Renfe Data,42.8063499,-5.5081891
05772,PEDRÚN,Cercanias,24,GARRAFE DE TORÍO,1.0,Renfe Data,42.7908982,-5.5069482
05773,MANZANEDA,Cercanias,24,TRUCHAS,1.0,Renfe Data,42.7542903,-5.5165558
05774,GARRAFE,Cercanias,24,GARRAFE DE TORÍO,1.0,Renfe Data,42.7345075,-5.524156
05775,PALAZUELO,Cercanias,24,GARRAFE DE TORÍO,1.0,Renfe Data,42.7071257,-5.5337809
05776,SAN FELIZ,Cercanias,24,GARRAFE DE TORÍO,1.0,Renfe Data,42.6823112,-5.5379086
05777,VILLAQUILAMBRE,Cercanias,24,VILLAQUILAMBRE,1.0,Renfe Data,42.6468662,-5.5540376
05778,FEVE-LEÓN,Cercanias,24,LEÓN,1.0,Renfe Data,42.6024918,-5.5749341
05784,HOSPITALES,Cercanias,24,LEÓN,1.0,Renfe Data,42.6126201,-5.5698556
05785,VILLASINTA,Cercanias,24,VILLAQUILAMBRE,1.0,Renfe Data,42.6575819,-5.5492813
05786,MATUECA,Cercanias,24,GARRAFE DE TORÍO,1.0,Renfe Data,42.7715398,-5.5119483
05787,NAREDO,Cercanias,24,MATALLANA DE TORÍO,1.0,Renfe Data,42.8336507,-5.5231779
05788,ROBLES,Cercanias,24,MATALLANA DE TORÍO,1.0,Renfe Data,42.8407366,-5.5073155
05789,CAMPOHERMOSO,Cercanias,24,VECILLA (LA),1.0,Renfe Data,42.8559355,-5.4287449
05790,SORRIBA,Cercanias,24,VALVERDE DE LA VIRGEN,1.0,Renfe Data,42.786277,-5.1274758
05793,LA MATA DE LA RIBA,Cercanias,24,VEGAQUEMADA,1.0,Renfe Data,42.8585407,-5.3394898
05794,LA RAYA,Cercanias,24,LEÓN,1.0,Renfe Data,42.6381109,-5.5569812
05795,OTERO,Cercanias,24,VILLAOBISPO DE OTERO,1.0,Renfe Data,42.8595705,-5.3899673
05796,VILLA ROMANA,Cercanias,24,LEÓN,1.0,Renfe Data,42.6292043,-5.5613065
05797,VALDEPIÉLAGO,Cercanias,24,VALDEPIÉLAGO,1.0,Renfe Data,42.8649635,-5.4032191
05798,LA DEVESA,Cercanias,24,TRUCHAS,1.0,Renfe Data,42.8201272,-5.3021918
05799,CEREZAL DE LA GUZPEÑA,Cercanias,24,PRADO DE LA GUZPEÑA,1.0,Renfe Data,42.7797744,-5.0055719
05801,VENTAS/S.MAMÉS,Cercanias,24,LEÓN,1.0,Renfe Data,42.609876,-5.5711761
05803,LA ASUNCIÓN UNIVERSIDAD,Cercanias,24,LEÓN,1.0,Renfe Data,42.6160983,-5.5660988
05805,BARRIO DE LAS OLLAS,Cercanias,24,BOÑAR,1.0,Renfe Data,42.8646447,-5.3344811
05807,VALDERILLA,Cercanias,24,SIERO,1.0,Renfe Data,42.7187742,-5.5300014
05951,CARTAGENA-PLAZA BASTARRECHE,Cercanias,30,CARTAGENA,1.0,Renfe Data,37.6036154,-0.9773265
05952,HOSPITAL,Cercanias,30,CARTAGENA,1.0,Renfe Data,37.6052193,-0.9607323
05953,MEDIA LEGUA,Cercanias,30,CARTAGENA,1.0,Renfe Data,37.6078831,-0.9536521
05955,VISTA ALEGRE,Cercanias,30,CARTAGENA,1.0,Renfe Data,37.6093129,-0.9437592
05957,ABREVADERO,Cercanias,30,CARTAGENA,1.0,Renfe Data,37.6097023,-0.9318284
05959,ALUMBRES,Cercanias,30,CARTAGENA,1.0,Renfe Data,37.6099324,-0.9148413
05961,LA ESPERANZA,Cercanias,30,MURCIA,1.0,Renfe Data,37.6137635,-0.8914408
05963,LA UNIÓN VIEJA,Cercanias,30,UNIÓN (LA),1.0,Renfe Data,37.6154668,-0.8816322
05965,LA UNIÓN,Cercanias,30,UNIÓN (LA),1.0,Renfe Data,37.6155485,-0.875132
05967,SIERRA MINERA,Cercanias,30,UNIÓN (LA),1.0,Renfe Data,37.6198783,-0.8648822
05969,LLANO DEL BEAL,Cercanias,30,CARTAGENA,1.0,Renfe Data,37.6260468,-0.8362123
05971,EL ESTRECHO,Cercanias,30,FUENTE ÁLAMO DE MURCIA,1.0,Renfe Data,37.6276079,-0.829592
05973,NIETOS VIEJOS,Cercanias,30,CARTAGENA,1.0,Renfe Data,37.6469125,-0.7915137
05975,LOS NIETOS PESCADERÍA,Cercanias,30,CARTAGENA,1.0,Renfe Data,37.6493515,-0.7878563
05977,LOS NIETOS,Cercanias,30,CARTAGENA,1.0,Renfe Data,37.6518304,-0.7970802
06001,LIBRILLA,Cercanias,30,LIBRILLA,1.0,Renfe Data,37.8865575,-1.3471313
06002,ALHAMA DE MURCIA,Cercanias,30,ALHAMA DE MURCIA,1.0,Renfe Data,37.8494024,-1.4145141
06003,TOTANA,Cercanias,30,TOTANA,1.0,Renfe Data,37.7635424,-1.4956153
06004,LA HOYA,Cercanias,30,LORCA,1.0,Renfe Data,37.7037424,-1.5958091
06005,LORCA-SAN DIEGO,Cercanias,30,LORCA,1.0,Renfe Data,37.6807168,-1.6856452
06006,LORCA-SUTULLENA,Cercanias,30,LORCA,1.0,Renfe Data,37.6721129,-1.6962305
06008,ALCANTARILLA-LOS ROMANOS,Cercanias,30,ALCANTARILLA,1.0,Renfe Data,37.9642993,-1.2169837
07004,ÁGUILAS,Cercanias,30,ÁGUILAS,1.0,Renfe Data,37.409865,-1.5725342
10000,MADRID-PRÍNCIPE PÍO,Cercanias,28,MADRID,1.0,Renfe Data,40.4214895,-3.7189689
10001,ARAVACA,Cercanias,28,MADRID,1.0,Renfe Data,40.4484551,-3.7855547
10002,POZUELO,Cercanias,28,POZUELO DE ALARCÓN,1.0,Renfe Data,40.4474569,-3.8002779
10005,LAS ROZAS,Cercanias,28,ROZAS DE MADRID (LAS),1.0,Renfe Data,40.4942887,-3.8681747
10100,PINAR DE LAS ROZAS,Cercanias,28,ROZAS DE MADRID (LAS),1.0,Renfe Data,40.5222672,-3.8822477
10101,LAS MATAS,Cercanias,28,ROZAS DE MADRID (LAS),1.0,Renfe Data,40.5523869,-3.8967664
10103,TORRELODONES,Cercanias,28,TORRELODONES,1.0,Renfe Data,40.574554,-3.9566013
10104,GALAPAGAR-LA NAVATA,Cercanias,28,GALAPAGAR,1.0,Renfe Data,40.6003138,-3.982259
10200,VILLALBA DE GUADARRAMA,Cercanias,28,COLLADO VILLALBA,1.0,Renfe Data,40.6264893,-4.0080301
10201,SAN YAGO,Cercanias,28,GALAPAGAR,1.0,Renfe Data,40.6178953,-4.0310749
10202,LAS ZORRERAS-NAVALQUEJIGO,Cercanias,28,SAN LORENZO DE EL ESCORIAL,1.0,Renfe Data,40.6093116,-4.0463626
10203,EL ESCORIAL,Cercanias,28,SAN LORENZO DE EL ESCORIAL,1.0,Renfe Data,40.5853675,-4.1324053
10204,ZARZALEJO,Cercanias,28,ZARZALEJO,1.0,Renfe Data,40.5389272,-4.1580662
10205,ROBLEDO DE CHAVELA,Cercanias,28,ROBLEDO DE CHAVELA,1.0,Renfe Data,40.5208244,-4.2467592
10206,SANTA MARÍA DE LA ALAMEDA-PEGUERINOS,Cercanias,28,SANTA MARÍA DE LA ALAMEDA,1.0,Renfe Data,40.569001,-4.2691255
11200,MIRANDA DE EBRO,Cercanias,09,MIRANDA DE EBRO,1.0,Renfe Data,42.691024,-2.940366
11203,MANZANOS,Cercanias,01,RIBERA BAJA/ERRIBERA BEITIA,1.0,Renfe Data,42.742899,-2.867501
11204,LA PUEBLA DE ARGANZÓN,Cercanias,09,PUEBLA DE ARGANZÓN (LA),1.0,Renfe Data,42.765245,-2.830385
11205,NANCLARES-LANGRAIZ,Cercanias,01,IRUÑA OKA/IRUÑA DE OCA,1.0,Renfe Data,42.816216,-2.804942
11208,VITORIA-GASTEIZ,Cercanias,01,VITORIA-GASTEIZ,1.0,Renfe Data,42.841517,-2.672601
11210,ALEGRÍA-DULANTZI,Cercanias,01,ALEGRÍA-DULANTZI,1.0,Renfe Data,42.848723,-2.514668
11212,AGURAIN-SALVATIERRA DE ÁLAVA,Cercanias,01,SALVATIERRA/AGURAIN,1.0,Renfe Data,42.84643,-2.38921
11213,ARAIA,Cercanias,01,ZALDUONDO,1.0,Renfe Data,42.869599,-2.306807
11300,ALTSASU,Cercanias,31,ALTSASU/ALSASUA,1.0,Renfe Data,42.894847,-2.181237
11305,BRINKOLA,Cercanias,20,LEGAZPI,1.0,Renfe Data,43.0189865,-2.3346811
11306,LEGAZPI,Cercanias,20,LEGAZPI,1.0,Renfe Data,43.0510385,-2.3306103
11400,ZUMARRAGA,Cercanias,20,ZUMARRAGA,1.0,Renfe Data,43.0870824,-2.3202298
11402,ORMÁIZTEGUI,Cercanias,20,ORMAIZTEGI,1.0,Renfe Data,43.0402752,-2.256462
11404,BEASAIN,Cercanias,20,BEASAIN,1.0,Renfe Data,43.0462687,-2.2022994
11405,ORDIZIA,Cercanias,20,ORDIZIA,1.0,Renfe Data,43.0527547,-2.1791923
11500,TOLOSA,Cercanias,20,TOLOSA,1.0,Renfe Data,43.1354472,-2.0790886
11501,TOLOSA-CENTRO,Cercanias,20,TOLOSA,1.0,Renfe Data,43.1393963,-2.0741122
11503,BILLABONA-ZIZURKIL,Cercanias,20,VILLABONA,1.0,Renfe Data,43.1891906,-2.0553722
11504,ANDOAIN-CENTRO,Cercanias,20,ANDOAIN,1.0,Renfe Data,43.2155738,-2.0204595
11505,ANDOAIN,Cercanias,20,ANDOAIN,1.0,Renfe Data,43.2220458,-2.0156757
11507,HERNANI-ERDIA,Cercanias,20,HERNANI,1.0,Renfe Data,43.2664779,-1.9726232
11511,SAN SEBASTIÁN-DONOSTIA,Cercanias,20,DONOSTIA/SAN SEBASTIÁN,1.0,Renfe Data,43.3176961,-1.9767172
11512,GROS,Cercanias,20,DONOSTIA/SAN SEBASTIÁN,1.0,Renfe Data,43.3218457,-1.9738835
11513,ATEGORRIETA,Cercanias,20,DONOSTIA/SAN SEBASTIÁN,1.0,Renfe Data,43.3203225,-1.9598127
11514,HERRERA,Cercanias,20,DONOSTIA/SAN SEBASTIÁN,1.0,Renfe Data,43.3193537,-1.9370173
11515,PASAIA,Cercanias,20,PASAIA,1.0,Renfe Data,43.3189428,-1.9171727
11516,LEZO-RENTERÍA,Cercanias,20,LEZO,1.0,Renfe Data,43.3159364,-1.8994386
11522,INTXAURRONDO,Cercanias,20,DONOSTIA/SAN SEBASTIÁN,1.0,Renfe Data,43.3200487,-1.9517673
11600,IRUN,Cercanias,20,IRUN,1.0,Renfe Data,43.3395365,-1.8012519
12001,LOS NEGRALES,Cercanias,28,ALPEDRETE,1.0,Renfe Data,40.638567,-4.0218746
12002,ALPEDRETE,Cercanias,28,ALPEDRETE,1.0,Renfe Data,40.6581044,-4.0349719
12004,COLLADO MEDIANO,Cercanias,28,COLLADO MEDIANO,1.0,Renfe Data,40.6928982,-4.0359271
12005,LOS MOLINOS-GUADARRAMA,Cercanias,28,MOLINOS (LOS),1.0,Renfe Data,40.7066407,-4.0671991
12006,CERCEDILLA,Cercanias,28,CERCEDILLA,1.0,Renfe Data,40.7376129,-4.0662985
12020,PUERTO DE NAVACERRADA,Cercanias,28,CERCEDILLA,1.0,Renfe Data,40.7844678,-4.0047744
12023,LOS COTOS,Cercanias,40,REAL SITIO DE SAN ILDEFONSO,1.0,Renfe Data,40.8223419,-3.9644961
13106,LLODIO,Cercanias,01,LAUDIO/LLODIO,1.0,Renfe Data,43.1423514,-2.9606511
13119,LA PEÑA DE BILBAO,Cercanias,48,BILBAO,1.0,Renfe Data,43.2401669,-2.9240429
13120,MIRIBILLA,Cercanias,48,BILBAO,1.0,Renfe Data,43.250429,-2.9305155
13200,BILBAO-INTERMOD. ABANDO INDALECIO PRIETO,Cercanias,48,BILBAO,1.0,Renfe Data,43.2601304,-2.9285592
13206,AMETZOLA,Cercanias,48,BILBAO,1.0,Renfe Data,43.2547065,-2.9436598
14202,REINOSA,Cercanias,39,REINOSA,1.0,Renfe Data,42.9944991,-4.1409454
14203,LANTUENO-SANTIURDE,Cercanias,39,SANTIURDE DE REINOSA,1.0,Renfe Data,43.0580731,-4.0840131
14204,PESQUERA,Cercanias,39,PESQUERA,1.0,Renfe Data,43.082333,-4.0738143
14206,BÁRCENA,Cercanias,39,BÁRCENA DE PIE DE CONCHA,1.0,Renfe Data,43.1287054,-4.053473
14207,MOLLEDO-PORTOLÍN,Cercanias,39,MOLLEDO,1.0,Renfe Data,43.1456269,-4.0390334
14208,SANTA CRUZ DE IGUÑA,Cercanias,39,MOLLEDO,1.0,Renfe Data,43.1701216,-4.0450627
14209,LAS FRAGUAS,Cercanias,39,ARROYO DE LAS FRAGUAS,1.0,Renfe Data,43.193219,-4.0541127
14210,LOS CORRALES DE BUELNA,Cercanias,39,CORRALES DE BUELNA (LOS),1.0,Renfe Data,43.2551009,-4.0639472
14211,LAS CALDAS DE BESAYA,Cercanias,39,CORRALES DE BUELNA (LOS),1.0,Renfe Data,43.2985945,-4.073252
14212,VIÉRNOLES,Cercanias,39,TORRELAVEGA,1.0,Renfe Data,43.3245636,-4.0540441
14213,TORRELAVEGA,Cercanias,39,TORRELAVEGA,1.0,Renfe Data,43.3276776,-4.0426871
14214,SIERRAPANDO,Cercanias,39,TORRELAVEGA,1.0,Renfe Data,43.3417845,-4.0266342
14216,RENEDO,Cercanias,39,PIÉLAGOS,1.0,Renfe Data,43.3531069,-3.9496471
14217,PARBAYÓN,Cercanias,39,PIÉLAGOS,1.0,Renfe Data,43.3767446,-3.8942201
14218,GUARNIZO,Cercanias,39,ASTILLERO (EL),1.0,Renfe Data,43.3915101,-3.859545
14219,BOO,Cercanias,39,ASTILLERO (EL),1.0,Renfe Data,43.4104796,-3.8415883
14220,MALIAÑO,Cercanias,39,CAMARGO,1.0,Renfe Data,43.4161415,-3.8410762
14223,SANTANDER,Cercanias,39,SANTANDER,1.0,Renfe Data,43.4583981,-3.8109529
14230,VALDECILLA,Cercanias,39,SANTANDER,1.0,Renfe Data,43.4540888,-3.8277628
14231,NUEVA MONTAÑA,Cercanias,39,SANTANDER,1.0,Renfe Data,43.4401137,-3.8493866
14232,LOMBERA,Cercanias,39,CORRALES DE BUELNA (LOS),1.0,Renfe Data,43.2658249,-4.0675902
14233,RÍO EBRO,Cercanias,39,CAMPOO DE ENMEDIO,1.0,Renfe Data,43.0007554,-4.1344006
14234,PUJAYO,Cercanias,39,BÁRCENA DE PIE DE CONCHA,1.0,Renfe Data,43.1228745,-4.0823753
14235,ARENAS DE IGUÑA,Cercanias,39,ARENAS DE IGUÑA,1.0,Renfe Data,43.1850828,-4.0500754
14236,VIOÑO,Cercanias,39,PIÉLAGOS,1.0,Renfe Data,43.360647,-3.9648063
14237,MURIEDAS-BAHÍA,Cercanias,39,CAMARGO,1.0,Renfe Data,43.4216858,-3.8441175
15118,PUENTE DE LOS FIERROS,Cercanias,33,LENA,1.0,Renfe Data,43.0715986,-5.769465
15119,LA FRECHA,Cercanias,33,LENA,1.0,Renfe Data,43.096167,-5.7985997
15120,CAMPOMANES,Cercanias,33,LENA,1.0,Renfe Data,43.1100681,-5.8164466
15121,LA COBERTORIA,Cercanias,33,LENA,1.0,Renfe Data,43.1301608,-5.8160304
15122,POLA DE LENA,Cercanias,33,LENA,1.0,Renfe Data,43.15872,-5.8310263
15123,VILLALLANA,Cercanias,33,LENA,1.0,Renfe Data,43.1838568,-5.8145928
15200,UJO,Cercanias,33,MIERES,1.0,Renfe Data,43.2046962,-5.7926422
15202,SANTULLANO,Cercanias,33,MIERES,1.0,Renfe Data,43.220899,-5.7855868
15203,MIERES-PUENTE,Cercanias,33,MIERES,1.0,Renfe Data,43.2500266,-5.7822622
15205,ABLAÑA,Cercanias,33,MIERES,1.0,Renfe Data,43.2676032,-5.8057926
15206,LA PEREDA-RIOSA,Cercanias,33,MIERES,1.0,Renfe Data,43.2770867,-5.812235
15207,OLLONIEGO,Cercanias,33,OVIEDO,1.0,Renfe Data,43.2961226,-5.8188502
15208,SOTO DE REY,Cercanias,33,RIBERA DE ARRIBA,1.0,Renfe Data,43.3064094,-5.8558072
15209,LAS SEGADAS,Cercanias,33,OVIEDO,1.0,Renfe Data,43.3132419,-5.8691978
15210,EL CALEYO,Cercanias,33,OVIEDO,1.0,Renfe Data,43.3290466,-5.8733323
15211,OVIEDO,Cercanias,33,OVIEDO,1.0,Renfe Data,43.3663577,-5.854838
15212,LUGONES,Cercanias,33,SIERO,1.0,Renfe Data,43.404272,-5.8117818
15217,LA CORREDORIA,Cercanias,33,OVIEDO,1.0,Renfe Data,43.388108,-5.8272527
15218,LLAMAQUIQUE,Cercanias,33,OVIEDO,1.0,Renfe Data,43.3588282,-5.8573201
15300,LUGO DE LLANERA,Cercanias,33,LLANERA,1.0,Renfe Data,43.4423322,-5.8158932
15301,VILLABONA DE ASTURIAS,Cercanias,33,LLANERA,1.0,Renfe Data,43.4615187,-5.8263463
15302,SERÍN,Cercanias,33,GIJÓN,1.0,Renfe Data,43.504905,-5.7818821
15303,MONTEANA,Cercanias,33,GIJÓN,1.0,Renfe Data,43.5208475,-5.746358
15305,VILLABONA-TABLADIELLO,Cercanias,33,LLANERA,1.0,Renfe Data,43.4741624,-5.8000538
15400,VERIÑA,Cercanias,33,GIJÓN,1.0,Renfe Data,43.5415755,-5.722797
15401,CALZADA DE ASTURIAS,Cercanias,33,GIJÓN,1.0,Renfe Data,43.5353848,-5.6971507
15410,GIJÓN-SANZ CRESPO,Cercanias,33,GIJÓN,1.0,Renfe Data,43.5377329,-5.6758089
16301,FERROÑES,Cercanias,33,LLANERA,1.0,Renfe Data,43.4760338,-5.8616217
16302,CANCIENES,Cercanias,33,CORVERA DE ASTURIAS,1.0,Renfe Data,43.507333,-5.8692521
16400,NUBLEDO,Cercanias,33,CORVERA DE ASTURIAS,1.0,Renfe Data,43.5234229,-5.8703014
16401,VILLALEGRE,Cercanias,33,AVILÉS,1.0,Renfe Data,43.5400404,-5.9022308
16402,LA ROCICA,Cercanias,33,AVILÉS,1.0,Renfe Data,43.5471015,-5.9047083
16403,AVILÉS,Cercanias,33,AVILÉS,1.0,Renfe Data,43.561339,-5.9228329
16408,LOS CAMPOS,Cercanias,33,CORVERA DE ASTURIAS,1.0,Renfe Data,43.5365119,-5.8848823
17000,MADRID-CHAMARTÍN-CLARA CAMPOAMOR,Cercanias,28,MADRID,1.0,Renfe Data,40.4711789,-3.6829524
18000,MADRID-ATOCHA CERCANÍAS,Cercanias,28,MADRID,1.0,Renfe Data,40.4066191,-3.6894391
18001,MADRID-RECOLETOS,Cercanias,28,MADRID,1.0,Renfe Data,40.4233731,-3.690931
18002,MADRID-NUEVOS MINISTERIOS,Cercanias,28,MADRID,1.0,Renfe Data,40.4466271,-3.6923468
18003,MÉNDEZ ÁLVARO P.V.,Cercanias,28,MADRID,1.0,Renfe Data,40.3957768,-3.677844
18004,DELICIAS,Cercanias,28,MADRID,1.0,Renfe Data,40.4004375,-3.6927766
18005,PIRÁMIDES,Cercanias,28,MADRID,1.0,Renfe Data,40.4025341,-3.7113623
18101,SOL,Cercanias,28,MADRID,1.0,Renfe Data,40.4168665,-3.7028765
21010,FERROL,Cercanias,15,FERROL,1.0,Renfe Data,43.4880467,-8.2310664
35001,LEGANÉS,Cercanias,28,LEGANÉS,1.0,Renfe Data,40.328643,-3.7713161
35002,FUENLABRADA,Cercanias,28,FUENLABRADA,1.0,Renfe Data,40.2833784,-3.7994429
35003,HUMANES DE MADRID,Cercanias,28,HUMANES DE MADRID,1.0,Renfe Data,40.2557023,-3.847063
35012,HUMANES,Cercanias,28,HUMANES DE MADRID,1.0,Renfe Data,40.2558101,-3.8287055
37001,MADRID-VILLAVERDE ALTO,Cercanias,28,MADRID,1.0,Renfe Data,40.3415895,-3.7123508
40113,CAZALLA-CONSTANTINA,Cercanias,41,CONSTANTINA,1.0,Renfe Data,37.9328637,-5.704433
40115,PEDROSO,Cercanias,41,PEDROSO (EL),1.0,Renfe Data,37.8373919,-5.7624522
40119,VILLANUEVA DEL RÍO-MINAS,Cercanias,41,VILLANUEVA DEL RÍO Y MINAS,1.0,Renfe Data,37.6617048,-5.7121543
40121,ALCOLEA DEL RÍO,Cercanias,41,ALCOLEA DEL RÍO,1.0,Renfe Data,37.6354557,-5.7308309
40122,TOCINA,Cercanias,41,TOCINA,1.0,Renfe Data,37.6093044,-5.7316939
43005,BENACAZÓN,Cercanias,41,BENACAZÓN,1.0,Renfe Data,37.3568512,-6.2082011
43027,SALTERAS,Cercanias,41,SALTERAS,1.0,Renfe Data,37.4102348,-6.0992391
50600,LORA DEL RÍO,Cercanias,41,LORA DEL RÍO,1.0,Renfe Data,37.6613212,-5.5295514
50700,LOS ROSALES,Cercanias,41,TOCINA,1.0,Renfe Data,37.5899718,-5.7261208
50701,CANTILLANA,Cercanias,41,CANTILLANA,1.0,Renfe Data,37.5749689,-5.8032073
50702,BRENES,Cercanias,41,BRENES,1.0,Renfe Data,37.5463276,-5.8667821
50703,LA RINCONADA,Cercanias,41,RINCONADA (LA),1.0,Renfe Data,37.4800897,-5.940119
51003,SEVILLA-SANTA JUSTA,Cercanias,41,SEVILLA,1.0,Renfe Data,37.3924955,-5.9749269
51050,CARTUJA,Cercanias,41,SEVILLA,1.0,Renfe Data,37.4074574,-6.0101856
51100,SAN BERNARDO,Cercanias,41,SEVILLA,1.0,Renfe Data,37.3777778,-5.9796142
51103,DOS HERMANAS,Cercanias,41,DOS HERMANAS,1.0,Renfe Data,37.2872259,-5.9235322
51110,VIRGEN DEL ROCÍO,Cercanias,41,SEVILLA,1.0,Renfe Data,37.3628091,-5.9760105
51111,BELLAVISTA,Cercanias,41,SEVILLA,1.0,Renfe Data,37.3215188,-5.9641924
51113,JARDINES DE HÉRCULES,Cercanias,41,SEVILLA,1.0,Renfe Data,37.3328527,-5.964094
51200,UTRERA,Cercanias,41,UTRERA,1.0,Renfe Data,37.1848178,-5.7907537
51202,LAS CABEZAS DE SAN JUAN,Cercanias,41,CABEZAS DE SAN JUAN (LAS),1.0,Renfe Data,37.0194897,-5.94658
51203,LEBRIJA,Cercanias,41,LEBRIJA,1.0,Renfe Data,36.9116378,-6.0948487
51205,AEROPUERTO DE JEREZ,Cercanias,11,JEREZ DE LA FRONTERA,1.0,Renfe Data,36.7515886,-6.0659384
51300,JEREZ DE LA FRONTERA,Cercanias,11,JEREZ DE LA FRONTERA,1.0,Renfe Data,36.680022,-6.1266032
51400,PUERTO DE SANTA MARÍA,Cercanias,11,PUERTO DE SANTA MARÍA (EL),1.0,Renfe Data,36.6040723,-6.2179261
51401,PUERTO REAL,Cercanias,11,PUERTO REAL,1.0,Renfe Data,36.5309155,-6.1853143
51402,SAN FERNANDO-CENTRO,Cercanias,11,SAN FERNANDO,1.0,Renfe Data,36.4759612,-6.1940322
51404,SEGUNDA AGUADA,Cercanias,11,CÁDIZ,1.0,Renfe Data,36.5135317,-6.2770128
51405,CÁDIZ,Cercanias,11,CÁDIZ,1.0,Renfe Data,36.528935,-6.2879716
51406,SAN FERNANDO-BAHÍA SUR,Cercanias,11,SAN FERNANDO,1.0,Renfe Data,36.4680834,-6.2067676
51409,CÁDIZ-ESTADIO,Cercanias,11,CÁDIZ,1.0,Renfe Data,36.5029461,-6.2720644
51414,SAN SEVERIANO,Cercanias,11,CÁDIZ,1.0,Renfe Data,36.5216048,-6.2806706
51415,LAS ALETAS,Cercanias,11,PUERTO REAL,1.0,Renfe Data,36.544638,-6.1990088
51417,VALDELAGRANA,Cercanias,11,PUERTO DE SANTA MARÍA (EL),1.0,Renfe Data,36.5847249,-6.2162993
51419,RÍO ARILLO,Cercanias,11,SAN FERNANDO,1.0,Renfe Data,36.4574943,-6.2236261
51450,PELAGATOS,Cercanias,11,CHICLANA DE LA FRONTERA,1.0,Renfe Data,36.4087561,-6.1343224
51451,LA HOYA,Cercanias,11,CHICLANA DE LA FRONTERA,1.0,Renfe Data,36.4112449,-6.1390947
51452,REYES CATÓLICOS,Cercanias,11,CHICLANA DE LA FRONTERA,1.0,Renfe Data,36.4144119,-6.1431897
51453,NUESTRA SEÑORA DE LOS REMEDIOS,Cercanias,11,CHICLANA DE LA FRONTERA,1.0,Renfe Data,36.4203978,-6.1447469
51454,ALAMEDA SOLANO,Cercanias,11,CHICLANA DE LA FRONTERA,1.0,Renfe Data,36.4253775,-6.1445236
51455,MARQUESADO,Cercanias,11,CHICLANA DE LA FRONTERA,1.0,Renfe Data,36.4286404,-6.1433744
51456,PINAR DE LOS FRANCESES,Cercanias,11,CHICLANA DE LA FRONTERA,1.0,Renfe Data,36.4405201,-6.1445658
51457,TRES CAMINOS,Cercanias,11,PUERTO REAL,1.0,Renfe Data,36.4665227,-6.1757059
51458,VENTA DE VARGAS,Cercanias,11,SAN FERNANDO,1.0,Renfe Data,36.4677391,-6.1910642
51459,PLAZA DE LA IGLESIA,Cercanias,11,SAN FERNANDO,1.0,Renfe Data,36.4662187,-6.1955495
51460,PLAZA DEL REY,Cercanias,11,SAN FERNANDO,1.0,Renfe Data,36.4639443,-6.1983443
51461,COMPAÑÍA DE MARÍA,Cercanias,11,SAN FERNANDO,1.0,Renfe Data,36.4604371,-6.2010115
51462,PLAZA DEL CARMEN,Cercanias,11,SAN FERNANDO,1.0,Renfe Data,36.4581593,-6.2034887
51463,SANTO ENTIERRO,Cercanias,11,SAN FERNANDO,1.0,Renfe Data,36.455907,-6.2096161
51464,LA ARDILA,Cercanias,11,SAN FERNANDO,1.0,Renfe Data,36.4562497,-6.2160272
54405,ÁLORA,Cercanias,29,ÁLORA,1.0,Renfe Data,36.8198747,-4.6996105
54406,PIZARRA,Cercanias,29,PIZARRA,1.0,Renfe Data,36.7641515,-4.7118313
54407,ALJAIMA,Cercanias,29,CÁRTAMA,1.0,Renfe Data,36.7330833,-4.6645001
54408,CÁRTAMA,Cercanias,29,CÁRTAMA,1.0,Renfe Data,36.7337392,-4.6083966
54410,CAMPANILLAS,Cercanias,29,MÁLAGA,1.0,Renfe Data,36.7050436,-4.5454825
54412,MÁLAGA-LOS PRADOS,Cercanias,29,MÁLAGA,1.0,Renfe Data,36.6986108,-4.47815
54413,MÁLAGA MARÍA ZAMBRANO,Cercanias,29,MÁLAGA,1.0,Renfe Data,36.7113388,-4.4313888
54500,MÁLAGA M.Z. CERCANÍAS,Cercanias,29,MÁLAGA,1.0,Renfe Data,36.7113885,-4.4328909
54501,VICTORIA KENT,Cercanias,29,MÁLAGA,1.0,Renfe Data,36.7012229,-4.4544145
54505,MÁLAGA-AEROPUERTO,Cercanias,29,MÁLAGA,1.0,Renfe Data,36.6777169,-4.4901607
54509,TORREMOLINOS,Cercanias,29,TORREMOLINOS,1.0,Renfe Data,36.6225596,-4.49957
54511,BENALMÁDENA-ARROYO DE LA MIEL,Cercanias,29,BENALMÁDENA,1.0,Renfe Data,36.5991116,-4.5363459
54516,FUENGIROLA,Cercanias,29,FUENGIROLA,1.0,Renfe Data,36.5418947,-4.623858
54517,MÁLAGA-CENTRO ALAMEDA,Cercanias,29,MÁLAGA,1.0,Renfe Data,36.7159539,-4.4265335
60000,MADRID-PUERTA DE ATOCHA-ALMUDENA GRANDES,Cercanias,28,MADRID,1.0,Renfe Data,40.406442,-3.690886
60100,MADRID-VILLAVERDE BAJO,Cercanias,28,MADRID,1.0,Renfe Data,40.3526762,-3.6838977
60101,SAN CRISTÓBAL INDUSTRIAL,Cercanias,28,MADRID,1.0,Renfe Data,40.3318587,-3.69896
60103,PINTO,Cercanias,28,PINTO,1.0,Renfe Data,40.2428555,-3.7035303
60200,ARANJUEZ,Cercanias,28,ARANJUEZ,1.0,Renfe Data,40.0350257,-3.6182534
60911,ALICANTE/ALACANT-TERMINAL,Cercanias,03,ALICANTE/ALACANT,1.0,Renfe Data,38.3447127,-0.4955241
60913,SANT VICENT CENTRE,Cercanias,03,SAN VICENTE DEL RASPEIG/SANT VICENT DEL RASPEIG,1.0,Renfe Data,38.3946533,-0.5287247
60914,UNIVERSIDAD DE ALICANTE,Cercanias,03,ALICANTE/ALACANT,1.0,Renfe Data,38.384165,-0.528411
61100,ALCANTARILLA,Cercanias,30,ALCANTARILLA,1.0,Renfe Data,37.97216,-1.215743
61200,MURCIA DEL CARMEN,Cercanias,30,MURCIA,1.0,Renfe Data,37.9748243,-1.131508
61303,BALSICAS-MAR MENOR,Cercanias,30,TORRE-PACHECO,1.0,Renfe Data,37.81884,-0.950891
61304,TORRE-PACHECO,Cercanias,30,TORRE-PACHECO,1.0,Renfe Data,37.746905,-0.967078
62001,BENIEL,Cercanias,30,BENIEL,1.0,Renfe Data,38.0448608,-0.9994759
62002,ORIHUELA-MIGUEL HERNÁNDEZ,Cercanias,03,ORIHUELA,1.0,Renfe Data,38.0779321,-0.944606
62003,CALLOSA DE SEGURA,Cercanias,03,CALLOSA DE SEGURA,1.0,Renfe Data,38.1227686,-0.8745747
62100,SAN ISIDRO-ALBATERA-CATRAL,Cercanias,03,SAN ISIDRO,1.0,Renfe Data,38.1670209,-0.8380854
62101,CREVILLENTE,Cercanias,03,CREVILLENT,1.0,Renfe Data,38.2245622,-0.7815283
62102,ELCHE/ELX-CARRÚS,Cercanias,03,ELCHE/ELX,1.0,Renfe Data,38.2689783,-0.7063992
62103,ELCHE/ELX-PARC,Cercanias,03,ELCHE/ELX,1.0,Renfe Data,38.2717809,-0.6952193
62104,TORRELLANO,Cercanias,03,ELCHE/ELX,1.0,Renfe Data,38.2896365,-0.5824572
62109,SANT GABRIEL,Cercanias,03,ALICANTE/ALACANT,1.0,Renfe Data,38.3290647,-0.5086866
64003,MOIXENT,Cercanias,46,MOGENTE/MOIXENT,1.0,Renfe Data,38.8777975,-0.7536507
64007,LENOVA-MANUEL,Cercanias,46,MANUEL,1.0,Renfe Data,39.0500727,-0.4776036
64100,XÀTIVA,Cercanias,46,XÀTIVA,1.0,Renfe Data,38.992148,-0.5245402
64101,MANUEL-L'ENOVA,Cercanias,46,MANUEL,1.0,Renfe Data,39.050156,-0.477618
64102,LA POBLA LLARGA,Cercanias,46,POBLA LLARGA (LA),1.0,Renfe Data,39.0833385,-0.4696592
64103,CARCAIXENT,Cercanias,46,CARCAIXENT,1.0,Renfe Data,39.1205251,-0.4544102
64104,ALZIRA,Cercanias,46,ALZIRA,1.0,Renfe Data,39.1531495,-0.4506011
64105,ALGEMESÍ,Cercanias,46,ALGEMESÍ,1.0,Renfe Data,39.1931484,-0.4409196
64107,BENIFAIÓ,Cercanias,46,BENIFAIÓ,1.0,Renfe Data,39.2843027,-0.4299537
64200,SILLA,Cercanias,46,SILLA,1.0,Renfe Data,39.3619548,-0.4149813
64201,CATARROJA,Cercanias,46,CATARROJA,1.0,Renfe Data,39.4000447,-0.3992195
64202,MASSANASSA,Cercanias,46,MASSANASSA,1.0,Renfe Data,39.4091934,-0.3953073
64203,ALFAFAR-BENETÚSSER,Cercanias,46,ALFAFAR,1.0,Renfe Data,39.4224232,-0.392605
64210,ALBAL,Cercanias,46,ALBAL,1.0,Renfe Data,39.3918429,-0.4026343
65000,VALÈNCIA-ESTACIÓ DEL NORD,Cercanias,46,VALENCIA,1.0,Renfe Data,39.4669305,-0.3772239
65001,ROCA-CÚPER,Cercanias,46,MELIANA,1.0,Renfe Data,39.5262094,-0.3238405
65002,VALÈNCIA-LA FONT DE SANT LLUÍS,Cercanias,46,VALENCIA,1.0,Renfe Data,39.4416052,-0.371422
65003,VALÈNCIA-CABANYAL,Cercanias,46,VALENCIA,1.0,Renfe Data,39.4702456,-0.3346772
65005,ALBUIXECH,Cercanias,46,ALBUIXECH,1.0,Renfe Data,39.5435233,-0.3205526
65006,MASSALFASSAR,Cercanias,46,MASSALFASSAR,1.0,Renfe Data,39.5557532,-0.3183058
65007,EL PUIG,Cercanias,46,PUIG DE SANTA MARIA (EL),1.0,Renfe Data,39.588302,-0.3116645
65008,PUÇOL,Cercanias,46,PUÇOL,1.0,Renfe Data,39.6205367,-0.3031085
65200,SAGUNT,Cercanias,46,SAGUNTO/SAGUNT,1.0,Renfe Data,39.6758025,-0.271542
65201,LES VALLS,Cercanias,46,SAGUNTO/SAGUNT,1.0,Renfe Data,39.7193457,-0.2397602
65202,ALMENARA,Cercanias,12,ALMENARA,1.0,Renfe Data,39.7487737,-0.2183811
65203,LA LLOSA,Cercanias,12,LLOSA (LA),1.0,Renfe Data,39.7678109,-0.2029444
65204,CHILCHES/XILXES,Cercanias,12,CHILCHES/XILXES,1.0,Renfe Data,39.7826726,-0.1903295
65205,MONCOFA,Cercanias,12,NULES,1.0,Renfe Data,39.8208891,-0.1626965
65206,NULES LA VILLAVELLA,Cercanias,12,NULES,1.0,Renfe Data,39.8532354,-0.1527317
65207,BURRIANA-ALQUERÍAS NIÑO PERDIDO,Cercanias,12,BORRIANA/BURRIANA,1.0,Renfe Data,39.8965088,-0.1038601
65208,VILA-REAL,Cercanias,12,VILA-REAL,1.0,Renfe Data,39.9330935,-0.0967681
65209,ALMASSORA,Cercanias,12,ALMAZORA/ALMASSORA,1.0,Renfe Data,39.9549079,-0.0767713
65300,CASTELLÓ DE LA PLANA,Cercanias,12,CASTELLÓN DE LA PLANA/CASTELLÓ DE LA PLANA,1.0,Renfe Data,39.9884736,-0.0523456
65304,ORPESA,Cercanias,12,OROPESA DEL MAR/ORPESA,1.0,Renfe Data,40.092258,0.139861
65306,TORREBLANCA,Cercanias,12,TORREBLANCA,1.0,Renfe Data,40.212211,0.198779
65308,ALCALÁ DE CHIVERT,Cercanias,12,ALCALÀ DE XIVERT,1.0,Renfe Data,40.30469,0.228717
65311,BENICARLÓ-PEÑÍSCOLA,Cercanias,12,BENICARLÓ,1.0,Renfe Data,40.427639,0.415217
65312,VINARÒS,Cercanias,12,VINARÒS,1.0,Renfe Data,40.471682,0.455727
65314,ULLDECONA-ALCANAR-LA SÉNIA,Cercanias,43,ULLDECONA,1.0,Renfe Data,40.5959267,0.44927448
65318,BENICÀSSIM,Cercanias,12,BENICASIM/BENICÀSSIM,1.0,Renfe Data,40.0579451,0.0577646
65400,TORTOSA,Cercanias,43,TORTOSA,1.0,Renfe Data,40.807333,0.5230136
65401,CAMP-REDÓ,Cercanias,43,TORTOSA,1.0,Renfe Data,40.7591556,0.55584433
65402,L'ALDEA-AMPOSTA-TORTOSA,Cercanias,43,ALDEA (L'),1.0,Renfe Data,40.753564,0.61430923
65403,CAMARLES-DELTEBRE,Cercanias,43,CAMARLES,1.0,Renfe Data,40.7747633,0.67176095
65404,L'AMPOLLA-EL PERELLÓ-DELTEBRE,Cercanias,43,AMPOLLA (L'),1.0,Renfe Data,40.8119898,0.70826336
65405,L'AMETLLA DE MAR,Cercanias,43,AMETLLA DE MAR (L'),1.0,Renfe Data,40.8862,0.80045321
65410,SALOU,Cercanias,43,SALOU,1.0,Renfe Data,41.077438,1.129205
65411,SALOU-PORT AVENTURA,Cercanias,43,SALOU,1.0,Renfe Data,41.0884798,1.14605195
65420,L'HOSPITALET DE L'INFANT,Cercanias,43,VANDELLÒS I L'HOSPITALET DE L'INFANT,1.0,Renfe Data,40.99939,0.91253887
65422,CAMBRILS,Cercanias,43,CAMBRILS,1.0,Renfe Data,41.0815642,1.04603752
65555,VALENCIA ENLACE,Cercanias,46,VALENCIA,1.0,Renfe Data,39.465064,-0.377433
66200,UTIEL,Cercanias,46,UTIEL,1.0,Renfe Data,39.5707742,-1.2024215
66201,SAN ANTONIO DE REQUENA,Cercanias,46,REQUENA,1.0,Renfe Data,39.5222997,-1.150367
66202,REQUENA,Cercanias,46,REQUENA,1.0,Renfe Data,39.4912708,-1.1046578
66203,EL REBOLLAR,Cercanias,46,REQUENA,1.0,Renfe Data,39.4773604,-1.0116025
66204,SIETE AGUAS,Cercanias,46,SIETE AGUAS,1.0,Renfe Data,39.4572264,-0.9025067
66205,VENTA MINA-SIETE AGUAS,Cercanias,46,BUÑOL,1.0,Renfe Data,39.4543509,-0.8702163
66206,BUÑOL,Cercanias,46,BUÑOL,1.0,Renfe Data,39.427139,-0.7873638
66207,CHIVA,Cercanias,46,CHIVA,1.0,Renfe Data,39.4711268,-0.7229414
66208,CHESTE,Cercanias,46,CHESTE,1.0,Renfe Data,39.490903,-0.6862639
66209,LORIGUILLA-REVA,Cercanias,46,LORIGUILLA,1.0,Renfe Data,39.4857771,-0.5673983
66210,CIRCUIT RICARDO TORMO,Cercanias,46,BUÑOL,1.0,Renfe Data,39.4954379,-0.6247545
66211,ALDAIA,Cercanias,46,ALDAIA,1.0,Renfe Data,39.4611179,-0.4632476
66212,VALÈNCIA-SANT ISIDRE,Cercanias,46,VALENCIA,1.0,Renfe Data,39.4502194,-0.4039788
66214,XIRIVELLA-ALQUERIES,Cercanias,46,XIRIVELLA,1.0,Renfe Data,39.4626294,-0.432216
67211,CAUDIEL,Cercanias,12,CAUDIEL,1.0,Renfe Data,39.9473696,-0.5720537
67212,JÉRICA-VIVER,Cercanias,12,JÉRICA,1.0,Renfe Data,39.9149777,-0.5693896
67213,NAVAJAS,Cercanias,12,NAVAJAS,1.0,Renfe Data,39.8744166,-0.5059546
67214,SEGORBE-ARRABAL,Cercanias,12,SEGORBE,1.0,Renfe Data,39.854557,-0.493863
67215,SEGORBE-CIUDAD,Cercanias,12,SEGORBE,1.0,Renfe Data,39.8471755,-0.4823544
67216,ALGIMIA-CIUDAD,Cercanias,46,ALGIMIA DE ALFARA,1.0,Renfe Data,39.7529934,-0.3657542
67217,SONEJA,Cercanias,12,SONEJA,1.0,Renfe Data,39.8126015,-0.4318206
67221,ESTIVELLA-ALBALAT DELS TARONGERS,Cercanias,46,ESTIVELLA,1.0,Renfe Data,39.706408,-0.348324
67223,GILET,Cercanias,46,GILET,1.0,Renfe Data,39.6793985,-0.3206548
69103,SUECA,Cercanias,46,SUECA,1.0,Renfe Data,39.2058471,-0.3082388
69104,CULLERA,Cercanias,46,CULLERA,1.0,Renfe Data,39.1778885,-0.2632437
69105,TAVERNES DE LA VALLDIGNA,Cercanias,46,TAVERNES DE LA VALLDIGNA,1.0,Renfe Data,39.0790438,-0.2262966
69110,GANDIA,Cercanias,46,GANDIA,1.0,Renfe Data,38.970514,-0.1797829
70002,ASAMBLEA DE MADRID-ENTREVÍAS,Cercanias,28,MADRID,1.0,Renfe Data,40.3818618,-3.6680454
70003,EL POZO,Cercanias,28,MADRID,1.0,Renfe Data,40.3760377,-3.6561407
70005,VALLECAS,Cercanias,28,MADRID,1.0,Renfe Data,40.382364,-3.623042
70100,VICÁLVARO,Cercanias,28,MADRID,1.0,Renfe Data,40.4012524,-3.595897
70101,SAN FERNANDO DE HENARES,Cercanias,28,COSLADA,1.0,Renfe Data,40.4427805,-3.5339866
70102,TORREJÓN DE ARDOZ,Cercanias,28,TORREJÓN DE ARDOZ,1.0,Renfe Data,40.4547895,-3.47973
70103,ALCALÁ DE HENARES,Cercanias,28,ALCALÁ DE HENARES,1.0,Renfe Data,40.4890814,-3.3662457
70104,MECO,Cercanias,28,MECO,1.0,Renfe Data,40.5346731,-3.2986806
70105,AZUQUECA,Cercanias,19,AZUQUECA DE HENARES,1.0,Renfe Data,40.561077,-3.265397
70107,ALCALÁ DE HENARES-UNIVERSIDAD,Cercanias,28,ALCALÁ DE HENARES,1.0,Renfe Data,40.5054303,-3.3353258
70108,COSLADA,Cercanias,28,COSLADA,1.0,Renfe Data,40.423237,-3.5611109
70109,SANTA EUGENIA,Cercanias,28,MADRID,1.0,Renfe Data,40.3869545,-3.6089855
70111,LA GARENA,Cercanias,28,ALCALÁ DE HENARES,1.0,Renfe Data,40.4805448,-3.3930055
70112,SOTO DEL HENARES,Cercanias,28,YUNQUERA DE HENARES,1.0,Renfe Data,40.463964,-3.4414076
70200,GUADALAJARA,Cercanias,19,GUADALAJARA,1.0,Renfe Data,40.6441928,-3.1822602
70800,CASETAS,Cercanias,50,ZARAGOZA,1.0,Renfe Data,41.7226479,-1.0201916
70801,UTEBO,Cercanias,50,UTEBO,1.0,Renfe Data,41.7108644,-0.9985828
70806,ZARAGOZA-PORTILLO,Cercanias,50,ZARAGOZA,1.0,Renfe Data,41.6527361,-0.8958759
70807,ZARAGOZA-GOYA,Cercanias,50,ZARAGOZA,1.0,Renfe Data,41.6438779,-0.8912574
71100,ZARAGOZA-MIRAFLORES,Cercanias,50,ZARAGOZA,1.0,Renfe Data,41.6334311,-0.8681653
71209,RIBA-ROJA D'EBRE,Cercanias,43,RIBA-ROJA D'EBRE,1.0,Renfe Data,41.2485594,0.48103178
71210,FLIX,Cercanias,43,FLIX,1.0,Renfe Data,41.2293651,0.54010012
71211,ASCÓ,Cercanias,43,ASCÓ,1.0,Renfe Data,41.1823727,0.56902524
71300,MÓRA LA NOVA,Cercanias,43,MÓRA LA NOVA,1.0,Renfe Data,41.1065823,0.65321819
71301,ELS GUIAMETS,Cercanias,43,GUIAMETS (ELS),1.0,Renfe Data,41.0959717,0.74772492
71302,CAPÇANES,Cercanias,43,CAPÇANES,1.0,Renfe Data,41.1020902,0.78036099
71303,MARÇÀ-FALSET,Cercanias,43,MARÇÀ,1.0,Renfe Data,41.1309421,0.81041774
71304,PRADELL,Cercanias,43,PRADELL DE LA TEIXETA,1.0,Renfe Data,41.1333595,0.85865032
71305,DUESAIGÜES-L'ARGENTERA,Cercanias,43,ARGENTERA (L'),1.0,Renfe Data,41.1436928,0.92087096
71306,RIUDECANYES-BOTARELL,Cercanias,43,RIUDECANYES,1.0,Renfe Data,41.1400577,0.97574775
71307,LES BORGES DEL CAMP,Cercanias,43,BORGES DEL CAMP (LES),1.0,Renfe Data,41.1665064,1.0221323
71400,REUS,Cercanias,43,REUS,1.0,Renfe Data,41.1605229,1.10008978
71401,VILA-SECA,Cercanias,43,VILA-SECA,1.0,Renfe Data,41.1128193,1.15037877
71500,TARRAGONA,Cercanias,43,TARRAGONA,1.0,Renfe Data,41.1115636,1.25322776
71502,ALTAFULLA-TAMARIT,Cercanias,43,TARRAGONA,1.0,Renfe Data,41.1366479,1.37341488
71503,TORREDEMBARRA,Cercanias,43,TORREDEMBARRA,1.0,Renfe Data,41.1427923,1.40578377
71600,SANT VICENÇ DE CALDERS,Cercanias,43,VENDRELL (EL),1.0,Renfe Data,41.1862102,1.52480358
71601,CALAFELL,Cercanias,43,CALAFELL,1.0,Renfe Data,41.1896703,1.57500937
71602,SEGUR DE CALAFELL,Cercanias,43,CALAFELL,1.0,Renfe Data,41.1925787,1.60643599
71603,CUNIT,Cercanias,43,CUNIT,1.0,Renfe Data,41.1950415,1.63194242
71604,CUBELLES,Cercanias,08,CUBELLES,1.0,Renfe Data,41.2043246,1.6759772
71700,VILANOVA I LA GELTRÚ,Cercanias,08,VILANOVA I LA GELTRÚ,1.0,Renfe Data,41.2203207,1.73077249
71701,SITGES,Cercanias,08,SITGES,1.0,Renfe Data,41.2391315,1.80969184
71703,GARRAF,Cercanias,08,SITGES,1.0,Renfe Data,41.2545875,1.90250383
71704,PLATJA DE CASTELLDEFELS,Cercanias,08,CASTELLDEFELS,1.0,Renfe Data,41.2669823,1.95713579
71705,CASTELLDEFELS,Cercanias,08,CASTELLDEFELS,1.0,Renfe Data,41.2790474,1.97915126
71706,GAVÀ,Cercanias,08,GAVÀ,1.0,Renfe Data,41.3034722,2.01053111
71707,EL PRAT DE LLOBREGAT,Cercanias,08,PRAT DE LLOBREGAT (EL),1.0,Renfe Data,41.3309401,2.08934473
71708,BELLVITGE-GORNAL,Cercanias,08,HOSPITALET DE LLOBREGAT (L'),1.0,Renfe Data,41.3549216,2.1152733
71709,VILADECANS,Cercanias,08,SANT BOI DE LLUÇANÈS,1.0,Renfe Data,41.3095086,2.02741857
71801,BARCELONA-SANTS,Cercanias,08,BARCELONA,1.0,Renfe Data,41.3798632,2.14101688
71802,BARCELONA-PASSEIG DE GRÀCIA,Cercanias,08,BARCELONA,1.0,Renfe Data,41.3920862,2.16533862
72100,RODA DE BARÀ,Cercanias,43,RODA DE BARÀ,1.0,Renfe Data,41.1839144,1.44017086
72101,RODA DE MAR,Cercanias,43,RODA DE BARÀ,1.0,Renfe Data,41.1864204,1.45520767
72201,EL VENDRELL,Cercanias,43,VENDRELL (EL),1.0,Renfe Data,41.2210057,1.53790552
72202,L'ARBOÇ,Cercanias,43,ARBOÇ (L'),1.0,Renfe Data,41.2734041,1.60051857
72305,L'HOSPITALET DE LLOBREGAT,Cercanias,08,HOSPITALET DE LLOBREGAT (L'),1.0,Renfe Data,41.3642038,2.10091749
72400,EL PRAT AEROPORT,Cercanias,08,PRAT DE LLOBREGAT (EL),1.0,Renfe Data,41.3041813,2.07340133
72508,SANTA PERPÈTUA DE MOGODA-RIERA DE CALDES,Cercanias,08,SANTA PERPÈTUA DE MOGODA,1.0,Renfe Data,41.5262297,2.18633867
73001,PUIGVERD DE LLEIDA-ARTESA,Cercanias,25,PUIGVERD DE LLEIDA,1.0,Renfe Data,41.5537015,0.73342706
73002,JUNEDA,Cercanias,25,JUNEDA,1.0,Renfe Data,41.5439328,0.82554185
73003,LES BORGES BLANQUES,Cercanias,25,BORGES BLANQUES (LES),1.0,Renfe Data,41.5213973,0.87791022
73004,LA FLORESTA,Cercanias,25,FLORESTA (LA),1.0,Renfe Data,41.5042013,0.924432
73005,VINAIXA,Cercanias,25,VINAIXA,1.0,Renfe Data,41.425141,0.9703737
73006,VIMBODÍ I POBLET,Cercanias,43,VIMBODÍ I POBLET,1.0,Renfe Data,41.4027277,1.04603327
73007,L'ESPLUGA DE FRANCOLÍ,Cercanias,43,ESPLUGA DE FRANCOLÍ (L'),1.0,Renfe Data,41.4006616,1.10336094
73008,MONTBLANC,Cercanias,43,MONTBLANC,1.0,Renfe Data,41.3766254,1.16554869
73009,VILAVERD,Cercanias,43,VILAVERD,1.0,Renfe Data,41.3376633,1.17653235
73010,LA RIBA,Cercanias,43,RIBA (LA),1.0,Renfe Data,41.3184926,1.1813126
73100,LA PLANA-PICAMOIXONS,Cercanias,43,VALLS,1.0,Renfe Data,41.3061987,1.19488293
73101,ALCOVER,Cercanias,43,ALCOVER,1.0,Renfe Data,41.2616066,1.17416002
73102,LA SELVA DEL CAMP,Cercanias,43,SELVA DEL CAMP (LA),1.0,Renfe Data,41.2111544,1.14396003
75101,ALCOLETGE,Cercanias,25,ALCOLETGE,1.0,Renfe Data,41.654267,0.685707
75102,VILANOVA DE LA BARCA,Cercanias,25,VILANOVA DE LA BARCA,1.0,Renfe Data,41.687381,0.727898
75103,TÉRMENS,Cercanias,25,TÉRMENS,1.0,Renfe Data,41.716525,0.763046
75104,VALLFOGONA DE BALAGUER,Cercanias,25,VALLFOGONA DE BALAGUER,1.0,Renfe Data,41.755751,0.805612
75105,BALAGUER,Cercanias,25,BALAGUER,1.0,Renfe Data,41.789333,0.81475
75106,GERB,Cercanias,25,OS DE BALAGUER,1.0,Renfe Data,41.823329,0.812023
75107,SANT LLORENÇ DE MONTGAI,Cercanias,25,CAMARASA,1.0,Renfe Data,41.866409,0.832424
75108,VILANOVA DE LA SAL,Cercanias,25,AVELLANES I SANTA LINYA (LES),1.0,Renfe Data,41.912066,0.830305
75109,SANTA LIÑA,Cercanias,25,AVELLANES I SANTA LINYA (LES),1.0,Renfe Data,41.931776,0.852433
75110,AGER,Cercanias,25,ÀGER,1.0,Renfe Data,42.006739,0.851617
75111,CELLERS-LLIMIANA,Cercanias,25,CASTELL DE MUR,1.0,Renfe Data,42.058699,0.882868
75112,GUARDIA DE TREMP,Cercanias,25,SANT ESTEVE DE LA SARGA,1.0,Renfe Data,42.101419,0.888047
75113,PALAU-PUIGCERCOS,Cercanias,25,TREMP,1.0,Renfe Data,42.146955,0.892441
75114,TREMP,Cercanias,25,TREMP,1.0,Renfe Data,42.167364,0.891137
75115,SALAS DE PALLARS,Cercanias,25,SALÀS DE PALLARS,1.0,Renfe Data,42.206845,0.940447
75116,LA POBLA DE SEGUR,Cercanias,25,POBLA DE SEGUR (LA),1.0,Renfe Data,42.239854,0.966107
76001,SALOMÓ,Cercanias,43,SALOMÓ,1.0,Renfe Data,41.2234416,1.37662504
76002,VILABELLA,Cercanias,43,VILABELLA,1.0,Renfe Data,41.2395473,1.31749155
76003,NULLES-BRÀFIM,Cercanias,43,NULLES,1.0,Renfe Data,41.2503192,1.29750259
76004,VALLS,Cercanias,43,VALLS,1.0,Renfe Data,41.2896079,1.25865179
77002,MONTCADA-RIPOLLET,Cercanias,08,MONTCADA I REIXAC,1.0,Renfe Data,41.4968022,2.18192841
77003,SANTA PERPÈTUA DE MOGODA LA FLORIDA,Cercanias,08,SANTA PERPÈTUA DE MOGODA,1.0,Renfe Data,41.5262041,2.18623384
77004,MOLLET-SANTA ROSA,Cercanias,08,MOLLET DEL VALLÈS,1.0,Renfe Data,41.5366617,2.20616865
77005,PARETS DEL VALLÈS,Cercanias,08,PARETS DEL VALLÈS,1.0,Renfe Data,41.556269,2.22600409
77006,GRANOLLERS-CANOVELLES,Cercanias,08,GRANOLLERS,1.0,Renfe Data,41.6114637,2.27686073
77100,LES FRANQUESES DEL VALLÈS,Cercanias,08,FRANQUESES DEL VALLÈS (LES),1.0,Renfe Data,41.6297885,2.29516461
77102,LA GARRIGA,Cercanias,08,GARRIGA (LA),1.0,Renfe Data,41.6846272,2.28879559
77103,FIGARÓ,Cercanias,08,FIGARÓ-MONTMANY,1.0,Renfe Data,41.7213454,2.27160129
77104,SANT MARTÍ DE CENTELLES,Cercanias,08,SANT MARTÍ DE CENTELLES,1.0,Renfe Data,41.7605736,2.24890462
77105,CENTELLES,Cercanias,08,CENTELLES,1.0,Renfe Data,41.7993947,2.22263552
77106,BALENYÀ-ELS HOSTALETS,Cercanias,08,BALENYÀ,1.0,Renfe Data,41.8149511,2.23331523
77107,BALENYÀ-TONA-SEVA,Cercanias,08,BALENYÀ,1.0,Renfe Data,41.8419076,2.2474424
77109,VIC,Cercanias,08,VIC,1.0,Renfe Data,41.9310958,2.24885665
77110,MANLLEU,Cercanias,08,MANLLEU,1.0,Renfe Data,41.9998601,2.26929589
77111,TORELLÓ,Cercanias,08,TORELLÓ,1.0,Renfe Data,42.0520113,2.25997226
77112,BORGONYÀ,Cercanias,08,SANT VICENÇ DE TORELLÓ,1.0,Renfe Data,42.0646586,2.24200567
77113,SANT QUIRZE DE BESORA-MONTESQUIU,Cercanias,08,SANT QUIRZE DE BESORA,1.0,Renfe Data,42.1048488,2.21773349
77114,LA FARGA DE BEBIÉ,Cercanias,08,MONTESQUIU,1.0,Renfe Data,42.1300729,2.20393566
77200,RIPOLL,Cercanias,17,RIPOLL,1.0,Renfe Data,42.1961284,2.19584128
77301,CAMPDEVÀNOL,Cercanias,17,CAMPDEVÀNOL,1.0,Renfe Data,42.2217131,2.16575839
77303,RIBES DE FRESER,Cercanias,17,RIBES DE FRESER,1.0,Renfe Data,42.3002126,2.16619947
77304,PLANOLES,Cercanias,17,PLANOLES,1.0,Renfe Data,42.3144689,2.09973152
77305,TOSES,Cercanias,17,TOSES,1.0,Renfe Data,42.3209639,2.01525836
77306,LA MOLINA,Cercanias,17,ALP,1.0,Renfe Data,42.3446518,1.95595081
77307,URTX-ALP,Cercanias,17,ALP,1.0,Renfe Data,42.3768624,1.89685307
77309,PUIGCERDÀ,Cercanias,17,PUIGCERDÀ,1.0,Renfe Data,42.4296256,1.92458355
77310,LA TOUR DE CAROL,Cercanias,17,LA TOUR DE CARO,1.0,Renfe Data,42.4590288,1.90438312
78400,LLEIDA-PIRINEUS,Cercanias,25,LLEIDA,1.0,Renfe Data,41.62013,0.63365328
78402,BELL-LLOC D'URGELL,Cercanias,25,BELL-LLOC D'URGELL,1.0,Renfe Data,41.631619,0.781547
78403,MOLLERUSSA,Cercanias,25,MOLLERUSSA,1.0,Renfe Data,41.631779,0.896775
78404,GOLMÉS,Cercanias,25,GOLMÉS,1.0,Renfe Data,41.635929,0.930863
78405,CASTELLNOU DE SEANA,Cercanias,25,CASTELLNOU DE SEANA,1.0,Renfe Data,41.637464,0.967736
78406,BELLPUIG,Cercanias,25,BELLPUIG,1.0,Renfe Data,41.632545,1.012993
78407,ANGLESOLA,Cercanias,25,ANGLESOLA,1.0,Renfe Data,41.646448,1.079192
78408,TÀRREGA,Cercanias,25,TÀRREGA,1.0,Renfe Data,41.650387,1.138963
78500,CERVERA,Cercanias,25,CERVERA,1.0,Renfe Data,41.673611,1.274773
78501,SANT GUIM DE FREIXENET,Cercanias,25,SANT GUIM DE FREIXENET,1.0,Renfe Data,41.655924,1.42053
78502,SANT MARTÍ SESGUEIOLES,Cercanias,08,SANT MARTÍ SESGUEIOLES,1.0,Renfe Data,41.701217,1.486204
78503,CALAF,Cercanias,08,CALAF,1.0,Renfe Data,41.730334,1.515097
78504,SEGUERS-SANT PERE SALLAVINERA,Cercanias,08,SANT PERE SALLAVINERA,1.0,Renfe Data,41.747991,1.574167
78505,AGUILAR DE SEGARRA,Cercanias,08,AGUILAR DE SEGARRA,1.0,Renfe Data,41.738917,1.62372
78506,RAJADELL,Cercanias,08,RAJADELL,1.0,Renfe Data,41.733159,1.696275
78600,MANRESA,Cercanias,08,MANRESA,1.0,Renfe Data,41.7203921,1.82648564
78604,SANT VICENÇ DE CASTELLET,Cercanias,08,SANT VICENÇ DE CASTELLET,1.0,Renfe Data,41.6688309,1.86264304
78605,CASTELLBELL I EL VILAR-MONIST MONTSERRAT,Cercanias,08,CASTELLBELL I EL VILAR,1.0,Renfe Data,41.6286826,1.86882093
78606,VACARISSES,Cercanias,08,VACARISSES,1.0,Renfe Data,41.601928,1.8940879
78607,VACARISSES-TORREBLANCA,Cercanias,08,VACARISSES,1.0,Renfe Data,41.5869183,1.91647577
78609,VILADECAVALLS,Cercanias,08,VILADECAVALLS,1.0,Renfe Data,41.5637965,1.95727015
78610,SANT MIQUEL DE GONTERES,Cercanias,08,VILADECAVALLS,1.0,Renfe Data,41.5688661,1.97428484
78700,TERRASSA ESTACIÓ DEL NORD,Cercanias,08,TERRASSA,1.0,Renfe Data,41.5697825,2.01435428
78703,SABADELL SUD,Cercanias,08,SABADELL,1.0,Renfe Data,41.5287076,2.10539311
78704,SABADELL CENTRE,Cercanias,08,SABADELL,1.0,Renfe Data,41.5464197,2.11560767
78705,BARBERÀ DEL VALLÈS,Cercanias,08,BARBERÀ DEL VALLÈS,1.0,Renfe Data,41.5136598,2.11845269
78706,CERDANYOLA DEL VALLÈS,Cercanias,08,CERDANYOLA DEL VALLÈS,1.0,Renfe Data,41.4925608,2.14752164
78707,MONTCADA I REIXAC-SANTA MARÍA,Cercanias,08,MONTCADA I REIXAC,1.0,Renfe Data,41.4811409,2.16698683
78708,MONTCADA I REIXAC-MANRESA,Cercanias,08,MONTCADA I REIXAC,1.0,Renfe Data,41.4839402,2.1854042
78709,SABADELL NORD,Cercanias,08,SABADELL,1.0,Renfe Data,41.5619773,2.09622844
78710,TERRASSA EST,Cercanias,08,TERRASSA,1.0,Renfe Data,41.5675296,2.03963639
78800,MONTCADA-BIFURCACIÓ,Cercanias,08,MONTCADA I REIXAC,1.0,Renfe Data,41.4698402,2.18001578
78801,TORRE DEL BARÓ-VALLBONA,Cercanias,08,BARCELONA,1.0,Renfe Data,41.4609684,2.18102036
78802,FABRA I PUIG,Cercanias,08,BARCELONA,1.0,Renfe Data,41.4303481,2.18332907
78804,BARCELONA-ARC DE TRIOMF,Cercanias,08,BARCELONA,1.0,Renfe Data,41.3919048,2.18063916
78805,BARCELONA-PLAÇA DE CATALUNYA,Cercanias,08,BARCELONA,1.0,Renfe Data,41.3879231,2.16970383
78806,BARCELONA-LA SAGRERA-MERIDIANA,Cercanias,08,BARCELONA,1.0,Renfe Data,41.421848,2.18711031
79004,BARCELONA-SANT ANDREU,Cercanias,08,BARCELONA,1.0,Renfe Data,41.4361251,2.19319866
79005,MONTCADA I REIXAC,Cercanias,08,MONTCADA I REIXAC,1.0,Renfe Data,41.4842254,2.1880892
79006,MOLLET-SANT FOST,Cercanias,08,MOLLET DEL VALLÈS,1.0,Renfe Data,41.5335634,2.21766516
79007,MONTMELÓ,Cercanias,08,MONTMELÓ,1.0,Renfe Data,41.5496523,2.24544407
79009,BARCELONA-EL CLOT,Cercanias,08,BARCELONA,1.0,Renfe Data,41.4092979,2.18719759
79011,LA LLAGOSTA,Cercanias,08,LLAGOSTA (LA),1.0,Renfe Data,41.5104566,2.19973279
79100,GRANOLLERS-CENTRE,Cercanias,08,GRANOLLERS,1.0,Renfe Data,41.5997447,2.29126962
79101,CARDEDEU,Cercanias,08,CARDEDEU,1.0,Renfe Data,41.6367012,2.35626265
79102,LLINARS DEL VALLÈS,Cercanias,08,LLINARS DEL VALLÈS,1.0,Renfe Data,41.6380367,2.40445769
79103,PALAUTORDERA,Cercanias,08,SANTA MARIA DE PALAUTORDERA,1.0,Renfe Data,41.6719522,2.45421488
79104,SANT CELONI,Cercanias,08,SANT CELONI,1.0,Renfe Data,41.6857928,2.49072799
79105,GUALBA,Cercanias,08,GUALBA,1.0,Renfe Data,41.7181901,2.53878373
79106,RIELLS I VIABREA-BREDA,Cercanias,17,RIELLS I VIABREA,1.0,Renfe Data,41.7263582,2.56889584
79107,HOSTALRIC,Cercanias,17,HOSTALRIC,1.0,Renfe Data,41.747788,2.63165011
79109,LES FRANQUESES-GRANOLLERS NORD,Cercanias,08,FRANQUESES DEL VALLÈS (LES),1.0,Renfe Data,41.6172549,2.2944318
79200,MAÇANET-MASSANES,Cercanias,17,MASSANES,1.0,Renfe Data,41.7724212,2.67385865
79202,SILS,Cercanias,17,SILS,1.0,Renfe Data,41.8075996,2.74500729
79203,CALDES DE MALAVELLA,Cercanias,17,CALDES DE MALAVELLA,1.0,Renfe Data,41.84111,2.80076692
79204,RIUDELLOTS,Cercanias,17,RIUDELLOTS DE LA SELVA,1.0,Renfe Data,41.896297,2.81157037
79205,FORNELLS DE LA SELVA,Cercanias,17,FORNELLS DE LA SELVA,1.0,Renfe Data,41.935043,2.80978324
79300,GIRONA,Cercanias,17,GIRONA,1.0,Renfe Data,41.9793629,2.81693689
79301,CELRÀ,Cercanias,17,CELRÀ,1.0,Renfe Data,42.0271984,2.87490587
79302,BORDILS-JUIÀ,Cercanias,17,BORDILS,1.0,Renfe Data,42.0370568,2.91529561
79303,FLAÇÀ,Cercanias,17,FLAÇÀ,1.0,Renfe Data,42.047477,2.95740315
79304,SANT JORDI DESVALLS,Cercanias,17,SANT JORDI DESVALLS,1.0,Renfe Data,42.0683023,2.96447664
79305,CAMALLERA,Cercanias,17,"SAUS, CAMALLERA I LLAMPAIES",1.0,Renfe Data,42.1223297,2.96536522
79306,SANT MIQUEL DE FLUVIÀ,Cercanias,17,SANT MIQUEL DE FLUVIÀ,1.0,Renfe Data,42.1721019,2.98959828
79308,VILAMALLA,Cercanias,17,VILAMALLA,1.0,Renfe Data,42.216362,2.97776423
79309,FIGUERES,Cercanias,17,FIGUERES,1.0,Renfe Data,42.2651134,2.96880074
79311,VILAJUÏGA,Cercanias,17,VILAJUÏGA,1.0,Renfe Data,42.3256691,3.08754626
79312,LLANÇÀ,Cercanias,17,LLANÇÀ,1.0,Renfe Data,42.3666194,3.1489746
79314,COLERA,Cercanias,17,COLERA,1.0,Renfe Data,42.4068837,3.15434316
79315,PORTBOU,Cercanias,17,PORTBOU,1.0,Renfe Data,42.4245908,3.15801841
79316,CERBÈRE,Cercanias,17,PORTBOU,1.0,Renfe Data,42.441664,3.16314935
79400,BARCELONA ESTACIÓ DE FRANÇA,Cercanias,08,BARCELONA,1.0,Renfe Data,41.3844866,2.18534785
79403,SANT ADRIÀ DE BESÒS,Cercanias,08,SANT ADRIÀ DE BESÒS,1.0,Renfe Data,41.4244316,2.23048178
79404,BADALONA,Cercanias,08,BADALONA,1.0,Renfe Data,41.4458838,2.24892096
79405,MONTGAT,Cercanias,08,MONTGAT,1.0,Renfe Data,41.4630211,2.2721551
79406,MONTGAT-NORD,Cercanias,08,MONTGAT,1.0,Renfe Data,41.468786,2.28669661
79407,EL MASNOU,Cercanias,08,MASNOU (EL),1.0,Renfe Data,41.4770363,2.3103772
79408,OCATA,Cercanias,08,MASNOU (EL),1.0,Renfe Data,41.4790211,2.31953267
79409,PREMIÀ DE MAR,Cercanias,08,PREMIÀ DE MAR,1.0,Renfe Data,41.4877522,2.35485608
79410,VILASSAR DE MAR,Cercanias,08,VILASSAR DE MAR,1.0,Renfe Data,41.5006285,2.38986104
79412,CABRERA DE MAR-VILASSAR DE MAR,Cercanias,08,CABRERA DE MAR,1.0,Renfe Data,41.5067718,2.40162431
79500,MATARÓ,Cercanias,08,MATARÓ,1.0,Renfe Data,41.5333852,2.44553025
79501,SANT ANDREU DE LLAVANERES,Cercanias,08,SANT ANDREU DE LLAVANERES,1.0,Renfe Data,41.5555467,2.49826463
79502,CALDES D'ESTRAC,Cercanias,08,CALDES D'ESTRAC,1.0,Renfe Data,41.5686082,2.52598143
79600,ARENYS DE MAR,Cercanias,08,ARENYS DE MAR,1.0,Renfe Data,41.577699,2.54933744
79601,CANET DE MAR,Cercanias,08,CANET DE MAR,1.0,Renfe Data,41.5866691,2.58128887
79602,SANT POL DE MAR,Cercanias,08,SANT POL DE MAR,1.0,Renfe Data,41.6017549,2.62459756
79603,CALELLA,Cercanias,08,CALELLA,1.0,Renfe Data,41.6146911,2.66599517
79604,PINEDA DE MAR,Cercanias,08,PINEDA DE MAR,1.0,Renfe Data,41.6224449,2.69355042
79605,MALGRAT DE MAR,Cercanias,08,MALGRAT DE MAR,1.0,Renfe Data,41.641602,2.74127903
79606,BLANES,Cercanias,17,BLANES,1.0,Renfe Data,41.6736157,2.7692697
79607,TORDERA,Cercanias,08,TORDERA,1.0,Renfe Data,41.7071687,2.71957063
79608,SANTA SUSANA,Cercanias,08,SANTA SUSANNA,1.0,Renfe Data,41.6300971,2.7159698
80001,ALTSASU-PUEBLO,Cercanias,31,ALTSASU/ALSASUA,1.0,Renfe Data,42.893283,-2.167429
95100,MUSEO-FERROCAR.,Cercanias,28,MADRID,1.0,Renfe Data,40.4003471,-3.6928278
97001,LA MOLINA - SKITREN,Cercanias,17,ALP,1.0,Renfe Data,42.344684,1.955856
97002,SARA BARAS,Cercanias,08,DESCONOCIDO,1.0,Renfe Data,41.38737,2.168856
97003,TERRACOTA,Cercanias,08,DESCONOCIDO,1.0,Renfe Data,41.38737,2.168856
97004,PORTAVE.FERRARI,Cercanias,08,DESCONOCIDO,1.0,Renfe Data,41.0847081,1.1492886
97005,VILAFRANCA DEL PENEDÉS,Cercanias,08,VILAFRANCA DEL PENEDÈS,1.0,Renfe Data,41.3448584,1.7036746
97009,PLAÇA CATALUNYA,Cercanias,08,BARCELONA,1.0,Renfe Data,41.3870194,2.1678584
97013,CALDES DE MALAVELLA-VICHY CATALÁN,Cercanias,17,CALDES DE MALAVELLA,1.0,Renfe Data,41.841098,2.800765
97015,PORTAVENTURA,Cercanias,08,SALOU,1.0,Renfe Data,41.0889239,1.1398316
97016,FERRARYLAND,Cercanias,08,DESCONOCIDO,1.0,Renfe Data,41.0847081,1.1492886
97017,SANT SADURNÍ D'ANOIA,Cercanias,08,SANT SADURNÍ D'ANOIA,1.0,Renfe Data,41.419824,1.794186
97018,CARIBE PARK,Cercanias,08,SALOU,1.0,Renfe Data,41.0875559,1.1517695
97100,PITIS,Cercanias,28,MADRID,1.0,Renfe Data,40.4954173,-3.7261603
97103,EL TEJAR,Cercanias,28,ROZAS DE MADRID (LAS),1.0,Renfe Data,40.510827,-3.855407
97200,MIRASIERRA-PACO DE LUCÍA,Cercanias,28,CANENCIA,1.0,Renfe Data,40.499759,-3.7092505
97201,MADRID-RAMÓN Y CAJAL,Cercanias,28,MADRID,1.0,Renfe Data,40.4881473,-3.6948037
98000,MADRID - ATOCHA CERCANÍAS,Cercanias,28,MADRID,1.0,Renfe Data,40.406528,-3.689373
98003,FUENTE DE LA MORA,Cercanias,28,MADRID,1.0,Renfe Data,40.48472,-3.6630608
98103,ALCALÁ DE HENARES,Cercanias,28,ALCALÁ DE HENARES,1.0,Renfe Data,40.489027,-3.365765
98304,VALDEBEBAS,Cercanias,28,MADRID,1.0,Renfe Data,40.4821016,-3.6162874
98305,MADRID-AEROPUERTO T4,Cercanias,28,MADRID,1.0,Renfe Data,40.4924023,-3.5932297
99000,MADRID CERCANÍAS,Cercanias,28,MADRID,1.0,Renfe Data,40.406528,-3.689373
99117,OURENSE TURÍSTICO,Cercanias,32,OURENSE,1.0,Renfe Data,42.350389,-7.872777
99132,MADRID-PRÍNCIPE PÍO TURÍSTICO,Cercanias,28,MADRID,1.0,Renfe Data,40.421264,-3.720095
99163,TARRAGONA-BUS,Cercanias,43,TARRAGONA,1.0,Renfe Data,41.111624,1.253214
99164,SALOU-BUS,Cercanias,43,SALOU,1.0,Renfe Data,41.077438,1.129205
99165,REUS-BUS,Cercanias,43,REUS,1.0,Renfe Data,41.160524,1.099979
99166,PINTO-TUR,Cercanias,28,PINTO,1.0,Renfe Data,40.242802,-3.703665
99172,GIJÓN-TURÍSTICO,Cercanias,33,GIJÓN,1.0,Renfe Data,43.535175,-5.698318
99173,OVIEDO-TUR,Cercanias,33,OVIEDO,1.0,Renfe Data,43.366841,-5.854263
99203,PINTO,Cercanias,28,PINTO,1.0,Renfe Data,40.242802,-3.703665
99204,VICÁLVARO,Cercanias,28,MADRID,1.0,Renfe Data,40.401279,-3.595966
99207,EL ESCORIAL,Cercanias,28,ESCORIAL (EL),1.0,Renfe Data,40.585278,-4.132534
99208,CERCED.TUR,Cercanias,28,CERCEDILLA,1.0,Renfe Data,40.737541,-4.066387
99209,ARANJUEZ-MOTÍN,Cercanias,28,ARANJUEZ,1.0,Renfe Data,40.034761,-3.618262
99210,ARANJUEZ-FRESA,Cercanias,28,ARANJUEZ,1.0,Renfe Data,40.034761,-3.618262
99211,ALCALÁ DE HENARES MONUMENTAL,Cercanias,28,ALCALÁ DE HENARES,1.0,Renfe Data,40.489027,-3.365765
99213,WILDLIFE,Cercanias,28,DESCONOCIDO,1.0,Renfe Data,40.423313,-3.69098
99214,SOL-FAMILIA ADDAMS,Cercanias,28,MADRID,1.0,Renfe Data,40.421264,-3.720095
99215,EMBAJADORES-FESTIVAL MAGIA,Cercanias,28,MADRID,1.0,Renfe Data,40.40453,-3.702484
99216,SOL - KING OF POP,Cercanias,28,DESCONOCIDO,1.0,Renfe Data,40.416845,-3.702851
05102,SAN XOÁN,FEVE,15,FERROL,1.0,Renfe Data,43.4945654,-8.2142733
05103,SANTA ICÍA,FEVE,15,NARÓN,1.0,Renfe Data,43.4997707,-8.1999226
05104,VIRXE DO MAR,FEVE,15,NARÓN,1.0,Renfe Data,43.4965254,-8.2048752
05105,PIÑEIROS,FEVE,15,NARÓN,1.0,Renfe Data,43.509483,-8.1839923
05106,O PONTO,FEVE,15,NARÓN,1.0,Renfe Data,43.5147757,-8.1777808
05107,XUVIA,FEVE,15,NARÓN,1.0,Renfe Data,43.5171911,-8.161282
05108,O ALTO DO CASTIÑEIRO,FEVE,15,NARÓN,1.0,Renfe Data,43.5031794,-8.1955484
05109,FERRERÍAS,FEVE,15,NARÓN,1.0,Renfe Data,43.5280178,-8.1504359
05110,SANTANDER-FEVE,FEVE,39,SANTANDER,1.0,Renfe Data,43.458869,-3.811065
05111,SEDES,FEVE,15,NARÓN,1.0,Renfe Data,43.5426113,-8.1401903
05113,PEDROSO DE NARÓN,FEVE,15,NARÓN,1.0,Renfe Data,43.5367071,-8.1091931
05115,SAN SADURNIÑO,FEVE,15,SAN SADURNIÑO,1.0,Renfe Data,43.5460838,-8.0781099
05117,LAMAS,FEVE,15,SAN SADURNIÑO,1.0,Renfe Data,43.5473064,-8.0490166
05119,APALLA,FEVE,15,SAN SADURNIÑO,1.0,Renfe Data,43.550457,-8.0186188
05121,MOECHE,FEVE,15,MOECHE,1.0,Renfe Data,43.562132,-8.0027572
05123,LABACENGOS,FEVE,15,MOECHE,1.0,Renfe Data,43.5652707,-7.9801882
05125,ENTRAMBARRÍAS,FEVE,15,MOECHE,1.0,Renfe Data,43.5770633,-7.9542644
05127,CERDIDO,FEVE,15,CERDIDO,1.0,Renfe Data,43.5873426,-7.9343099
05129,A CUQUEIRA,FEVE,15,CERDIDO,1.0,Renfe Data,43.6078292,-7.9219389
05131,SANTA MARÍA DE MERA,FEVE,15,ORTIGUEIRA,1.0,Renfe Data,43.6409288,-7.9161904
05133,PONTE MERA,FEVE,15,ORTIGUEIRA,1.0,Renfe Data,43.666038,-7.9026205
05135,SAN CLODIO,FEVE,15,RIBAS DE SIL,1.0,Renfe Data,43.6609443,-7.873478
05137,SENRA,FEVE,15,ORTIGUEIRA,1.0,Renfe Data,43.668793,-7.8545534
05139,ORTIGUEIRA,FEVE,15,ORTIGUEIRA,1.0,Renfe Data,43.6862217,-7.8495738
05141,ESPASANTE,FEVE,15,ORTIGUEIRA,1.0,Renfe Data,43.70888,-7.804897
05143,LOIBA,FEVE,15,ORTIGUEIRA,1.0,Renfe Data,43.730393,-7.750044
05145,O BARQUEIRO,FEVE,15,MAÑÓN,1.0,Renfe Data,43.735649,-7.70288
05147,O VICEDO,FEVE,27,VICEDO (O),1.0,Renfe Data,43.731026,-7.673215
05149,MOSENDE,FEVE,27,VICEDO (O),1.0,Renfe Data,43.706194,-7.635477
05151,FOLGUEIRO,FEVE,27,VICEDO (O),1.0,Renfe Data,43.692766,-7.635048
05153,COVAS DE VIVEIRO,FEVE,27,VIVEIRO,1.0,Renfe Data,43.670275,-7.614613
05155,VIVEIRO,FEVE,27,VIVEIRO,1.0,Renfe Data,43.6569,-7.60033
05156,VIVEIRO APEADERO,FEVE,27,VIVEIRO,1.0,Renfe Data,43.661435,-7.594532
05157,XUANCES,FEVE,27,XOVE,1.0,Renfe Data,43.687991,-7.553904
05159,XOVE POBO,FEVE,27,XOVE,1.0,Renfe Data,43.683567,-7.510921
05161,XOVE,FEVE,27,XOVE,1.0,Renfe Data,43.681138,-7.495251
05163,LAGO,FEVE,27,XOVE,1.0,Renfe Data,43.687108,-7.481942
05165,BIDUEIROS,FEVE,27,CERVO,1.0,Renfe Data,43.696712,-7.468843
05167,SAN CIBRAO,FEVE,27,CERVO,1.0,Renfe Data,43.692319,-7.44177
05169,MADEIRO,FEVE,27,CERVO,1.0,Renfe Data,43.686219,-7.412863
05171,BURELA,FEVE,27,BURELA,1.0,Renfe Data,43.660607,-7.361183
05173,CANGAS DE FOZ,FEVE,27,FOZ,1.0,Renfe Data,43.626106,-7.333309
05175,NOIS,FEVE,27,FOZ,1.0,Renfe Data,43.610309,-7.312222
05177,FAZOURO,FEVE,27,FOZ,1.0,Renfe Data,43.600457,-7.299843
05179,MARZÁN,FEVE,27,FOZ,1.0,Renfe Data,43.57475,-7.26936
05181,FOZ,FEVE,27,FOZ,1.0,Renfe Data,43.560886,-7.272235
05183,BARREIROS,FEVE,27,BARREIROS,1.0,Renfe Data,43.547366,-7.225287
05185,REINANTE,FEVE,27,BARREIROS,1.0,Renfe Data,43.54987,-7.174315
05187,ESTEIRO,FEVE,27,RIBADEO,1.0,Renfe Data,43.551697,-7.146099
05189,OS CASTROS,FEVE,27,RIBADEO,1.0,Renfe Data,43.55157,-7.130895
05191,RINLO,FEVE,27,RIBADEO,1.0,Renfe Data,43.549761,-7.108645
05193,RIBADEO,FEVE,27,RIBADEO,1.0,Renfe Data,43.53607,-7.055572
05195,VEGADEO,FEVE,33,VEGADEO,1.0,Renfe Data,43.4731616,-7.050645
05197,VEGADEO PUEBLO,FEVE,33,VEGADEO,1.0,Renfe Data,43.479667,-7.057327
05199,VILAVEDELLE,FEVE,33,CASTROPOL,1.0,Renfe Data,43.490502,-7.038353
05203,TREMAÑES CARREÑO,FEVE,33,GIJÓN,1.0,Renfe Data,43.5285524,-5.6948835
05204,CENTRO DE TRANSPORTES,FEVE,33,GIJÓN,1.0,Renfe Data,43.5311295,-5.7067165
05207,ABOÑO APEADERO,FEVE,33,CARREÑO,1.0,Renfe Data,43.555049,-5.7236039
05208,XIVARES,FEVE,33,CARREÑO,1.0,Renfe Data,43.5659387,-5.7287459
05209,PERLORA,FEVE,33,CARREÑO,1.0,Renfe Data,43.5808632,-5.7541047
05210,CANDÁS-APEADERO,FEVE,33,CARREÑO,1.0,Renfe Data,43.586538,-5.7679715
05211,CANDÁS,FEVE,33,CARREÑO,1.0,Renfe Data,43.5847107,-5.7726902
05213,REGUERAL,FEVE,33,CARREÑO,1.0,Renfe Data,43.5805017,-5.797616
05215,ZANZABORNÍN,FEVE,33,CARREÑO,1.0,Renfe Data,43.5689267,-5.825312
05216,GUDÍN LAMINACIÓN,FEVE,33,CORVERA DE ASTURIAS,1.0,Renfe Data,43.5522931,-5.8653924
05217,TRASONA,FEVE,33,CORVERA DE ASTURIAS,1.0,Renfe Data,43.5517694,-5.8741747
05218,OFICINES,FEVE,33,OVIEDO,1.0,Renfe Data,43.551308,-5.877217
05219,LLARANES,FEVE,33,AVILÉS,1.0,Renfe Data,43.5543366,-5.8965567
05220,CRISTALERÍA,FEVE,33,AVILÉS,1.0,Renfe Data,43.5755676,-5.9292414
05221,AVILÉS-APEADERO,FEVE,33,AVILÉS,1.0,Renfe Data,43.5546343,-5.9174416
05224,RAÍCES,FEVE,33,CASTRILLÓN,1.0,Renfe Data,43.5763492,-5.9399127
05225,SALINAS,FEVE,33,CASTRILLÓN,1.0,Renfe Data,43.5703913,-5.9566256
05227,PIEDRAS BLANCAS,FEVE,33,CASTRILLÓN,1.0,Renfe Data,43.5565567,-5.9755523
05229,VEGARROZADAS,FEVE,33,CASTRILLÓN,1.0,Renfe Data,43.5511613,-5.995514
05231,SANTIAGO DEL MONTE,FEVE,33,CASTRILLÓN,1.0,Renfe Data,43.5409241,-6.027971
05232,EL PARADOR,FEVE,33,SOTO DEL BARCO,1.0,Renfe Data,43.5351412,-6.0705907
05233,SOTO DEL BARCO,FEVE,33,SOTO DEL BARCO,1.0,Renfe Data,43.5290556,-6.0712934
05235,RIBERAS,FEVE,33,SOTO DEL BARCO,1.0,Renfe Data,43.5027396,-6.0743054
05237,PEÑAULLÁN,FEVE,33,PRAVIA,1.0,Renfe Data,43.4911696,-6.0939642
05239,SANTIANES,FEVE,33,PRAVIA,1.0,Renfe Data,43.503799,-6.0918391
05241,LOS CABOS,FEVE,33,PRAVIA,1.0,Renfe Data,43.5124147,-6.0974746
05243,MUROS DEL NALÓN,FEVE,33,MUROS DE NALÓN,1.0,Renfe Data,43.5429728,-6.1110718
05244,EL PITO PIÑERA,FEVE,33,CUDILLERO,1.0,Renfe Data,43.5469091,-6.1433417
05245,CUDILLERO,FEVE,33,CUDILLERO,1.0,Renfe Data,43.5509259,-6.1519305
05247,VILLADEMAR,FEVE,33,CUDILLERO,1.0,Renfe Data,43.557065,-6.155477
05249,LA MAGDALENA,FEVE,33,CUDILLERO,1.0,Renfe Data,43.559309,-6.184922
05251,SAN MARTÍN DE LUIÑA,FEVE,33,CUDILLERO,1.0,Renfe Data,43.544753,-6.228702
05253,SAN COSME,FEVE,33,CUDILLERO,1.0,Renfe Data,43.544069,-6.248091
05255,SOTO DE LUIÑA,FEVE,33,CUDILLERO,1.0,Renfe Data,43.559635,-6.234369
05257,VALDREDO,FEVE,33,CUDILLERO,1.0,Renfe Data,43.56638,-6.263234
05259,NOVELLANA,FEVE,33,CUDILLERO,1.0,Renfe Data,43.557795,-6.289593
05261,SANTA MARINA,FEVE,33,CUDILLERO,1.0,Renfe Data,43.552674,-6.305181
05263,BALLOTA,FEVE,33,CUDILLERO,1.0,Renfe Data,43.550716,-6.322812
05265,TABLIZO,FEVE,33,VALDÉS,1.0,Renfe Data,43.547253,-6.351225
05267,CADAVEDO,FEVE,33,VALDÉS,1.0,Renfe Data,43.542952,-6.391612
05269,SAN CRISTÓBAL,FEVE,33,VALDÉS,1.0,Renfe Data,43.547225,-6.415264
05271,CANERO,FEVE,33,VALDÉS,1.0,Renfe Data,43.541913,-6.445878
05273,BARCIA,FEVE,33,VALDÉS,1.0,Renfe Data,43.546813,-6.50828
05275,LUARCA,FEVE,33,VALDÉS,1.0,Renfe Data,43.537949,-6.536617
05277,OTUR,FEVE,33,VALDÉS,1.0,Renfe Data,43.540541,-6.593562
05279,VILLAPEDRE,FEVE,33,NAVIA,1.0,Renfe Data,43.546723,-6.64587
05281,PIÑERA-VILLAORIL,FEVE,33,NAVIA,1.0,Renfe Data,43.535685,-6.685414
05283,NAVIA,FEVE,33,NAVIA,1.0,Renfe Data,43.536802,-6.719425
05285,MEDAL,FEVE,33,COAÑA,1.0,Renfe Data,43.545692,-6.752994
05287,LOZA,FEVE,33,COAÑA,1.0,Renfe Data,43.551254,-6.771675
05289,CARTAVIO,FEVE,33,COAÑA,1.0,Renfe Data,43.550714,-6.789622
05291,LA CARIDAD,FEVE,33,FRANCO (EL),1.0,Renfe Data,43.547074,-6.827541
05293,TAPIA,FEVE,33,TAPIA DE CASARIEGO,1.0,Renfe Data,43.535026,-6.909329
05295,TOL,FEVE,33,CASTROPOL,1.0,Renfe Data,43.527204,-6.952128
05297,LAS CAMPAS DE CASTROPOL,FEVE,33,CASTROPOL,1.0,Renfe Data,43.5202979,-6.9771022
05299,CASTROPOL,FEVE,33,CASTROPOL,1.0,Renfe Data,43.5095861,-7.0147697
05300,VALLOBÍN,FEVE,33,OVIEDO,1.0,Renfe Data,43.3652306,-5.8647984
05301,ARGAÑOSA-LAVAPIÉS,FEVE,33,OVIEDO,1.0,Renfe Data,43.3658311,-5.870018
05302,LAS CAMPAS,FEVE,33,OVIEDO,1.0,Renfe Data,43.3638889,-5.8833728
05303,LAS MAZAS,FEVE,33,OVIEDO,1.0,Renfe Data,43.3587192,-5.8975568
05304,SAN CLAUDIO,FEVE,33,OVIEDO,1.0,Renfe Data,43.3553535,-5.9178091
05306,SAN PEDRO DE NORA,FEVE,33,OVIEDO,1.0,Renfe Data,43.3687481,-5.9585951
05308,SOTO UDRIÓN,FEVE,33,OVIEDO,1.0,Renfe Data,43.3564364,-5.9650157
05311,TRUBIA,FEVE,33,OVIEDO,1.0,Renfe Data,43.34857,-5.9677756
05313,SANTA MARÍA DE GRADO,FEVE,33,GRADO,1.0,Renfe Data,43.3842274,-5.9827075
05315,VEGA DE ANZO,FEVE,33,GRADO,1.0,Renfe Data,43.38933,-6.0056834
05316,PEÑAFLOR DE GRADO,FEVE,33,GRADO,1.0,Renfe Data,43.4029267,-6.0453921
05317,GRADO,FEVE,33,GRADO,1.0,Renfe Data,43.3945424,-6.0637254
05319,SANDICHE,FEVE,33,CANDAMO,1.0,Renfe Data,43.4256226,-6.0599341
05320,ACES,FEVE,33,CANDAMO,1.0,Renfe Data,43.4399142,-6.0657983
05321,SAN ROMÁN,FEVE,33,CANDAMO,1.0,Renfe Data,43.4488839,-6.0771641
05323,BEIFAR,FEVE,33,PRAVIA,1.0,Renfe Data,43.4701379,-6.0988707
05325,PRAVIA,FEVE,33,PRAVIA,1.0,Renfe Data,43.4908983,-6.1105373
05327,SAN RANÓN,FEVE,33,PRAVIA,1.0,Renfe Data,43.5164547,-6.0820305
05329,SAN ESTEBAN,FEVE,33,MUROS DE NALÓN,1.0,Renfe Data,43.552094,-6.0872393
05351,PALOMAR,FEVE,33,RIBERA DE ARRIBA,1.0,Renfe Data,43.309911,-5.912549
05355,PARTEAYER,FEVE,33,MORCÍN,1.0,Renfe Data,43.28332,-5.87513
05361,BAIÑA,FEVE,33,MIERES,1.0,Renfe Data,43.2744717,-5.8282902
05369,MIERES VASCO,FEVE,33,MIERES,1.0,Renfe Data,43.2502968,-5.7801106
05371,CAUDALIA,FEVE,33,MIERES,1.0,Renfe Data,43.2282154,-5.782774
05373,FIGAREDO,FEVE,33,ALLER,1.0,Renfe Data,43.2138398,-5.7840362
05375,UJO TARUELO,FEVE,33,MIERES,1.0,Renfe Data,43.2006229,-5.7878612
05376,SANTA CRUZ,FEVE,33,MIERES,1.0,Renfe Data,43.1959703,-5.7775447
05377,CABORANA,FEVE,33,ALLER,1.0,Renfe Data,43.1761169,-5.7548626
05379,MOREDA DE ALLER,FEVE,33,ALLER,1.0,Renfe Data,43.1707918,-5.7419622
05380,SAN ANTONIO,FEVE,33,ALLER,1.0,Renfe Data,43.168851,-5.6967075
05381,OYANCO,FEVE,33,ALLER,1.0,Renfe Data,43.1665527,-5.7221512
05382,CORIGOS,FEVE,33,ALLER,1.0,Renfe Data,43.1642867,-5.6766513
05383,PIÑERES,FEVE,33,ALLER,1.0,Renfe Data,43.165973,-5.6842539
05384,SANTA ANA-SOTO,FEVE,33,RIBERA DE ARRIBA,1.0,Renfe Data,43.1647805,-5.6460998
05385,CABAÑAQUINTA,FEVE,33,ALLER,1.0,Renfe Data,43.16077,-5.6248987
05387,LEVINCO,FEVE,33,ALLER,1.0,Renfe Data,43.1511077,-5.6002937
05389,COLLANZO,FEVE,33,ALLER,1.0,Renfe Data,43.1241004,-5.5661544
05403,TREMAÑES-LANGREO,FEVE,33,GIJÓN,1.0,Renfe Data,43.5285439,-5.6948684
05405,SOTIELLO,FEVE,33,GIJÓN,1.0,Renfe Data,43.5072386,-5.7265416
05407,PINZALES,FEVE,33,GIJÓN,1.0,Renfe Data,43.4865408,-5.7197038
05409,AGUDA,FEVE,33,GIJÓN,1.0,Renfe Data,43.4655199,-5.7260209
05410,XIXÚN,FEVE,33,SIERO,1.0,Renfe Data,43.3714523,-5.6938682
05411,LA FLORIDA,FEVE,33,SIERO,1.0,Renfe Data,43.4347588,-5.7099268
05412,PUENTE BURACOS,FEVE,33,SIERO,1.0,Renfe Data,43.4480478,-5.7172664
05413,NOREÑA,FEVE,33,NOREÑA,1.0,Renfe Data,43.3939778,-5.7036269
05415,BENDICIÓN,FEVE,33,SIERO,1.0,Renfe Data,43.3634748,-5.680585
05416,VALDESOTO,FEVE,33,SIERO,1.0,Renfe Data,43.3583496,-5.6581467
05417,CARBAYÍN,FEVE,33,SIERO,1.0,Renfe Data,43.3507215,-5.6343348
05420,CURUXONA,FEVE,33,SIERO,1.0,Renfe Data,43.3398152,-5.6304762
05421,TUILLA,FEVE,33,LANGREO,1.0,Renfe Data,43.3281506,-5.6430775
05426,LA FELGUERA N. LANGREO-N. LLANGRÉU,FEVE,33,LANGREO,1.0,Renfe Data,43.305459,-5.688896
05427,SAMA LOS LLERONES,FEVE,33,LANGREO,1.0,Renfe Data,43.296706,-5.680359
05431,CIAÑO ESCOBIO,FEVE,33,LANGREO,1.0,Renfe Data,43.2907242,-5.6678998
05432,SAN VICENTE,FEVE,33,SAN MARTÍN DEL REY AURELIO,1.0,Renfe Data,43.2891417,-5.6529333
05433,EL ENTREGO LA OSCURA,FEVE,33,SAN MARTÍN DEL REY AURELIO,1.0,Renfe Data,43.2895101,-5.6408099
05435,CARROCERA,FEVE,33,SAN MARTÍN DEL REY AURELIO,1.0,Renfe Data,43.2877335,-5.6263765
05436,SAN MARTÍN,FEVE,33,SAN MARTÍN DEL REY AURELIO,1.0,Renfe Data,43.2783764,-5.6152919
05437,SOTRONDIO,FEVE,33,SAN MARTÍN DEL REY AURELIO,1.0,Renfe Data,43.2759255,-5.60489
05439,BLIMEA,FEVE,33,SAN MARTÍN DEL REY AURELIO,1.0,Renfe Data,43.2708812,-5.5903311
05441,BARREDOS,FEVE,33,LAVIANA,1.0,Renfe Data,43.2598889,-5.5749934
05443,LAVIANA,FEVE,33,LAVIANA,1.0,Renfe Data,43.2508161,-5.5646688
05451,BILBAO LA CONCORDIA,FEVE,48,BILBAO,1.0,Renfe Data,43.2601901,-2.9263839
05455,BASURTO HOSPITAL,FEVE,48,BILBAO,1.0,Renfe Data,43.2597699,-2.9538267
05457,ZORROTZA ZORROZGOITI,FEVE,48,BILBAO,1.0,Renfe Data,43.2740398,-2.9740116
05459,SANTA ÁGUEDA,FEVE,48,BILBAO,1.0,Renfe Data,43.261857,-2.9730218
05460,KASTREXANA,FEVE,48,BILBAO,1.0,Renfe Data,43.2554758,-2.9721445
05461,IRAUREGUI,FEVE,48,ALONSOTEGI,1.0,Renfe Data,43.248418,-2.9900734
05463,ZARAMILLO,FEVE,48,GÜEÑES,1.0,Renfe Data,43.2332894,-3.015904
05465,LA QUADRA,FEVE,48,GÜEÑES,1.0,Renfe Data,43.222723,-3.0249848
05467,SODUPE,FEVE,48,GÜEÑES,1.0,Renfe Data,43.2020301,-3.050517
05469,ARTXUBE,FEVE,48,GÜEÑES,1.0,Renfe Data,43.200993,-3.0715031
05470,LAMBARRI,FEVE,48,GÜEÑES,1.0,Renfe Data,43.2060733,-3.0825107
05471,GÜEÑES,FEVE,48,GÜEÑES,1.0,Renfe Data,43.2090276,-3.0952113
05473,ARANGUREN,FEVE,48,ZALLA,1.0,Renfe Data,43.2104561,-3.108399
05474,ARANGUREN-APEADERO,FEVE,48,ZALLA,1.0,Renfe Data,43.2103517,-3.1140505
05475,ZALLA,FEVE,48,ZALLA,1.0,Renfe Data,43.2129096,-3.1333368
05477,COLEGIO,FEVE,48,ZALLA,1.0,Renfe Data,43.2112674,-3.1381409
05479,IBARRA,FEVE,48,ZALLA,1.0,Renfe Data,43.203959,-3.1448388
05481,LA HERRERA,FEVE,48,ZALLA,1.0,Renfe Data,43.2034521,-3.1705687
05483,BALMASEDA,FEVE,48,BALMASEDA,1.0,Renfe Data,43.1963551,-3.1899562
05485,LA CALZADA,FEVE,48,BALMASEDA,1.0,Renfe Data,43.1901154,-3.1974062
05487,TRASLAVIÑA,FEVE,48,ARTZENTALES,1.0,Renfe Data,43.23329,-3.198304
05489,ARTZENTALES,FEVE,48,ERRIBERAGOITIA/RIBERA ALTA,1.0,Renfe Data,43.2355083,-3.2133583
05493,VILLAVERDE DE TRUCIOS,FEVE,48,TRUCIOS-TURTZIOZ,1.0,Renfe Data,43.24128,-3.25054
05497,KARRANTZA,FEVE,48,KARRANTZA HARANA/VALLE DE CARRANZA,1.0,Renfe Data,43.238854,-3.357827
05504,PARQUE PRINCIPADO,FEVE,33,OVIEDO,1.0,Renfe Data,43.3865865,-5.8087971
05505,COLLOTO,FEVE,33,SIERO,1.0,Renfe Data,43.3795086,-5.792366
05507,MERES,FEVE,33,SIERO,1.0,Renfe Data,43.3809885,-5.7487209
05508,FONCIELLO,FEVE,33,SIERO,1.0,Renfe Data,43.3817779,-5.7297194
05509,EL BERRÓN,FEVE,33,SIERO,1.0,Renfe Data,43.3827383,-5.7026774
05511,LA CARRERA DE SIERO,FEVE,33,SIERO,1.0,Renfe Data,43.3869214,-5.6753462
05513,POLA DE SIERO,FEVE,33,SIERO,1.0,Renfe Data,43.3881527,-5.6647718
05515,LOS CORROS,FEVE,33,SIERO,1.0,Renfe Data,43.3768432,-5.6013769
05517,LIERES,FEVE,33,SIERO,1.0,Renfe Data,43.380583,-5.5826229
05519,RIANES,FEVE,33,RIAÑO,1.0,Renfe Data,43.3789387,-5.5628276
05521,EL REMEDIO,FEVE,33,NAVA,1.0,Renfe Data,43.3750793,-5.5462394
05522,LLAMES,FEVE,33,NAVA,1.0,Renfe Data,43.3687796,-5.5252404
05523,NAVA,FEVE,33,NAVA,1.0,Renfe Data,43.3611878,-5.5090986
05525,FUENTE SANTA DE NAVA,FEVE,33,NAVA,1.0,Renfe Data,43.3555699,-5.478379
05527,CECEDA,FEVE,33,NAVA,1.0,Renfe Data,43.3562226,-5.4511094
05529,CARANCOS,FEVE,33,NAVA,1.0,Renfe Data,43.3555692,-5.4344422
05531,PINTUELES,FEVE,33,PILOÑA,1.0,Renfe Data,43.3599234,-5.3841316
05533,INFIESTO,FEVE,33,PILOÑA,1.0,Renfe Data,43.3517868,-5.3692019
05534,INFIESTO APEADERO,FEVE,33,PILOÑA,1.0,Renfe Data,43.3440407,-5.3606414
05535,VILLAMAYOR,FEVE,33,PILOÑA,1.0,Renfe Data,43.3631,-5.30285
05537,SEBARES,FEVE,33,PILOÑA,1.0,Renfe Data,43.36236,-5.2574
05539,SOTO DE DUEÑAS,FEVE,33,PARRES,1.0,Renfe Data,43.3583,-5.22689
05541,OZANES,FEVE,33,PARRES,1.0,Renfe Data,43.368395,-5.185191
05542,POLICLÍNICO,FEVE,33,PARRES,1.0,Renfe Data,43.378622,-5.18603
05543,ARRIONDAS,FEVE,33,PARRES,1.0,Renfe Data,43.387513,-5.188258
05545,FUENTES,FEVE,33,PARRES,1.0,Renfe Data,43.401443,-5.143117
05547,TORAÑO,FEVE,33,PARRES,1.0,Renfe Data,43.412281,-5.118013
05549,CUEVAS,FEVE,33,RIBADESELLA,1.0,Renfe Data,43.431144,-5.073302
05551,LLOVIO,FEVE,33,RIBADESELLA,1.0,Renfe Data,43.440563,-5.055592
05552,RIBADESELLA PUERTO,FEVE,33,RIBADESELLA,1.0,Renfe Data,43.4586649,-5.0568797
05553,RIBADESELLA,FEVE,33,RIBADESELLA,1.0,Renfe Data,43.45945,-5.0545
05555,CAMANGO,FEVE,33,RIBADESELLA,1.0,Renfe Data,43.44821,-5.01882
05557,BELMONTE DE PRÍA,FEVE,33,LLANES,1.0,Renfe Data,43.4398,-4.98228
05559,NUEVA,FEVE,33,LLANES,1.0,Renfe Data,43.440585,-4.935531
05561,VILLAHORMES,FEVE,33,LLANES,1.0,Renfe Data,43.4420099,-4.90383
05563,POSADA,FEVE,33,LLANES,1.0,Renfe Data,43.42483,-4.865
05565,BALMORI,FEVE,33,LLANES,1.0,Renfe Data,43.42147,-4.83583
05567,CELORIO,FEVE,33,LLANES,1.0,Renfe Data,43.42501,-4.81133
05569,POO,FEVE,33,LLANES,1.0,Renfe Data,43.42429,-4.78189
05571,LLANES,FEVE,33,LLANES,1.0,Renfe Data,43.42094,-4.7587
05573,SAN ROQUE DEL ACEBAL,FEVE,33,LLANES,1.0,Renfe Data,43.39473,-4.73013
05575,VIDIAGO,FEVE,33,LLANES,1.0,Renfe Data,43.39647,-4.673
05577,PENDUELES,FEVE,33,LLANES,1.0,Renfe Data,43.39283,-4.63039
05579,COLOMBRES,FEVE,33,RIBADEDEVA,1.0,Renfe Data,43.38272,-4.55709
05602,VALDECILLA LA MARGA,FEVE,39,SANTANDER,1.0,Renfe Data,43.4529465,-3.8282409
05603,CAZOÑA,FEVE,39,SANTANDER,1.0,Renfe Data,43.4551542,-3.8411637
05604,ADARZO,FEVE,39,SANTANDER,1.0,Renfe Data,43.4534716,-3.8559044
05605,BEZANA,FEVE,39,SANTA CRUZ DE BEZANA,1.0,Renfe Data,43.4408549,-3.8995921
05607,MORTERA,FEVE,39,PIÉLAGOS,1.0,Renfe Data,43.4352343,-3.9182532
05609,BOO DE PIÉLAGOS,FEVE,39,PIÉLAGOS,1.0,Renfe Data,43.4316558,-3.9463107
05611,MOGRO,FEVE,39,MIENGO,1.0,Renfe Data,43.4248932,-3.9605163
05613,GORNAZO,FEVE,39,MIENGO,1.0,Renfe Data,43.4097025,-3.9886035
05615,MAR,FEVE,39,POLANCO,1.0,Renfe Data,43.3984063,-4.0100059
05617,REQUEJADA,FEVE,39,POLANCO,1.0,Renfe Data,43.3914179,-4.0280246
05619,BARREDA,FEVE,39,TORRELAVEGA,1.0,Renfe Data,43.3742833,-4.0418972
05620,ALTAMIRA,FEVE,39,TORRELAVEGA,1.0,Renfe Data,43.3519196,-4.0569699
05621,TORRELAVEGA-CENTRO,FEVE,39,TORRELAVEGA,1.0,Renfe Data,43.3510014,-4.0511789
05622,GANZO,FEVE,39,TORRELAVEGA,1.0,Renfe Data,43.3565281,-4.0702273
05623,PUENTE SAN MIGUEL,FEVE,39,REOCÍN,1.0,Renfe Data,43.3586724,-4.0877667
05625,SANTA ISABEL DE QUIJAS,FEVE,39,REOCÍN,1.0,Renfe Data,43.3590101,-4.1118533
05627,SAN PEDRO DE RUDAGÜERA,FEVE,39,ALFOZ DE LLOREDO,1.0,Renfe Data,43.3611587,-4.1495281
05629,GOLBARDO,FEVE,39,REOCÍN,1.0,Renfe Data,43.3408164,-4.1556282
05631,CASAR DE PERIEDO,FEVE,39,CABEZÓN DE LA SAL,1.0,Renfe Data,43.3387837,-4.174731
05633,VIRGEN DE LA PEÑA,FEVE,39,CABEZÓN DE LA SAL,1.0,Renfe Data,43.3230394,-4.193484
05635,ONTORIA,FEVE,39,CABEZÓN DE LA SAL,1.0,Renfe Data,43.3153337,-4.2154219
05637,CABEZÓN DE LA SAL,FEVE,39,CABEZÓN DE LA SAL,1.0,Renfe Data,43.3079038,-4.2319437
05641,TRECEÑO,FEVE,39,VALDÁLIGA,1.0,Renfe Data,43.31828,-4.30902
05643,ROIZ,FEVE,39,VALDÁLIGA,1.0,Renfe Data,43.32821,-4.34927
05644,EL BARCENAL,FEVE,39,SAN VICENTE DE LA BARQUERA,1.0,Renfe Data,43.340347,-4.383335
05645,SAN VICENTE DE LA BARQUERA,FEVE,39,SAN VICENTE DE LA BARQUERA,1.0,Renfe Data,43.367837,-4.404504
05647,PESUÉS,FEVE,39,VAL DE SAN VICENTE,1.0,Renfe Data,43.370289,-4.480174
05649,UNQUERA,FEVE,39,VAL DE SAN VICENTE,1.0,Renfe Data,43.37478,-4.51434
05651,NUEVA MONTAÑA,FEVE,39,SANTANDER,1.0,Renfe Data,43.4401845,-3.8493711
05652,VALLE REAL,FEVE,39,SANTANDER,1.0,Renfe Data,43.4275399,-3.8405377
05655,MALIAÑO VIDRIERA,FEVE,39,CAMARGO,1.0,Renfe Data,43.4160163,-3.8411016
05657,ASTILLERO,FEVE,39,ASTILLERO (EL),1.0,Renfe Data,43.4036508,-3.8206798
05658,LA CANTÁBRICA,FEVE,39,COMILLAS,1.0,Renfe Data,43.3973661,-3.8149679
05659,SAN SALVADOR,FEVE,39,MEDIO CUDEYO,1.0,Renfe Data,43.393766,-3.803854
05661,HERAS,FEVE,39,MEDIO CUDEYO,1.0,Renfe Data,43.4008996,-3.7666376
05663,OREJO,FEVE,39,MARINA DE CUDEYO,1.0,Renfe Data,43.3994776,-3.7383974
05665,SOLARES,FEVE,39,MEDIO CUDEYO,1.0,Renfe Data,43.387247,-3.7313834
05667,CECEÑAS,FEVE,39,MEDIO CUDEYO,1.0,Renfe Data,43.3764924,-3.7181918
05669,LA CAVADA,FEVE,39,RIOTUERTO,1.0,Renfe Data,43.3506141,-3.7070777
05671,LIÉRGANES,FEVE,39,LIÉRGANES,1.0,Renfe Data,43.3450748,-3.742645
05672,PUENTE AGÜERO,FEVE,39,ENTRAMBASAGUAS,1.0,Renfe Data,43.406489,-3.719342
05673,VILLAVERDE DE PONTONES,FEVE,39,RIBAMONTÁN AL MONTE,1.0,Renfe Data,43.411322,-3.703643
05675,HOZ DE ANERO,FEVE,39,RIBAMONTÁN AL MONTE,1.0,Renfe Data,43.404885,-3.666883
05677,BERANGA,FEVE,39,HAZAS DE CESTO,1.0,Renfe Data,43.41371,-3.57713
05679,GAMA,FEVE,39,BÁRCENA DE CICERO,1.0,Renfe Data,43.42315,-3.52472
05681,CICERO,FEVE,39,BÁRCENA DE CICERO,1.0,Renfe Data,43.417052,-3.49049
05683,TRETO,FEVE,39,BÁRCENA DE CICERO,1.0,Renfe Data,43.39409,-3.4692
05685,LIMPIAS,FEVE,39,LIMPIAS,1.0,Renfe Data,43.35881,-3.43334
05687,MARRÓN,FEVE,39,AMPUERO,1.0,Renfe Data,43.34661,-3.420918
05689,UDALLA,FEVE,39,RASINES,1.0,Renfe Data,43.31368,-3.44549
05691,GIBAJA,FEVE,39,RAMALES DE LA VICTORIA,1.0,Renfe Data,43.28219,-3.43831
05721,ARLA BERRÓN,FEVE,09,VALLE DE MENA,1.0,Renfe Data,43.166699,-3.227589
05722,UNGO NAVA,FEVE,09,VALLE DE MENA,1.0,Renfe Data,43.142894,-3.264716
05724,MERCADILLO VILLASANA,FEVE,09,CEREZO DE RÍO TIRÓN,1.0,Renfe Data,43.105209,-3.264469
05727,CADAGUA,FEVE,09,VALLE DE MENA,1.0,Renfe Data,43.068171,-3.347339
05730,BERCEDO-MONTIJA,FEVE,09,MERINDAD DE SOTOSCUEVA,1.0,Renfe Data,43.088479,-3.456
05731,QUINTANA DE LOS PRADOS,FEVE,09,ESPINOSA DE LOS MONTEROS,1.0,Renfe Data,43.08,-3.51
05732,ESPINOSA DE LOS MONTEROS,FEVE,09,ESPINOSA DE LOS MONTEROS,1.0,Renfe Data,43.074252,-3.537116
05733,REDONDO,FEVE,09,MERINDAD DE SOTOSCUEVA,1.0,Renfe Data,43.062993,-3.607895
05734,SOTOSCUEVA,FEVE,09,MERINDAD DE SOTOSCUEVA,1.0,Renfe Data,43.045292,-3.688253
05735,PEDROSA,FEVE,09,MERINDAD DE VALDEPORRES,1.0,Renfe Data,43.012367,-3.737852
05736,DOSANTE CIDAD,FEVE,09,MERINDAD DE VALDEPORRES,1.0,Renfe Data,43.00125,-3.74525
05737,ROBREDO AHEDO,FEVE,09,MERINDAD DE VALDEPORRES,1.0,Renfe Data,43.019094,-3.809231
05738,SONCILLO,FEVE,09,VALLE DE VALDEBEZANA,1.0,Renfe Data,43.005809,-3.844888
05739,CABAÑAS DE VIRTUS,FEVE,09,VALLE DE VALDEBEZANA,1.0,Renfe Data,42.996397,-3.858466
05740,ARIJA,FEVE,09,ARIJA,1.0,Renfe Data,42.991292,-3.945006
05741,LLANO,FEVE,39,ROZAS DE VALDEARROYO (LAS),1.0,Renfe Data,42.988062,-3.982357
05742,LAS ROZAS DE VALDEARROYO,FEVE,39,ROZAS DE VALDEARROYO (LAS),1.0,Renfe Data,42.973605,-4.029864
05743,MONTES CLAROS,FEVE,39,VALDEPRADO DEL RÍO,1.0,Renfe Data,42.934323,-4.050073
05744,LOS CARABEOS,FEVE,39,VALDEPRADO DEL RÍO,1.0,Renfe Data,42.910329,-4.075211
05747,CILLAMAYOR,FEVE,34,BARRUELO DE SANTULLÁN,1.0,Renfe Data,42.857752,-4.279178
05748,SALINAS DE PISUERGA,FEVE,34,SALINAS DE PISUERGA,1.0,Renfe Data,42.851271,-4.386209
05749,VADO-CERVERA,FEVE,34,DEHESA DE MONTEJO,1.0,Renfe Data,42.83936,-4.49477
05750,CASTREJÓN DE LA PEÑA,FEVE,34,CASTREJÓN DE LA PEÑA,1.0,Renfe Data,42.81199,-4.60162
05751,VILLAVERDE TARILONTE,FEVE,34,SANTIBÁÑEZ DE LA PEÑA,1.0,Renfe Data,42.818353,-4.685419
05752,SANTIBÁÑEZ DE LA PEÑA,FEVE,34,SANTIBÁÑEZ DE LA PEÑA,1.0,Renfe Data,42.80204,-4.74145
05753,GUARDO APEADERO,FEVE,34,GUARDO,1.0,Renfe Data,42.7877378,-4.845133
05754,GUARDO,FEVE,34,GUARDO,1.0,Renfe Data,42.790995,-4.8519325
05755,LA LLAMA DE LA GUZPEÑA,FEVE,24,PRADO DE LA GUZPEÑA,1.0,Renfe Data,42.7702481,-5.0412478
05756,LA ESPINA,FEVE,24,VALDERRUEDA,1.0,Renfe Data,42.786856,-4.9052025
05757,VALCUENDE,FEVE,24,VALDERRUEDA,1.0,Renfe Data,42.765578,-4.9292558
05758,PUENTE ALMUHEY,FEVE,24,VALDERRUEDA,1.0,Renfe Data,42.787632,-4.9718992
05759,PRADO DE LA GUZPEÑA,FEVE,24,PRADO DE LA GUZPEÑA,1.0,Renfe Data,42.7832347,-5.0270973
05760,VALLE DE LAS CASAS,FEVE,24,CEBANICO,1.0,Renfe Data,42.767772,-5.0713669
05761,CISTIERNA,FEVE,24,CISTIERNA,1.0,Renfe Data,42.80316,-5.1307925
05762,YUGUEROS,FEVE,24,ERCINA (LA),1.0,Renfe Data,42.8097904,-5.180063
05763,LA ERCINA,FEVE,24,ERCINA (LA),1.0,Renfe Data,42.808848,-5.2138924
05764,BARRILLOS,FEVE,24,ERCINA (LA),1.0,Renfe Data,42.8123682,-5.2831145
05765,LA LOSILLA,FEVE,24,VEGAQUEMADA,1.0,Renfe Data,42.8385443,-5.3181608
05766,BOÑAR,FEVE,24,BOÑAR,1.0,Renfe Data,42.8627875,-5.3285261
05767,LA VECILLA,FEVE,24,VECILLA (LA),1.0,Renfe Data,42.8551158,-5.4121157
05768,AVIADOS,FEVE,24,VALDEPIÉLAGO,1.0,Renfe Data,42.8547767,-5.4428396
05769,LA VALCUEVA,FEVE,24,MATALLANA DE TORÍO,1.0,Renfe Data,42.8496651,-5.4869085
05770,MATALLANA,FEVE,24,MATALLANA DE TORÍO,1.0,Renfe Data,42.841149,-5.5218718
05771,PARDAVÉ,FEVE,24,MATALLANA DE TORÍO,1.0,Renfe Data,42.8063499,-5.5081891
05772,PEDRÚN,FEVE,24,GARRAFE DE TORÍO,1.0,Renfe Data,42.7908982,-5.5069482
05773,MANZANEDA,FEVE,24,TRUCHAS,1.0,Renfe Data,42.7542903,-5.5165558
05774,GARRAFE,FEVE,24,GARRAFE DE TORÍO,1.0,Renfe Data,42.7345075,-5.524156
05775,PALAZUELO,FEVE,24,GARRAFE DE TORÍO,1.0,Renfe Data,42.7071257,-5.5337809
05776,SAN FELIZ,FEVE,24,GARRAFE DE TORÍO,1.0,Renfe Data,42.6823112,-5.5379086
05777,VILLAQUILAMBRE,FEVE,24,VILLAQUILAMBRE,1.0,Renfe Data,42.6468662,-5.5540376
05778,FEVE-LEÓN,FEVE,24,LEÓN,1.0,Renfe Data,42.6024918,-5.5749341
05784,HOSPITALES,FEVE,24,LEÓN,1.0,Renfe Data,42.6126201,-5.5698556
05785,VILLASINTA,FEVE,24,VILLAQUILAMBRE,1.0,Renfe Data,42.6575819,-5.5492813
05786,MATUECA,FEVE,24,GARRAFE DE TORÍO,1.0,Renfe Data,42.7715398,-5.5119483
05787,NAREDO,FEVE,24,MATALLANA DE TORÍO,1.0,Renfe Data,42.8336507,-5.5231779
05788,ROBLES,FEVE,24,MATALLANA DE TORÍO,1.0,Renfe Data,42.8407366,-5.5073155
05789,CAMPOHERMOSO,FEVE,24,VECILLA (LA),1.0,Renfe Data,42.8559355,-5.4287449
05790,SORRIBA,FEVE,24,VALVERDE DE LA VIRGEN,1.0,Renfe Data,42.786277,-5.1274758
05793,LA MATA DE LA RIBA,FEVE,24,VEGAQUEMADA,1.0,Renfe Data,42.8585407,-5.3394898
05794,LA RAYA,FEVE,24,LEÓN,1.0,Renfe Data,42.6381109,-5.5569812
05795,OTERO,FEVE,24,VILLAOBISPO DE OTERO,1.0,Renfe Data,42.8595705,-5.3899673
05796,VILLA ROMANA,FEVE,24,LEÓN,1.0,Renfe Data,42.6292043,-5.5613065
05797,VALDEPIÉLAGO,FEVE,24,VALDEPIÉLAGO,1.0,Renfe Data,42.8649635,-5.4032191
05798,LA DEVESA,FEVE,24,TRUCHAS,1.0,Renfe Data,42.8201272,-5.3021918
05799,CEREZAL DE LA GUZPEÑA,FEVE,24,PRADO DE LA GUZPEÑA,1.0,Renfe Data,42.7797744,-5.0055719
05801,VENTAS/S.MAMÉS,FEVE,24,LEÓN,1.0,Renfe Data,42.609876,-5.5711761
05803,LA ASUNCIÓN UNIVERSIDAD,FEVE,24,LEÓN,1.0,Renfe Data,42.6160983,-5.5660988
05805,BARRIO DE LAS OLLAS,FEVE,24,BOÑAR,1.0,Renfe Data,42.8646447,-5.3344811
05807,VALDERILLA,FEVE,24,SIERO,1.0,Renfe Data,42.7187742,-5.5300014
05951,CARTAGENA-PLAZA BASTARRECHE,FEVE,30,CARTAGENA,1.0,Renfe Data,37.6036154,-0.9773265
05952,HOSPITAL,FEVE,30,CARTAGENA,1.0,Renfe Data,37.6052193,-0.9607323
05953,MEDIA LEGUA,FEVE,30,CARTAGENA,1.0,Renfe Data,37.6078831,-0.9536521
05955,VISTA ALEGRE,FEVE,30,CARTAGENA,1.0,Renfe Data,37.6093129,-0.9437592
05957,ABREVADERO,FEVE,30,CARTAGENA,1.0,Renfe Data,37.6097023,-0.9318284
05959,ALUMBRES,FEVE,30,CARTAGENA,1.0,Renfe Data,37.6099324,-0.9148413
05961,LA ESPERANZA,FEVE,30,MURCIA,1.0,Renfe Data,37.6137635,-0.8914408
05963,LA UNIÓN VIEJA,FEVE,30,UNIÓN (LA),1.0,Renfe Data,37.6154668,-0.8816322
05965,LA UNIÓN,FEVE,30,UNIÓN (LA),1.0,Renfe Data,37.6155485,-0.875132
05967,SIERRA MINERA,FEVE,30,UNIÓN (LA),1.0,Renfe Data,37.6198783,-0.8648822
05969,LLANO DEL BEAL,FEVE,30,CARTAGENA,1.0,Renfe Data,37.6260468,-0.8362123
05971,EL ESTRECHO,FEVE,30,FUENTE ÁLAMO DE MURCIA,1.0,Renfe Data,37.6276079,-0.829592
05973,NIETOS VIEJOS,FEVE,30,CARTAGENA,1.0,Renfe Data,37.6469125,-0.7915137
05975,LOS NIETOS PESCADERÍA,FEVE,30,CARTAGENA,1.0,Renfe Data,37.6493515,-0.7878563
05977,LOS NIETOS,FEVE,30,CARTAGENA,1.0,Renfe Data,37.6518304,-0.7970802
99177,LEON TURISTICO,FEVE,24,LEÓN,1.0,Renfe Data,42.60232,-5.57504
LCG,A Coruña,Aeropuerto,15,A Coruña,3.0,AENA/ENAIRE,43.3021,-8.3773
MAD,Adolfo Suárez Madrid-Barajas,Aeropuerto,28,Adolfo Suárez Madrid-Barajas,3.0,AENA/ENAIRE,40.4983,-3.5676
ABC,Albacete,Aeropuerto,02,Albacete,3.0,AENA/ENAIRE,38.9485,-1.8635
AEI,Algeciras,Aeropuerto,11,Algeciras,3.0,AENA/ENAIRE,36.1289,-5.4411
ALC,Alicante-Elche Miguel Hernández,Aeropuerto,03,Alicante-Elche Miguel Hernández,3.0,AENA/ENAIRE,38.2822,-0.5582
LEI,Almería,Aeropuerto,04,Almería,3.0,AENA/ENAIRE,36.8439,-2.3701
OVD,Asturias,Aeropuerto,33,Asturias,3.0,AENA/ENAIRE,43.5636,-6.0346
BJZ,Badajoz,Aeropuerto,06,Badajoz,3.0,AENA/ENAIRE,38.8913,-6.8213
BIO,Bilbao,Aeropuerto,48,Bilbao,3.0,AENA/ENAIRE,43.3011,-2.9106
RGS,Burgos,Aeropuerto,09,Burgos,3.0,AENA/ENAIRE,42.3576,-3.6208
CDT,Castellón,Aeropuerto,12,Castellón,3.0,AENA/ENAIRE,40.2139,0.0733
JCU,Ceuta,Aeropuerto,51,Ceuta,3.0,AENA/ENAIRE,35.8969,-5.3064
ODB,Córdoba,Aeropuerto,14,Córdoba,3.0,AENA/ENAIRE,37.8419,-4.8489
VDE,El Hierro,Aeropuerto,38,El Hierro,3.0,AENA/ENAIRE,27.8148,-17.8871
GRX,Federico García Lorca Granada-Jaén,Aeropuerto,18,Federico García Lorca Granada-Jaén,3.0,AENA/ENAIRE,37.1887,-3.7774
FUE,Fuerteventura,Aeropuerto,35,Fuerteventura,3.0,AENA/ENAIRE,28.4527,-13.8638
GRO,Girona-Costa Brava,Aeropuerto,17,Girona-Costa Brava,3.0,AENA/ENAIRE,41.901,2.7606
LPA,Gran Canaria,Aeropuerto,35,Gran Canaria,3.0,AENA/ENAIRE,27.9319,-15.3866
HSK,Huesca-Pirineos,Aeropuerto,22,Huesca-Pirineos,3.0,AENA/ENAIRE,42.0761,-0.3167
IBZ,Ibiza,Aeropuerto,07,Ibiza,3.0,AENA/ENAIRE,38.8729,1.3731
RMU,Internacional Región de Murcia,Aeropuerto,30,Internacional Región de Murcia,3.0,AENA/ENAIRE,37.803,-1.125
XRY,Jerez,Aeropuerto,11,Jerez,3.0,AENA/ENAIRE,36.7446,-6.0601
BCN,Josep Tarradellas Barcelona-El Prat,Aeropuerto,08,Josep Tarradellas Barcelona-El Prat,3.0,AENA/ENAIRE,41.2974,2.0833
GMZ,La Gomera,Aeropuerto,38,La Gomera,3.0,AENA/ENAIRE,28.0296,-17.2146
SPC,La Palma,Aeropuerto,38,La Palma,3.0,AENA/ENAIRE,28.6265,-17.7556
LEN,León,Aeropuerto,24,León,3.0,AENA/ENAIRE,42.589,-5.6556
ILD,Lleida-Alguaire,Aeropuerto,25,Lleida-Alguaire,3.0,AENA/ENAIRE,41.7282,0.535
RJL,Logroño-Agoncillo,Aeropuerto,26,Logroño-Agoncillo,3.0,AENA/ENAIRE,42.4609,-2.3222
MCV,Madrid-Cuatro Vientos,Aeropuerto,28,Madrid-Cuatro Vientos,3.0,AENA/ENAIRE,40.3707,-3.7851
AGP,Málaga-Costa del Sol,Aeropuerto,29,Málaga-Costa del Sol,3.0,AENA/ENAIRE,36.6749,-4.4991
MLN,Melilla,Aeropuerto,52,Melilla,3.0,AENA/ENAIRE,35.2798,-2.9563
MAH,Menorca,Aeropuerto,07,Menorca,3.0,AENA/ENAIRE,39.8626,4.2186
PMI,Palma de Mallorca,Aeropuerto,07,Palma de Mallorca,3.0,AENA/ENAIRE,39.5517,2.7388
PNA,Pamplona,Aeropuerto,31,Pamplona,3.0,AENA/ENAIRE,42.77,-1.6463
REU,Reus,Aeropuerto,43,Reus,3.0,AENA/ENAIRE,41.1474,1.1672
QSA,Sabadell,Aeropuerto,08,Sabadell,3.0,AENA/ENAIRE,41.5209,2.1051
SLM,Salamanca,Aeropuerto,37,Salamanca,3.0,AENA/ENAIRE,40.9521,-5.5019
EAS,San Sebastián,Aeropuerto,20,San Sebastián,3.0,AENA/ENAIRE,43.3565,-1.7906
SCQ,Santiago-Rosalía de Castro,Aeropuerto,15,Santiago-Rosalía de Castro,3.0,AENA/ENAIRE,42.8963,-8.4151
SDR,Seve Ballesteros-Santander,Aeropuerto,39,Seve Ballesteros-Santander,3.0,AENA/ENAIRE,43.4271,-3.82
SVQ,Sevilla,Aeropuerto,41,Sevilla,3.0,AENA/ENAIRE,37.418,-5.8931
SBO,Son Bonet,Aeropuerto,07,Son Bonet,3.0,AENA/ENAIRE,39.5989,2.7028
TFN,Tenerife Norte-Ciudad de La Laguna,Aeropuerto,38,Tenerife Norte-Ciudad de La Laguna,3.0,AENA/ENAIRE,28.4827,-16.3415
TFS,Tenerife Sur,Aeropuerto,38,Tenerife Sur,3.0,AENA/ENAIRE,28.0445,-16.5725
VLC,Valencia,Aeropuerto,46,Valencia,3.0,AENA/ENAIRE,39.4893,-0.4816
VLL,Valladolid,Aeropuerto,47,Valladolid,3.0,AENA/ENAIRE,41.7061,-4.8519
VGO,Vigo,Aeropuerto,36,Vigo,3.0,AENA/ENAIRE,42.2318,-8.6268
VIT,Vitoria,Aeropuerto,01,Vitoria,3.0,AENA/ENAIRE,42.8828,-2.7245
ZAZ,Zaragoza,Aeropuerto,50,Zaragoza,3.0,AENA/ENAIRE,41.6662,-1.0416
