COD_PROVINCIA,PROVINCIA,COD_POSTAL,NOMBRE_MUNICIPIO,median_rent_eur,p25_rent_eur,p75_rent_eur,iqr_rent_eur,rental_homes,dwelling_types,year,lon,lat
28,Madrid,28022,Boadilla del Monte,1408.8318356867778,1078.0119811724433,1744.8472400513479,666.8352588789046,2337,2,2024,-3.8950394048789776,40.41552568550003
28,Madrid,28115,Pozuelo de Alarcón,1360.6529032258065,915.1096774193549,1821.9716129032258,906.861935483871,4650,2,2024,-3.8132219439726383,40.425292056000046
10,Cáceres,10085,"Gordo, El",1300.0,400.0,1500.0,1100.0,11,1,2024,-5.403430712335081,39.83553638550006
07,"Balears, Illes",07050,Sant Joan de Labritja,1221.5632183908046,789.6551724137931,1938.0459770114942,1148.390804597701,522,2,2024,1.4603778438727502,39.05567218300004
17,Girona,17024,Bolvir,1176.0,733.0,1652.0,919.0,25,1,2024,1.88279719846981,42.422479499000076
28,Madrid,28080,Majadahonda,1169.8465001125367,876.4821066846725,1497.7296871483231,621.2475804636506,4443,2,2024,-3.887140627415124,40.471657667000045
08,Barcelona,08120,Matadepera,1169.834808259587,861.1622418879056,1444.1799410029498,583.0176991150443,339,2,2024,2.005267769853732,41.62770107600005
08,Barcelona,08221,Sant Just Desvern,1166.818345323741,860.919964028777,1585.2347122302158,724.3147482014388,1112,2,2024,2.0762480487854074,41.39121448950007
08,Barcelona,08205,Sant Cugat del Vallès,1143.607970192775,849.658188887089,1544.128624655759,694.4704357686701,6173,2,2024,2.0651994109367102,41.46645099350005
29,Málaga,29023,Benahavís,1134.6211453744493,791.2731277533039,1687.7224669603524,896.4493392070485,227,2,2024,-5.0482455176484375,36.55033468900004
08,Barcelona,08264,Sant Vicenç de Montalt,1123.8857142857144,829.6571428571428,1523.8285714285714,694.1714285714286,385,2,2024,2.5085146156670253,41.58668524150005
08,Barcelona,08003,Alella,1105.6380597014925,803.223880597015,1561.9402985074628,758.7164179104478,536,2,2024,2.2920424263486634,41.49725249900004
28,Madrid,28152,Torrelodones,1097.6165938864629,841.917903930131,1386.850655021834,544.9327510917029,1145,2,2024,-3.92710094381008,40.56900530350006
08,Barcelona,08282,Tiana,1090.0,799.0909090909091,1355.3636363636363,556.2727272727271,440,2,2024,2.2689115172708747,41.48558774900005
08,Barcelona,08030,Cabrils,1078.6931506849314,810.8657534246576,1404.1753424657534,593.3095890410958,365,2,2024,2.3722350983416645,41.52342340850004
28,Madrid,28127,"Rozas de Madrid, Las",1051.2184130049895,809.2547883470144,1354.3536133912764,545.0988250442621,6213,2,2024,-3.8975090680596605,40.52651475650006
08,Barcelona,08281,Teià,1032.1936507936507,753.0603174603175,1379.3619047619047,626.3015873015872,315,2,2024,2.3196373703921256,41.50384781150004
28,Madrid,28181,Villaviciosa de Odón,1004.6153846153846,819.2307692307693,1291.923076923077,472.6923076923076,1326,2,2024,-3.9373876025896735,40.35632962750003
08,Barcelona,08020,Begues,994.3442211055276,709.6708542713568,1177.4824120603016,467.8115577889448,398,2,2024,1.8986578450444966,41.31770856050005
08,Barcelona,08270,Sitges,987.0264345583495,781.0257898130238,1344.233397807866,563.2076079948421,3102,2,2024,1.8637937751622684,41.25547063150006
07,"Balears, Illes",07048,Sant Josep de sa Talaia,983.7564766839379,750.0,1414.790390956194,664.790390956194,2123,2,2024,1.310012294024157,38.90499875500004
28,Madrid,28903,Tres Cantos,979.0901830282862,845.393677204659,1170.8302828618969,325.4366056572379,3005,2,2024,-3.7087130362610994,40.613041686500054
08,Barcelona,08056,Castelldefels,973.6641432791728,792.4518094534712,1263.5967503692762,471.1449409158049,5416,2,2024,1.9681733755818476,41.27687473950007
08,Barcelona,08230,Premià de Dalt,969.6178707224335,708.212927756654,1265.0817490494296,556.8688212927756,526,2,2024,2.340724523255467,41.50922699900005
20,Gipuzkoa,20069,Donostia / San Sebastián,969.4192577733199,821.0070210631895,1206.6800401203611,385.6730190571716,12961,2,2024,-1.999814920872561,43.304776464500065
08,Barcelona,08296,Vallromanes,961.2871287128713,670.3168316831683,1314.1683168316831,643.8514851485148,101,2,2024,2.3013798319812677,41.526246905500045
28,Madrid,28176,Villanueva de la Cañada,958.1497797356828,769.7923222152297,1198.3297671491505,428.5374449339208,1589,2,2024,-3.9932290027865385,40.44528170550004
46,Valencia/Valéncia,46903,San Antonio de Benagéber,953.0034129692833,703.3310580204778,1303.754266211604,600.4232081911263,293,2,2024,-0.49597709788231836,39.56403295150005
28,Madrid,28169,Venturada,952.0,625.0,1297.0,672.0,60,1,2024,-3.6214317023891422,40.79627899900004
28,Madrid,28104,Paracuellos de Jarama,948.2972051806407,700.2719836400818,1126.9311520109065,426.6591683708248,1467,2,2024,-3.524418610134559,40.51701678500007
08,Barcelona,08005,"Ametlla del Vallès, L'",946.5631067961165,693.1359223300971,1231.2912621359224,538.1553398058253,309,2,2024,2.2535203426900665,41.67272911000006
28,Madrid,28177,Villanueva del Pardillo,943.1116751269036,767.6649746192893,1170.1522842639595,402.4873096446702,985,2,2024,-3.966600003553843,40.49262224900005
28,Madrid,28006,Alcobendas,942.0688642733218,704.1430668624049,1245.4137194715067,541.2706526091018,7493,2,2024,-3.6572239439358762,40.548226589500075
17,Girona,17002,Aiguaviva,933.0,575.0,1270.0,695.0,25,1,2024,2.769229446370148,41.92791149900006
07,"Balears, Illes",07054,Santa Eulalia del Río,929.2593167701864,706.3612836438923,1390.8385093167701,684.4772256728778,3864,2,2024,1.4694527627663283,38.99135879950006
17,Girona,17136,Pontós,926.0,544.0,1177.0,633.0,13,1,2024,2.9102816488356185,42.18190317950007
08,Barcelona,08219,Vilassar de Mar,919.0060472787246,748.2319956019791,1138.7674546454095,390.5354590434305,1819,2,2024,2.3831177339041574,41.50399249900005
08,Barcelona,08029,Cabrera de Mar,916.4370860927153,755.5629139072847,1175.708609271523,420.14569536423835,302,2,2024,2.403576120966434,41.524910408500034
07,"Balears, Illes",07018,Deyá,915.0,689.0,1343.0,654.0,30,1,2024,2.6465768190334993,39.74606245050006
07,"Balears, Illes",07026,Eivissa,914.0526046986721,703.4630575417092,1227.3369084099422,523.873850868233,5874,2,2024,1.4203933362020615,38.91021004850006
17,Girona,17061,Das,911.0,781.0,1052.0,271.0,14,1,2024,1.8674383390395013,42.35697208550005
28,Madrid,28123,Rivas-Vaciamadrid,909.4555873925501,782.3409742120344,1052.2063037249284,269.86532951289394,3490,2,2024,-3.5198075133802726,40.343434351500065
48,Bizkaia,48044,Getxo,908.2805970149253,798.9223880597015,1099.3970149253732,300.4746268656718,2680,2,2024,-3.0071006236045816,43.350676845000066
08,Barcelona,08238,Sant Quirze del Vallès,907.0110701107011,688.6789667896679,1130.339483394834,441.660516605166,813,2,2024,2.0734950942643255,41.525282353500046
08,Barcelona,08197,Sant Andreu de Llavaneres,901.2145289443814,734.1271282633371,1201.2020431328037,467.0749148694666,881,2,2024,2.4771582715724576,41.57720603750005
08,Barcelona,08019,Barcelona,899.8721980455298,734.4024755691224,1171.8755439755796,437.4730684064572,143159,2,2024,2.1557762140309062,41.398175344000066
08,Barcelona,08902,Vilanova del Vallès,896.1428571428571,679.7926267281106,1080.258064516129,400.46543778801845,217,2,2024,2.3086071078118495,41.555198330500076
28,Madrid,28017,Batres,895.0,600.0,1200.0,600.0,23,1,2024,-3.924390277139845,40.223498895000034
48,Bizkaia,48016,Berango,893.0,749.6683937823834,1146.0569948186528,396.3886010362694,193,2,2024,-2.9823739400365055,43.361211782000055
28,Madrid,28015,Arroyomolinos,886.9318181818181,763.2215909090909,1024.4829545454545,261.2613636363636,1232,2,2024,-3.915293738435227,40.279652033000076
07,"Balears, Illes",07024,Formentera,883.9616519174041,664.2817109144543,1175.6637168141592,511.38200589970495,678,2,2024,1.4332504731170599,38.70621611300004
17,Girona,17090,Llambilles,882.0,506.0,1359.0,853.0,10,1,2024,2.8689063408027256,41.92544599900006
07,"Balears, Illes",07046,Sant Antoni de Portmany,880.0,650.0,1153.4,503.4000000000001,2470,2,2024,1.3385263946851444,39.00330438350005
17,Girona,17126,Parlavà,875.0,550.0,1025.0,475.0,15,1,2024,3.0422516812306153,42.02174679700005
17,Girona,17069,Fontanals de Cerdanya,875.0,721.0,996.0,275.0,28,1,2024,1.9102702467777495,42.38615158800005
08,Barcelona,08126,Montgat,874.4763358778625,714.6503816793893,1071.9679389312978,357.3175572519085,655,2,2024,2.2807211553691915,41.471318553500055
28,Madrid,28079,Madrid,873.3207560216665,700.5347470323844,1180.2670508240176,479.73230379163317,303695,2,2024,-3.6856506180084625,40.48213470400006
20,Gipuzkoa,20903,Astigarraga,868.574074074074,776.4656084656085,1020.3597883597884,243.89417989417984,378,2,2024,-1.9355216468327647,43.280053225000046
28,Madrid,28134,San Sebastián de los Reyes,868.2474798387096,716.7842741935484,1046.8215725806451,330.0372983870967,5952,2,2024,-3.5772600979999325,40.58000920550003
08,Barcelona,08069,Collbató,863.1594202898551,674.6086956521739,1146.144927536232,471.5362318840581,138,2,2024,1.8305175423555569,41.572318566000064
08,Barcelona,08118,"Masnou, El",859.9205584978334,704.9879634087627,1074.294174289841,369.3062108810784,2077,2,2024,2.310922996167811,41.47848761350005
07,"Balears, Illes",07036,Marratxí,857.0394207562349,657.7329042638777,1137.0893000804506,479.3563958165729,1243,2,2024,2.7319095723302604,39.62357520650005
20,Gipuzkoa,20079,Zarautz,856.8666666666667,748.8952380952381,1006.8095238095239,257.9142857142857,1365,2,2024,-2.1661135913491307,43.27213546950006
17,Girona,17068,Foixà,850.0,577.0,1375.0,798.0,12,1,2024,3.008008938759082,42.05246335450005
17,Girona,17073,Fornells de la Selva,849.9444444444445,682.1851851851852,1019.5370370370371,337.35185185185185,108,2,2024,2.814566618438109,41.92970849900004
48,Bizkaia,48903,Loiu,849.7272727272727,607.25,1076.2727272727273,469.02272727272725,44,2,2024,-2.918691403916057,43.31237038400005
48,Bizkaia,48089,Urduliz,848.0,750.0,948.0,198.0,164,1,2024,-2.935819156811522,43.366156155000056
08,Barcelona,08244,Santa Coloma de Cervelló,846.7555555555556,710.0444444444445,1022.0730158730158,312.02857142857135,315,2,2024,2.0194132674959393,41.36908881700003
08,Barcelona,08077,Esplugues de Llobregat,838.9429347826087,687.5407608695652,1033.9313858695652,346.390625,2944,2,2024,2.092283311749409,41.38323668950005
08,Barcelona,08089,Gavà,838.4046028210839,695.1744617668894,1075.8285077951002,380.6540460282108,2694,2,2024,1.9471918425355597,41.293156704500035
48,Bizkaia,48085,Sopela,836.1143984220907,756.6942800788954,929.3195266272189,172.6252465483235,507,2,2024,-2.983043745593374,43.376679694000046
46,Valencia/Valéncia,46216,Rocafort,835.8975903614457,637.3493975903615,1105.2791164658634,467.92971887550186,498,2,2024,-0.4153041742421407,39.53799456200005
11,Cádiz,11030,Rota,835.8133802816901,651.6455399061033,1356.9600938967137,705.3145539906104,2556,2,2024,-6.359250817998365,36.67322021600006
29,Málaga,29069,Marbella,829.629373530632,633.8888120591896,1133.5548333563822,499.66602129719263,7231,2,2024,-4.931361678430241,36.50711408550006
48,Bizkaia,48054,Leioa,826.465306122449,730.4857142857143,952.9663265306123,222.480612244898,980,2,2024,-2.986656235542765,43.32711829150006
08,Barcelona,08043,Canyelles,825.9384615384615,602.8538461538461,1059.8538461538462,457.0000000000001,130,2,2024,1.724913898231873,41.28588195200007
28,Madrid,28041,Cobeña,824.5382585751979,662.269129287599,980.6543535620053,318.38522427440637,379,2,2024,-3.5113986054809225,40.566516542000045
07,"Balears, Illes",07001,Alaró,823.8031914893617,641.8218085106383,1080.6329787234042,438.8111702127659,376,2,2024,2.7948667080740286,39.724956650500076
08,Barcelona,08214,Vilassar de Dalt,823.6346516007533,645.5894538606403,1083.1035781544256,437.51412429378524,531,2,2024,2.3544518494055486,41.51814974900006
08,Barcelona,08148,Olivella,823.216,628.4,1108.552,480.15199999999993,125,2,2024,1.8041292719600937,41.297990449000054
07,"Balears, Illes",07020,Esporles,822.2692307692307,699.7564102564103,1066.628205128205,366.8717948717948,312,2,2024,2.5927368994441844,39.66179316800003
08,Barcelona,08217,Sant Joan Despí,821.3378443692606,673.0855485741904,1074.549540840986,401.4639922667957,2069,2,2024,2.0531763852443694,41.362695900000034
25,Lleida,25175,Prats i Sansor,817.0,596.0,1406.0,810.0,11,1,2024,1.8342398139753007,42.36712824900005
07,"Balears, Illes",07010,Bunyola,816.1111111111111,626.8888888888889,1191.7283950617284,564.8395061728395,324,2,2024,2.7001573736160758,39.71292396250004
08,Barcelona,08300,Viladecavalls,815.463687150838,622.5810055865921,984.5810055865921,362.0,179,2,2024,1.9526749330522901,41.55500904500008
07,"Balears, Illes",07011,Calvià,813.7408672798949,617.9448094612352,1119.6320630749015,501.68725361366626,3805,2,2024,2.5172773761470517,39.55231733200003
28,Madrid,28072,Hoyo de Manzanares,809.9082426127527,635.1228615863141,1016.4945567651633,381.3716951788492,643,2,2024,-3.897029409372668,40.61612611400005
08,Barcelona,08108,Lliçà de Vall,808.8227848101266,596.7721518987341,1015.6075949367089,418.83544303797476,158,2,2024,2.23677308192907,41.58968649900007
08,Barcelona,08209,Sant Fost de Campsentelles,807.0978723404255,602.0936170212766,1101.8085106382978,499.7148936170212,235,2,2024,2.233512973182231,41.50726282800005
28,Madrid,28129,San Agustín del Guadalix,803.521875,682.8125,974.21875,291.40625,960,2,2024,-3.624645559270304,40.68301714200007
08,Barcelona,08068,Cervelló,802.7259615384615,622.4278846153846,1012.0961538461538,389.66826923076917,416,2,2024,1.8990456353385046,41.390928222500065
07,"Balears, Illes",07040,Palma,800.0,638.1088116505999,1006.4942366085905,368.3854249579906,33921,2,2024,2.709384602889991,39.58065437500005
17,Girona,17075,Garrigàs,800.0,510.0,890.0,380.0,16,1,2024,2.943838022760036,42.17510522750007
48,Bizkaia,48020,Bilbao,799.5028625262701,699.4977896949055,950.0355098195521,250.53772012464663,13799,2,2024,-2.933965834759505,43.25231203650006
07,"Balears, Illes",07045,Puigpunyent,799.0825688073395,650.0,1099.1834862385322,449.18348623853217,109,2,2024,2.518275234973793,39.63144581650005
08,Barcelona,08042,Cànoves i Samalús,799.0,600.0,1094.0,494.0,99,1,2024,2.3375798388778053,41.705958203500046
20,Gipuzkoa,20036,Hondarribia,798.2091974752029,686.2795311091073,946.6907123534716,260.41118124436423,1109,2,2024,-1.8265716299727188,43.36308099900006
08,Barcelona,08107,Lliçà d'Amunt,796.918918918919,600.1756756756756,989.1621621621622,388.98648648648657,370,2,2024,2.2272307595457663,41.607373552500064
08,Barcelona,08234,Sant Pere de Vilamajor,796.8057142857143,593.9657142857143,983.9085714285715,389.9428571428572,175,2,2024,2.3830320368087996,41.71767028150006
48,Bizkaia,48029,Etxebarri,793.0,701.0,889.0,188.0,264,1,2024,-2.886600482576407,43.25035978650007
07,"Balears, Illes",07025,Fornalutx,792.0,549.0,1100.0,551.0,27,1,2024,2.7576931186215536,39.79744792950004
17,Girona,17215,Vilablareix,787.8640776699029,639.3106796116505,979.6699029126214,340.35922330097094,103,2,2024,2.7808929579797814,41.952165636000046
28,Madrid,28172,Villalbilla,787.183486238532,634.4151376146789,976.394495412844,341.9793577981651,436,2,2024,-3.32668570678926,40.44398947450006
08,Barcelona,08211,Sant Feliu de Llobregat,785.9631284916201,668.8603351955308,934.9664804469273,266.1061452513966,2685,2,2024,2.047275621782853,41.39498263550007
08,Barcelona,08032,Caldes d'Estrac,784.5714285714286,616.9970845481049,985.5772594752186,368.5801749271137,343,2,2024,2.523899205236166,41.57198661050006
08,Barcelona,08075,Dosrius,784.0424528301887,649.9292452830189,998.2452830188679,348.316037735849,212,2,2024,2.4376174904393872,41.601911570000055
08,Barcelona,08261,Santa Susanna,783.9367816091954,586.7183908045977,918.4425287356322,331.72413793103453,174,2,2024,2.705273784569316,41.64336442300004
08,Barcelona,08295,Vallirana,781.9081163859112,611.1791730474732,930.4747320061256,319.29555895865235,653,2,2024,1.9141787092241973,41.37601008850007
08,Barcelona,08123,Molins de Rei,781.3968792401628,643.9192672998643,929.5033921302578,285.58412483039353,1474,2,2024,2.0315975489398834,41.41642177150007
08,Barcelona,08081,Fogars de Montclús,781.0,550.0,928.0,378.0,22,1,2024,2.4377681886970324,41.746274766000056
41,Sevilla,41040,Espartinas,779.356783919598,608.4924623115578,935.1708542713568,326.678391959799,398,2,2024,-6.129061964131921,37.38914727400007
07,"Balears, Illes",07056,Santa María del Camí,779.3244444444445,606.4577777777778,1026.7466666666667,420.2888888888889,450,2,2024,2.762616470064377,39.667404676000075
48,Bizkaia,48077,Plentzia,777.6949152542373,599.542372881356,904.8983050847457,305.3559322033898,118,2,2024,-2.937594801442386,43.39203200000006
08,Barcelona,08156,Palau-solità i Plegamans,777.5664335664336,632.083916083916,912.6153846153846,280.5314685314686,715,2,2024,2.1753809356112357,41.586097293500046
28,Madrid,28009,Algete,776.7790697674419,618.9093023255814,951.9325581395349,333.0232558139535,860,2,2024,-3.499109601013493,40.61808804200007
08,Barcelona,08204,Sant Climent de Llobregat,776.5,619.5,982.7272727272727,363.22727272727275,176,2,2024,1.9860114708770453,41.33554749900006
46,Valencia/Valéncia,46070,Bétera,775.016081871345,526.3866959064327,1103.0855263157894,576.6988304093567,1368,2,2024,-0.45885258346032254,39.600715749000074
07,"Balears, Illes",07047,Sencelles,775.0,550.0,1215.0,665.0,170,1,2024,2.8849083423745876,39.64577906350004
08,Barcelona,08266,Cerdanyola del Vallès,773.7558500140964,650.0,905.4355793628418,255.43557936284185,3547,2,2024,2.1260583195439136,41.47965314800004
46,Valencia/Valéncia,46135,Godella,772.5410334346504,546.5288753799392,1015.6231003039513,469.0942249240121,658,2,2024,-0.4264586252408764,39.532613934500034
08,Barcelona,08169,"Prat de Llobregat, El",771.2819247378162,638.3158544108575,879.0049352251697,240.6890808143122,3242,2,2024,2.10465432797014,41.31377999900005
07,"Balears, Illes",07005,Andratx,771.1382113821138,600.0,1026.8292682926829,426.82926829268285,984,2,2024,2.4030716875170217,39.58335012150005
20,Gipuzkoa,20902,Lasarte-Oria,770.6614906832298,702.3933747412008,867.7587991718426,165.36542443064184,966,2,2024,-2.010174377069874,43.25990324900005
08,Barcelona,08172,Premià de Mar,770.3520761245675,629.4403114186852,914.0596885813148,284.6193771626297,2312,2,2024,2.3571146620522856,41.491156749000055
08,Barcelona,08153,Òrrius,769.0178571428571,530.5178571428571,939.3392857142857,408.82142857142856,56,2,2024,2.3495743823976323,41.557406306000075
28,Madrid,28050,Cubas de la Sagra,768.3826086956522,639.704347826087,983.591304347826,343.8869565217391,115,2,2024,-3.8393216963687435,40.189544756500055
48,Bizkaia,48069,Mungia,768.11175616836,668.200290275762,881.5936139332366,213.39332365747464,689,2,2024,-2.835976853139253,43.359431408000034
08,Barcelona,08009,Argentona,767.2236842105264,623.7368421052631,945.7982456140351,322.06140350877195,684,2,2024,2.3930105059778333,41.56596186200008
28,Madrid,28026,Brunete,767.1283547257876,610.6394399066511,913.7234539089849,303.0840140023338,857,2,2024,-3.9944235127749765,40.398479340500074
17,Girona,17012,Avinyonet de Puigventós,765.0,538.0,895.0,357.0,38,1,2024,2.9148720613321157,42.25286174900006
17,Girona,17038,Campllong,762.0,527.0,931.0,404.0,12,1,2024,2.8335304743572616,41.896186985500066
17,Girona,17004,Albons,761.6315789473684,558.7368421052631,935.1578947368421,376.42105263157896,38,2,2024,3.08018237977197,42.10631599900006
08,Barcelona,08208,Sant Esteve Sesrovires,761.4397590361446,616.644578313253,921.5963855421687,304.95180722891575,332,2,2024,1.8812113485841602,41.480500593000045
08,Barcelona,08231,Sant Pere de Ribes,761.3294117647059,622.0044117647059,913.8823529411765,291.8779411764706,2040,2,2024,1.7730472285473646,41.256205977000064
48,Bizkaia,48043,Gorliz,759.3492822966507,649.4306220095693,869.5693779904307,220.13875598086133,209,2,2024,-2.9332930961805626,43.414101249000055
28,Madrid,28010,Alpedrete,758.3819241982508,608.2740524781341,875.6151603498542,267.34110787172017,1029,2,2024,-4.027705542115562,40.65784549900005
31,Navarra,31131,Iza/Itza,758.1842105263158,570.2894736842105,839.078947368421,268.7894736842105,38,2,2024,-1.7700096724239258,42.886907365500036
08,Barcelona,08039,Campins,758.0,537.0,1041.0,504.0,37,1,2024,2.4698094232668275,41.72993875250003
08,Barcelona,08301,Viladecans,757.4205244415668,646.9362253156361,906.6804791194561,259.74425380382,3089,2,2024,2.0291264240640556,41.30626838950005
08,Barcelona,08291,Vacarisses,755.9803921568628,541.3725490196078,930.5882352941177,389.21568627450984,204,2,2024,1.9077199169870074,41.609120991000054
08,Barcelona,08235,Sant Pol de Mar,755.1566484517305,595.3369763205828,960.1183970856102,364.7814207650274,549,2,2024,2.6233559048292454,41.61211651550008
07,"Balears, Illes",07053,Santa Eugènia,754.8828828828829,551.5045045045046,1060.7207207207207,509.21621621621614,111,2,2024,2.8334375701243975,39.61757126500004
08,Barcelona,08289,Torrelles de Llobregat,754.1393188854489,624.6594427244582,949.7925696594427,325.1331269349845,323,2,2024,1.970459721557826,41.35322874900004
17,Girona,17082,Guils de Cerdanya,754.0,572.0,1203.0,631.0,38,1,2024,1.8605823319115324,42.455739925000046
08,Barcelona,08248,Santa Eulàlia de Ronçana,753.7761732851985,587.0902527075813,957.2563176895306,370.1660649819494,277,2,2024,2.2191239833088083,41.64557736750004
20,Gipuzkoa,20081,Zumaia,752.0,652.0,852.0,200.0,494,1,2024,-2.242786659910725,43.285628038000056
20,Gipuzkoa,20061,Orio,752.0,637.0,852.0,215.0,371,1,2024,-2.1062017243853557,43.291265499000076
28,Madrid,28090,Moralzarzal,750.4936170212766,564.7063829787234,975.7248226950354,411.01843971631206,705,2,2024,-3.88960209619571,40.657177999000055
17,Girona,17040,Canet d'Adri,750.0,545.0,984.0,439.0,37,1,2024,2.7258032766723703,42.057321347000055
22,Huesca,22163,Nueno,750.0,525.0,1165.0,640.0,13,1,2024,-0.40653475357089214,42.27538163700004
17,Girona,17142,Quart,749.8181818181819,558.4090909090909,944.0227272727273,385.6136363636364,132,2,2024,2.8910161676713826,41.95612814450004
08,Barcelona,08054,Castellbisbal,744.8665594855305,612.7090032154341,903.2154340836013,290.5064308681672,622,2,2024,1.9664485523628303,41.47942649250004
20,Gipuzkoa,20064,Pasaia,744.0,659.0,802.0,143.0,1127,1,2024,-1.8935954000365913,43.33873687150006
28,Madrid,28053,Daganzo de Arriba,743.21875,629.8333333333334,865.8333333333334,236.0,384,2,2024,-3.4388364127014803,40.56676233700003
08,Barcelona,08239,Sant Quirze Safaja,742.0,520.0,981.0,461.0,22,1,2024,2.166495255644007,41.73228449900006
28,Madrid,28007,Alcorcón,741.8551650692226,625.178381256656,854.2811501597444,229.1027689030883,9390,2,2024,-3.8366945579252363,40.362189065500075
07,"Balears, Illes",07031,Llucmajor,740.7743080198723,568.6501064584812,961.6465578424414,392.9964513839602,2818,2,2024,2.848199282102325,39.45220745900005
48,Bizkaia,48081,Lezama,740.5714285714286,636.1428571428571,862.7142857142857,226.57142857142856,56,2,2024,-2.8291672868328046,43.27463316950005
28,Madrid,28057,Fresno de Torote,739.5373134328358,592.8805970149253,856.776119402985,263.8955223880597,67,2,2024,-3.4101537037021066,40.611502901500046
08,Barcelona,08023,Bigues i Riells,739.5081967213115,577.0131147540984,908.727868852459,331.7147540983606,305,2,2024,2.2098475286783033,41.685111182500066
46,Valencia/Valéncia,46116,"Eliana, l'",738.9057750759879,577.1854103343466,1019.775075987842,442.58966565349544,987,2,2024,-0.5305229485532825,39.56163845150007
28,Madrid,28144,Soto del Real,738.4547368421053,571.9157894736842,914.7642105263158,342.8484210526316,475,2,2024,-3.7854950495608986,40.753103145500035
08,Barcelona,08207,Sant Esteve de Palautordera,738.0434782608696,567.8260869565217,987.0,419.17391304347825,253,2,2024,2.4198449915312175,41.716924092000056
08,Barcelona,08194,Sant Adrià de Besòs,735.2186358099879,595.7247259439707,873.2978075517661,277.5730816077954,1642,2,2024,2.223399272343822,41.41988434800007
20,Gipuzkoa,20039,Getaria,734.0,614.0,802.0,188.0,180,1,2024,-2.207136599699009,43.287584221500055
08,Barcelona,08074,Cubelles,733.6043689320388,608.9563106796116,870.7354368932039,261.77912621359224,1236,2,2024,1.661553071865337,41.21856017850004
08,Barcelona,08088,"Garriga, La",733.1219168428471,608.4524312896406,874.7406624383368,266.28823114869624,1419,2,2024,2.2783303327609117,41.690949435500045
17,Girona,17232,Vilopriu,733.0,558.0,1060.0,502.0,13,1,2024,2.9824265497426596,42.11072297250004
17,Girona,17153,Rupià,733.0,615.0,1093.0,478.0,17,1,2024,3.011587270175225,42.01357299900005
19,Guadalajara,19230,Quer,733.0,601.0,905.0,304.0,20,1,2024,-3.282744563544541,40.61310549900003
08,Barcelona,08015,Badalona,731.9125345472281,596.8327101284344,886.5005690131686,289.6678588847342,12302,2,2024,2.243263637451949,41.45914860950006
28,Madrid,28023,"Boalo, El",731.25,555.8181818181819,922.2272727272727,366.4090909090909,484,2,2024,-3.9166511451130015,40.722474249000044
08,Barcelona,08072,Corbera de Llobregat,730.6618705035971,585.9280575539568,894.9928057553957,309.0647482014389,834,2,2024,1.9268699499872222,41.42360520450006
28,Madrid,28149,Torrejón de la Calzada,729.6363636363636,608.7272727272727,873.3787878787879,264.6515151515151,330,2,2024,-3.798641056904663,40.19536266750006
20,Gipuzkoa,20073,Usurbil,729.4659863945578,630.2312925170068,859.1734693877551,228.9421768707483,294,2,2024,-2.064854664892983,43.267404698000064
28,Madrid,28049,Coslada,729.1849751948972,620.7075360264588,849.4271202456887,228.7195842192299,4233,2,2024,-3.555160810666479,40.430505806500065
08,Barcelona,08157,Pallejà,729.032590051458,614.6260720411664,885.8816466552315,271.25557461406515,583,2,2024,1.986366300393867,41.428592336000065
45,Toledo,45083,Layos,729.0,529.0,852.0,323.0,23,1,2024,-4.051105568020223,39.761059451500046
07,"Balears, Illes",07034,Mancor de la Vall,729.0,530.0,1033.0,503.0,66,1,2024,2.8647972056953033,39.76125000850004
07,"Balears, Illes",07008,Binissalem,728.305785123967,575.6570247933885,972.2644628099174,396.60743801652893,484,2,2024,2.859094121661526,39.68633674900005
08,Barcelona,08051,Castellar del Vallès,727.6898678414096,579.3162995594714,856.7471365638767,277.43083700440525,1135,2,2024,2.0741200124566745,41.619836128500026
29,Málaga,29007,Alhaurín de la Torre,727.3574660633484,559.3049773755656,949.1402714932127,389.8352941176471,1105,2,2024,-4.581316401472724,36.658998324000066
48,Bizkaia,48904,Sondika,726.841726618705,610.5611510791367,878.31654676259,267.75539568345323,139,2,2024,-2.9300514732547582,43.290708652000035
08,Barcelona,08101,"Hospitalet de Llobregat, L'",726.3187281520854,612.3625436958291,843.7291098022315,231.3665661064024,20883,2,2024,2.1137727785727867,41.358758685000055
22,Huesca,22228,Tierz,725.0,525.0,815.0,290.0,10,1,2024,-0.3537816422017537,42.129779402000054
08,Barcelona,08304,Vilobí del Penedès,725.0,565.0,1062.0,497.0,28,1,2024,1.6673982796430438,41.386558012500046
48,Bizkaia,48040,Gatika,724.6969696969697,624.3636363636364,828.8484848484849,204.4848484848485,33,2,2024,-2.8868532150441837,43.35951258900005
17,Girona,17163,Sant Gregori,724.2197802197802,541.5714285714286,953.8241758241758,412.2527472527472,182,2,2024,2.7581966162221736,42.00832454750005
01,Araba/Álava,01059,Vitoria-Gasteiz,723.7301587301587,625.4060317460318,819.6342857142857,194.22825396825397,9450,2,2024,-2.663188270669318,42.85069099900005
08,Barcelona,08252,Barberà del Vallès,723.7068493150684,624.1958904109589,841.5198630136987,217.3239726027398,1460,2,2024,2.13341190317666,41.51943182300005
07,"Balears, Illes",07007,Banyalbufar,723.6111111111111,564.5833333333334,902.5277777777778,337.94444444444446,36,2,2024,2.52787806107446,39.68028396200003
48,Bizkaia,48902,Erandio,722.0,637.8,802.0,164.20000000000005,645,2,2024,-2.9642388942343425,43.31767832700004
28,Madrid,28100,Nuevo Baztán,721.0,572.0,994.0,422.0,138,1,2024,-3.2524966458606044,40.37750455850005
20,Gipuzkoa,20045,Irun,720.7773056735816,648.8122969257686,807.6620844788803,158.8497875531117,4001,2,2024,-1.7928771727874104,43.320831715000054
17,Girona,17205,Ullastret,720.0,593.0,981.0,388.0,12,1,2024,3.0717220237903105,42.00304207700006
28,Madrid,28045,Colmenar Viejo,719.5684593400883,586.8472330475448,898.1667965705378,311.319563522993,3849,2,2024,-3.75261450560285,40.65631091250006
11,Cádiz,11027,"Puerto de Santa María, El",719.1942829457364,522.5532945736434,969.4055232558139,446.85222868217056,4128,2,2024,-6.2252855781798795,36.62702464900005
41,Sevilla,41093,Tomares,719.0,588.1694915254237,869.6101694915254,281.4406779661017,1062,2,2024,-6.04947251956693,37.36853274950005
46,Valencia/Valéncia,46013,Alboraya,718.7121629058888,557.1106219042377,934.5465052283985,377.4358833241607,1817,2,2024,-0.3398011598231272,39.501825415500036
08,Barcelona,08263,Sant Vicenç dels Horts,718.4123711340206,585.8865979381443,848.4536082474227,262.56701030927843,1164,2,2024,2.0039569729393865,41.39101247250005
08,Barcelona,08046,Cardedeu,718.1099290780141,589.6170212765958,870.968085106383,281.3510638297872,1410,2,2024,2.3530383108819457,41.64709824900004
29,Málaga,29082,Rincón de la Victoria,717.2683423913044,585.0006793478261,888.8926630434783,303.89198369565213,2944,2,2024,-4.273006427740042,36.73447229400006
07,"Balears, Illes",07063,Valldemossa,717.0529100529101,577.7777777777778,923.2804232804233,345.50264550264546,189,2,2024,2.60426617008892,39.699155893500034
48,Bizkaia,48014,Barrika,716.4230769230769,610.0769230769231,907.1153846153846,297.03846153846155,52,2,2024,-2.965332727202502,43.397468465500054
48,Bizkaia,48901,Derio,716.0,635.0,801.0,166.0,166,1,2024,-2.8826727869911832,43.300244339000045
08,Barcelona,08905,"Palma de Cervelló, La",715.6220472440945,599.3503937007874,833.8582677165355,234.50787401574803,254,2,2024,1.960454762126019,41.41176949900006
28,Madrid,28044,Colmenarejo,715.5337423312883,588.0981595092024,852.5092024539878,264.4110429447853,652,2,2024,-4.012645176835834,40.53117485400006
29,Málaga,29025,Benalmádena,715.4670355002305,558.1599815583218,906.4462886122637,348.286307053942,4338,2,2024,-4.551843608278049,36.596412870500075
08,Barcelona,08200,Sant Boi de Llobregat,715.1201445347787,611.5745257452575,827.6650858175249,216.0905600722674,4428,2,2024,2.0489806569391975,41.32654387650007
28,Madrid,28046,Collado Mediano,715.0503597122303,505.9424460431655,886.4460431654676,380.5035971223021,417,2,2024,-4.029709532197928,40.69528124900006
28,Madrid,28093,Navacerrada,714.5454545454545,595.4545454545455,836.3636363636364,240.90909090909088,231,2,2024,-4.003485744061279,40.750912071000045
08,Barcelona,08158,"Papiol, El",714.1730769230769,597.1653846153846,858.2384615384616,261.073076923077,260,2,2024,2.012801830259267,41.43863924900006
29,Málaga,29067,Málaga,713.4038558377096,553.809258326739,934.5613984605424,380.7521401338033,27802,2,2024,-4.443537190510686,36.760763975500055
08,Barcelona,08073,Cornellà de Llobregat,712.7437937619351,601.962603437301,829.8542329726289,227.89162953532787,6284,2,2024,2.0761158911717383,41.35857633750004
28,Madrid,28148,Torrejón de Ardoz,712.6687647521636,600.521243115657,829.6742722265932,229.15302911093625,7626,2,2024,-3.4640125358184286,40.469050907500076
29,Málaga,29086,Sayalonga,712.0,394.0,1108.0,714.0,14,1,2024,-4.010259958966418,36.799708393500055
17,Girona,17168,Sant Joan de Mollet,712.0,462.0,972.0,510.0,16,1,2024,2.938526508194621,42.04889455150007
07,"Balears, Illes",07058,Selva,711.7234042553191,500.5531914893617,1068.1489361702127,567.5957446808509,188,2,2024,2.9154502550573604,39.77255093700006
28,Madrid,28065,Getafe,711.3046041102438,605.5658754181934,865.7642185757527,260.1983431575593,12554,2,2024,-3.6669347746331105,40.29784401800006
20,Gipuzkoa,20072,Urnieta,710.6118421052631,645.046052631579,833.3618421052631,188.31578947368416,304,2,2024,-1.96398522813208,43.22056989650005
28,Madrid,28005,Alcalá de Henares,710.4135900339751,606.1141562853907,817.5395998489996,211.42544356360895,13245,2,2024,-3.3664968791425958,40.49741923950006
08,Barcelona,08198,Sant Antoni de Vilamajor,710.4060913705583,578.6116751269036,858.9137055837564,280.3020304568528,394,2,2024,2.3950616395755926,41.658069515500046
08,Barcelona,08033,Caldes de Montbui,709.931899641577,556.5412186379929,851.5913978494624,295.0501792114695,1116,2,2024,2.1601313463971286,41.64239390050005
28,Madrid,28160,Valdemorillo,709.8795944233207,549.191381495564,905.6261089987325,356.4347275031686,789,2,2024,-4.071438479594104,40.50719922650006
25,Lleida,25025,Naut Aran,709.5211267605633,543.3239436619718,891.5915492957746,348.26760563380276,71,2,2024,0.9142315132315609,42.70192440750006
08,Barcelona,08184,Rubí,709.36621241618,592.6556348691325,825.2253947653039,232.56975989617138,4623,2,2024,2.020350366457761,41.49625779650006
46,Valencia/Valéncia,46025,Alfara del Patriarca,709.3054830287206,526.892950391645,872.4699738903395,345.57702349869453,383,2,2024,-0.3806934467946378,39.53914045350007
28,Madrid,28092,Móstoles,708.2905724922024,604.1452862461013,819.3580843143174,215.2127980682161,9939,2,2024,-3.8944603471672434,40.32002726500005
20,Gipuzkoa,20002,Aduna,708.0,668.0,756.0,88.0,14,1,2024,-2.0595921478005916,43.21428838200006
01,Araba/Álava,01063,Zuia,707.9615384615385,608.8076923076923,875.3461538461538,266.53846153846155,52,2,2024,-2.831357163157098,42.978857252500035
28,Madrid,28066,Griñón,707.8846153846154,588.9230769230769,847.4615384615385,258.53846153846155,364,2,2024,-3.838763652251729,40.217713129500055
08,Barcelona,08167,Polinyà,706.0526315789474,590.0736842105263,805.5447368421053,215.47105263157903,380,2,2024,2.155117444842217,41.55798489800006
48,Bizkaia,48013,Barakaldo,705.5189370800244,649.3127672571777,788.2657299938912,138.95296273671352,3274,2,2024,-3.0070276074721907,43.270633866000054
08,Barcelona,08307,Vilanova i la Geltrú,704.649896049896,577.7002079002079,854.860291060291,277.1600831600831,4810,2,2024,1.706511135719298,41.232562489500054
17,Girona,17120,Palau-saverdera,704.375,503.525,925.75,422.225,40,2,2024,3.140715818899609,42.29847732700006
48,Bizkaia,48036,Galdakao,704.3142509135201,620.3349573690621,779.7295980511572,159.3946406820951,821,2,2024,-2.826081833456666,43.23673696400007
20,Gipuzkoa,20067,Errenteria,704.2109058134295,639.0347003154574,800.1338440739072,161.09914375844983,2219,2,2024,-1.8754136328979185,43.264389906000076
07,"Balears, Illes",07061,Sóller,703.935586061246,579.3558606124604,913.9968321013728,334.6409714889123,947,2,2024,2.696187153146517,39.78010877950004
08,Barcelona,08187,Sabadell,703.3280507131537,587.0895404120444,842.7345483359746,255.64500792393028,12620,2,2024,2.1052984277872886,41.54722710750005
08,Barcelona,08294,Vallgorguina,702.6310160427807,546.5668449197861,869.2192513368984,322.6524064171123,187,2,2024,2.496770069686103,41.64744162050005
20,Gipuzkoa,20053,Lezo,702.0,607.0,783.0,176.0,295,1,2024,-1.8788089985480045,43.32767364000006
28,Madrid,28003,Alameda del Valle,702.0,414.0,922.0,508.0,12,1,2024,-3.8458966778535,40.92148750100006
28,Madrid,28113,Pinto,701.5110329389191,597.9852894147746,808.0588423409018,210.07355292612726,3127,2,2024,-3.6864786184273055,40.24379349900005
08,Barcelona,08159,Parets del Vallès,701.4943705220062,571.3428863868986,815.3019447287616,243.95905834186294,977,2,2024,2.2291535312844655,41.563568582000045
28,Madrid,28130,San Fernando de Henares,701.3097072419106,599.4761171032358,792.9137134052388,193.43759630200304,1947,2,2024,-3.4397320705725916,40.43799843550005
08,Barcelona,08260,Santa Perpètua de Mogoda,700.4672489082969,569.8244541484717,840.6183406113537,270.793886462882,1145,2,2024,2.1712859219635794,41.53429387950004
28,Madrid,28054,"Escorial, El",700.2755013077593,553.8186573670445,849.2972972972973,295.4786399302528,1147,2,2024,-4.094111531264431,40.57752441400007
17,Girona,17176,Sant Mori,700.0,600.0,800.0,200.0,11,1,2024,2.987095570434951,42.149676999000064
08,Barcelona,08082,Fogars de la Selva,700.0,526.0,862.0,336.0,33,1,2024,2.6229780066767083,41.71837943500006
17,Girona,17097,Madremanya,700.0,333.0,1371.0,1038.0,19,1,2024,2.958254448136694,41.987332249000076
20,Gipuzkoa,20040,Hernani,699.2754793138245,619.3844601412715,793.3208879919273,173.93642785065583,991,2,2024,-1.9270272900215537,43.22823849800005
08,Barcelona,08001,Abrera,699.1178707224335,581.1787072243346,820.4372623574144,239.25855513307977,526,2,2024,1.9086558428724607,41.519810558000046
17,Girona,17210,Ventalló,699.0,600.0,871.0,271.0,36,1,2024,3.0482911196018447,42.14668367750005
07,"Balears, Illes",07009,Búger,699.0,450.0,1000.0,550.0,68,1,2024,2.9819564309263065,39.76072699900007
28,Madrid,28061,Galapagar,697.4548545523234,541.2062712504722,852.1541367585946,310.9478655081224,2647,2,2024,-3.987091367910023,40.56841548650007
28,Madrid,28161,Valdemoro,697.4170616113744,592.7725118483412,804.3838862559242,211.61137440758296,4220,2,2024,-3.649514551385912,40.187617922000044
07,"Balears, Illes",07004,Algaida,697.3552631578947,540.9473684210526,932.75,391.8026315789474,304,2,2024,2.9000613373706345,39.56495996450005
07,"Balears, Illes",07016,Consell,697.0754716981132,501.6981132075472,885.7547169811321,384.0566037735849,265,2,2024,2.817063165267962,39.66658166250005
17,Girona,17128,Pau,697.0,445.0,874.0,429.0,13,1,2024,3.108235107769434,42.30400664200005
07,"Balears, Illes",07060,Sineu,696.1224489795918,535.374149659864,888.7755102040817,353.4013605442177,294,2,2024,3.0262673730961165,39.65138249900005
48,Bizkaia,48905,Zamudio,696.0597014925373,610.4179104477612,781.4626865671642,171.04477611940297,134,2,2024,-2.8579351633022445,43.28919885800005
48,Bizkaia,48078,Portugalete,696.0,618.0,764.0,146.0,1148,1,2024,-3.022498177383712,43.31437699900005
48,Bizkaia,48038,Gamiz-Fika,696.0,638.0,1051.0,413.0,18,1,2024,-2.8225648508447367,43.316411967500045
08,Barcelona,08096,Granollers,695.3085762928282,570.3713556075761,815.1945094701,244.8231538625239,4699,2,2024,2.277272661654223,41.58906999900006
28,Madrid,28074,Leganés,695.0101160092808,581.7795823665894,806.6108584686775,224.83127610208817,10775,2,2024,-3.77217718276,40.33135124900005
48,Bizkaia,48082,Santurtzi,694.8412698412699,615.3280423280423,762.021164021164,146.69312169312173,1323,2,2024,-3.0451921101882746,43.33011195100005
17,Girona,17111,Navata,694.8,550.0,879.2,329.20000000000005,75,2,2024,2.860764278703141,42.21465089600005
17,Girona,17132,Peralada,694.7234042553191,481.6170212765957,931.8297872340426,450.21276595744683,94,2,2024,3.0196250123569275,42.31066614100007
20,Gipuzkoa,20003,Aizarnazabal,694.7142857142857,597.0,780.8571428571429,183.8571428571429,42,2,2024,-2.2325234041253337,43.26287099900006
03,Alicante,03082,Jávea/Xàbia,694.6610169491526,510.73446327683615,987.9774011299435,477.2429378531073,1770,2,2024,0.1614029075997733,38.76756822950006
08,Barcelona,08196,Sant Andreu de la Barca,694.6266573621773,562.2889043963712,812.8381018841591,250.54919748778786,1433,2,2024,1.9639466196261837,41.452166626000064
03,Alicante,03085,Llíber,693.0,500.0,1120.0,620.0,22,1,2024,0.010386324145291729,38.72837350350005
29,Málaga,29051,Estepona,692.8313078703703,552.9956597222222,924.4968171296297,371.5011574074075,3456,2,2024,-5.122043375741692,36.46037573050006
28,Madrid,28141,Sevilla la Nueva,692.6156202143951,581.5773353751914,807.9663093415007,226.38897396630932,653,2,2024,-4.038091387884918,40.351316079500066
48,Bizkaia,48913,Zierbena,692.0,651.0,809.0,158.0,10,1,2024,-3.099777828433254,43.35628057850005
28,Madrid,28131,San Lorenzo de El Escorial,691.7711503347535,563.6944613511869,860.4747413268411,296.78027997565425,1643,2,2024,-4.143183004764182,40.60790377750004
45,Toledo,45176,Ugena,691.2658227848101,523.4050632911392,853.7974683544304,330.3924050632912,158,2,2024,-3.870291717961787,40.166006445500074
28,Madrid,28047,Collado Villalba,691.2010398613518,576.7523589447333,818.2385904101675,241.48623146543423,5193,2,2024,-3.9818107426589595,40.64871300000007
08,Barcelona,08181,"Roca del Vallès, La",690.8668831168832,553.8262987012987,868.5081168831168,314.68181818181813,616,2,2024,2.3365495144801094,41.60082642900005
08,Barcelona,08145,Olèrdola,690.457627118644,480.52542372881356,922.9322033898305,442.40677966101697,118,2,2024,1.7242120335511988,41.32209347300005
17,Girona,17901,"Cruïlles, Monells i Sant Sadurní de l'Heura",690.0,500.0,919.0,419.0,53,1,2024,2.9624778339663496,41.92972899900005
41,Sevilla,41059,Mairena del Aljarafe,689.7234042553191,562.4914893617022,818.8548936170213,256.3634042553191,2350,2,2024,-6.0639669505749545,37.33833666550004
29,Málaga,29058,Guaro,688.625,442.51785714285717,927.3214285714286,484.8035714285714,56,2,2024,-4.840961827251512,36.678894628500046
08,Barcelona,08203,Sant Cebrià de Vallalta,688.5745856353591,518.2817679558011,827.707182320442,309.4254143646409,181,2,2024,2.608297244837688,41.633702999000064
29,Málaga,29008,Alhaurín el Grande,688.3191489361702,470.8936170212766,927.6747720364741,456.7811550151975,658,2,2024,-4.6799783175524095,36.649030679500044
17,Girona,17079,Girona,687.9004508234428,567.9553776796394,821.9850952249517,254.02971754531234,10869,2,2024,2.847017262488552,41.983593100000064
08,Barcelona,08006,Arenys de Mar,687.8947368421053,546.6842105263158,825.6736842105263,278.98947368421045,1425,2,2024,2.546210806558604,41.582152499000074
08,Barcelona,08066,Castellví de Rosanes,687.6181818181818,492.6181818181818,870.1454545454545,377.5272727272727,55,2,2024,1.9157634464070477,41.45031507600007
07,"Balears, Illes",07042,Pollença,687.528365791702,548.770533446232,911.4733276883996,362.70279424216767,1181,2,2024,3.0016714129054014,39.88691381700005
20,Gipuzkoa,20063,Oiartzun,687.2151898734177,586.5645569620253,802.9417721518987,216.37721518987337,395,2,2024,-1.8281637948715836,43.268897814500036
41,Sevilla,41017,Bormujos,687.203947368421,560.1381578947369,833.5263157894736,273.38815789473676,760,2,2024,-6.084281799391071,37.36489394950004
28,Madrid,28058,Fuenlabrada,685.9890510948906,600.2001596715329,786.3383895985402,186.13822992700727,8768,2,2024,-3.800855803817436,40.28949145350006
28,Madrid,28162,Valdeolmos-Alalpardo,685.6706586826348,584.5149700598803,820.934131736527,236.4191616766467,334,2,2024,-3.4588457299332998,40.635413499000066
19,Guadalajara,19126,Galápagos,684.0,550.0,850.0,300.0,67,1,2024,-3.3530056921025237,40.70939116100004
17,Girona,17146,Riells i Viabrea,683.7320574162679,541.866028708134,810.866028708134,269.0,209,2,2024,2.53005527084638,41.75845919450006
48,Bizkaia,48011,Arrigorriaga,683.0,603.0,750.0,147.0,266,1,2024,-2.9055391682786667,43.21509781550003
28,Madrid,28029,Cabanillas de la Sierra,683.0,541.0,845.0,304.0,45,1,2024,-3.632726037544332,40.828226975000064
29,Málaga,29054,Fuengirola,682.2197625276716,549.537935198229,836.7963372912054,287.25840209297644,4969,2,2024,-4.621740338745752,36.550083897000064
08,Barcelona,08290,Ullastrell,682.0540540540541,520.4864864864865,929.2432432432432,408.7567567567568,74,2,2024,1.9621999031542603,41.51804449550005
43,Tarragona,43100,"Pallaresos, Els",682.0281690140845,558.0704225352113,807.887323943662,249.8169014084507,71,2,2024,1.2651270833483803,41.172475999000056
48,Bizkaia,48012,Bakio,681.0,574.0,752.0,178.0,95,1,2024,-2.816034998085229,43.42071965000005
28,Madrid,28068,Guadarrama,680.8699719363891,557.7174929840972,848.7923292797007,291.0748362956034,1069,2,2024,-4.114051222619042,40.67790734150006
46,Valencia/Valéncia,46250,Valencia,680.564668769716,514.191527715187,899.5348355114917,385.34330779630466,66570,2,2024,-0.3055193584746413,39.55900174900006
08,Barcelona,08267,Sentmenat,680.3193277310925,563.09243697479,814.3193277310925,251.2268907563025,476,2,2024,2.1328750721590586,41.62045146050005
48,Bizkaia,48027,Durango,680.0,602.0,752.0,150.0,1081,1,2024,-2.670315772470195,43.15961062750006
08,Barcelona,08124,Mollet del Vallès,679.8765970707385,573.153942038018,786.747273293861,213.59333125584294,3209,2,2024,2.213056858812151,41.54954788900005
31,Navarra,31076,Cizur,679.6818181818181,527.9545454545455,963.6818181818181,435.72727272727263,44,2,2024,-1.7456723868112007,42.75373957000005
08,Barcelona,08086,"Franqueses del Vallès, Les",679.3007047768207,577.0947533281128,786.5340642129992,209.43931088488637,1277,2,2024,2.3071968770469935,41.65068939100004
17,Girona,17032,Cadaqués,679.0983606557377,510.9795081967213,900.6803278688525,389.70081967213116,244,2,2024,3.2688401887414327,42.290140689000054
07,"Balears, Illes",07013,Campos,679.0041928721174,522.8595387840671,902.7253668763103,379.8658280922432,954,2,2024,3.016258611597527,39.403640989500076
17,Girona,17130,"Pera, La",679.0,376.0,905.0,529.0,18,1,2024,2.9730999885616605,42.02019124900005
17,Girona,17195,"Tallada d'Empordà, La",679.0,490.0,1441.0,951.0,12,1,2024,3.061109088991638,42.07691292350006
28,Madrid,28119,Quijorna,678.5474137931035,537.5775862068965,835.5431034482758,297.9655172413793,232,2,2024,-4.059460109605359,40.41773030050007
28,Madrid,28140,Serranillos del Valle,678.0373831775701,578.0373831775701,894.6355140186915,316.5981308411215,107,2,2024,-3.881965149474835,40.21080633950007
08,Barcelona,08084,Fonollosa,678.0,474.0,953.0,479.0,25,1,2024,1.7058846880420997,41.77211763950007
07,"Balears, Illes",07059,"Salines, Ses",677.396484375,504.068359375,922.80078125,418.732421875,512,2,2024,3.0457955450572705,39.334827620000056
19,Guadalajara,19071,"Casar, El",677.3831775700935,505.7383177570093,834.4766355140187,328.7383177570093,535,2,2024,-3.4126482353307868,40.73198676450005
08,Barcelona,08025,"Bruc, El",677.1904761904761,561.2857142857143,789.2380952380952,227.95238095238085,126,2,2024,1.7637748054513205,41.60857963200007
20,Gipuzkoa,20046,Irura,677.0,602.0,758.0,156.0,117,1,2024,-2.058432599467293,43.172006793000065
28,Madrid,28087,"Molinos, Los",676.9811320754717,557.1622641509434,911.2943396226415,354.13207547169804,265,2,2024,-4.094881600936951,40.72082619950007
08,Barcelona,08276,Tagamanent,676.0,368.0,900.0,532.0,11,1,2024,2.2960834055000303,41.75704574000005
07,"Balears, Illes",07057,Santanyí,675.8876629889669,473.01905717151453,994.5757271815446,521.5566700100301,997,2,2024,3.130992445671005,39.33410025050006
28,Madrid,28167,Velilla de San Antonio,675.582191780822,568.554794520548,794.8972602739726,226.34246575342468,584,2,2024,-3.481785745627004,40.364785937500045
48,Bizkaia,48003,Amorebieta-Etxano,675.4346153846154,602.4153846153846,762.3230769230769,159.9076923076923,520,2,2024,-2.7097497425319004,43.21513954950004
07,"Balears, Illes",07029,Lloseta,675.1538461538462,487.5944055944056,872.3776223776224,384.7832167832168,286,2,2024,2.8664706830657063,39.71829444550005
17,Girona,17050,Cervià de Ter,675.0,500.0,824.0,324.0,33,1,2024,2.911970074337721,42.069260199500036
08,Barcelona,08256,Santa Maria de Martorelles,675.0,490.0,818.0,328.0,26,1,2024,2.2607476811137106,41.518699390500046
20,Gipuzkoa,20009,Andoain,674.6573816155989,613.6740947075209,739.6629526462395,125.98885793871864,718,2,2024,-2.0146562019709635,43.216842531000054
31,Navarra,31023,Aranguren,674.4222873900293,551.6129032258065,807.2258064516129,255.61290322580646,341,2,2024,-1.5739257655220604,42.776134866000035
08,Barcelona,08125,Montcada i Reixac,673.9829950630829,554.2759188151399,794.7449259462425,240.46900713110256,1823,2,2024,2.1867154658843444,41.485170909500056
08,Barcelona,08121,Mataró,673.7767012167643,549.3337088778729,811.0517124831005,261.7180036052275,8876,2,2024,2.4478872257893807,41.54691121850004
31,Navarra,31907,Zizur Mayor/Zizur Nagusia,673.5974499089253,552.280510018215,782.1584699453551,229.87795992714018,549,2,2024,-1.6947970265584016,42.78803116450004
28,Madrid,28075,Loeches,672.7272727272727,513.7272727272727,809.0909090909091,295.3636363636364,308,2,2024,-3.4214210001775007,40.385995749000045
31,Navarra,31902,Berrioplano/Berriobeiti,672.1362229102167,588.5232198142415,785.6873065015479,197.1640866873064,323,2,2024,-1.7029130190946746,42.86013998800004
08,Barcelona,08129,Muntanyola,672.0,500.0,729.0,229.0,15,1,2024,2.1787384745142826,41.87955406000006
35,"Palmas, Las",35019,San Bartolomé de Tirajana,671.0023866348449,523.126491646778,870.5011933174225,347.3747016706444,3352,2,2024,-15.588311596458336,27.85062045600003
17,Girona,17182,Santa Llogaia d'Àlguema,671.0,486.0,839.0,353.0,10,1,2024,2.950850957930381,42.23040116650006
48,Bizkaia,48015,Basauri,670.0,610.0,734.0,124.0,1223,1,2024,-2.8846982050916132,43.22876511100006
08,Barcelona,08027,"Cabanyes, Les",670.0,583.0,849.0,266.0,22,1,2024,1.6912900976305494,41.37281278300006
08,Barcelona,08028,Cabrera d'Anoia,670.0,550.0,819.0,269.0,33,1,2024,1.7050140194998062,41.49445797700005
28,Madrid,28084,Mejorada del Campo,669.903448275862,564.5339901477832,774.7694581280788,210.23546798029554,1015,2,2024,-3.475204849204369,40.40045581900003
08,Barcelona,08180,Ripollet,669.6513374002816,557.0835288596903,788.6733927733459,231.58986391365556,2131,2,2024,2.154081212336245,41.49927408250005
38,Santa Cruz de Tenerife,38032,"Rosario, El",669.2821782178218,510.4022277227723,886.0272277227723,375.625,808,2,2024,-16.363897035277077,28.43855881850004
17,Girona,17198,Torroella de Fluvià,668.0,508.0,826.0,318.0,42,1,2024,3.0242985414748165,42.19117974900004
28,Madrid,28089,Moraleja de Enmedio,667.7707006369427,519.9363057324841,822.5923566878981,302.656050955414,157,2,2024,-3.879750760174847,40.25757367750006
08,Barcelona,08040,Canet de Mar,667.4525,557.0166666666667,802.2083333333334,245.19166666666672,1200,2,2024,2.57827665837312,41.59759249900003
41,Sevilla,41091,Sevilla,667.4099266244455,546.7218145802527,829.097731774684,282.3759171944313,35843,2,2024,-5.95790261685897,37.383291276500074
29,Málaga,29901,Torremolinos,667.3209169054442,514.804441260745,868.3022922636103,353.49785100286533,4188,2,2024,-4.523242173324459,36.625463499000034
28,Madrid,28082,Manzanares el Real,667.1119592875318,534.8982188295165,823.7544529262086,288.8562340966921,786,2,2024,-3.8744901974382797,40.74850924200004
43,Tarragona,43012,Altafulla,666.7889182058047,526.0949868073878,825.7255936675461,299.6306068601583,379,2,2024,1.378056757614615,41.14993510300005
17,Girona,17028,Brunyola,666.0,430.0,806.0,376.0,20,1,2024,2.666451414323895,41.911160341000055
28,Madrid,28179,Villar del Olmo,666.0,487.0,904.0,417.0,54,1,2024,-3.2409533923188087,40.325359841500074
31,Navarra,31201,Pamplona/Iruña,665.55594495256,548.094367039918,799.2103598598171,251.11599281989913,11699,2,2024,-1.6522708114687341,42.817561902500046
28,Madrid,28096,Navalcarnero,664.5725190839695,550.0,795.9236641221374,245.92366412213744,1572,2,2024,-4.015122293519028,40.27861139350006
45,Toledo,45161,Seseña,663.4199057714959,561.6866902237927,742.0441696113074,180.3574793875148,1698,2,2024,-3.6592971586930574,40.089311221500054
08,Barcelona,08193,Sant Iscle de Vallalta,663.1621621621622,462.4189189189189,900.4324324324324,438.0135135135135,74,2,2024,2.567225267945986,41.63343146200006
08,Barcelona,08115,Martorelles,662.6507352941177,537.3492647058823,796.8419117647059,259.49264705882354,272,2,2024,2.23687925521162,41.53145274900007
07,"Balears, Illes",07003,Alcúdia,662.3888182973317,550.0,840.1397712833545,290.13977128335455,1574,2,2024,3.115547623628498,39.84487249700004
03,Alicante,03050,"Campello, el",662.3088541666667,539.7244791666667,856.7057291666666,316.98124999999993,1920,2,2024,-0.38993543789201235,38.44726926300007
17,Girona,17035,Camós,662.0,463.0,762.0,299.0,14,1,2024,2.7619287555421534,42.08146701300004
48,Bizkaia,48052,Larrabetzu,661.3013698630137,585.082191780822,786.6027397260274,201.5205479452054,73,2,2024,-2.7756757630562516,43.26778348300007
31,Navarra,31906,Orkoien,660.4226804123712,544.2474226804123,738.6701030927835,194.42268041237116,97,2,2024,-1.7057345484054403,42.82582436900006
17,Girona,17026,Borrassà,660.0,525.0,825.0,300.0,29,1,2024,2.9316843481656725,42.21589193850008
17,Girona,17902,Forallac,659.1506849315068,484.6575342465753,836.8630136986301,352.20547945205476,73,2,2024,3.0825269051597903,41.940226824000035
20,Gipuzkoa,20071,Tolosa,658.8941176470588,590.563025210084,747.8789915966387,157.3159663865547,1190,2,2024,-2.0908785537424377,43.12985101500004
17,Girona,17203,Ultramort,658.0,588.0,948.0,360.0,10,1,2024,3.0361481551633562,42.03805480950007
28,Madrid,28106,Parla,657.3707104881586,551.2284517480264,767.1983244723699,215.96987272434353,6207,2,2024,-3.772172399806414,40.22693349900004
08,Barcelona,08146,Olesa de Bonesvalls,656.3492063492064,526.1904761904761,913.6825396825396,387.4920634920635,63,2,2024,1.851216904464156,41.353027249000036
45,Toledo,45081,Illescas,655.6482045039562,544.9360925136945,774.8630553864881,229.92696287279364,1643,2,2024,-3.852970289939612,40.13610226200004
38,Santa Cruz de Tenerife,38001,Adeje,654.5427074939565,503.3142626913779,864.2598710717164,360.94560838033846,2482,2,2024,-16.739380342120693,28.146879523500047
28,Madrid,28059,Fuente el Saz de Jarama,654.19921875,522.330078125,808.3984375,286.068359375,512,2,2024,-3.523507268162289,40.641410004500045
31,Navarra,31088,Noáin (Valle de Elorz)/Noain (Elortzibar),654.1025641025641,556.1730769230769,710.4807692307693,154.30769230769238,312,2,2024,-1.5883714764561754,42.730407366000065
28,Madrid,28083,Meco,654.0732113144759,551.0948419301164,808.044925124792,256.9500831946756,601,2,2024,-3.3237625006600253,40.56056473450005
08,Barcelona,08279,Terrassa,653.2360128617363,546.8274383708467,786.9288317256163,240.10139335476958,13995,2,2024,2.0060152683044845,41.58184688050005
31,Navarra,31901,Barañáin/Barañain,653.0,558.0,748.0,190.0,1031,1,2024,-1.6897434116606138,42.803929880000055
17,Girona,17033,Caldes de Malavella,652.7173913043479,508.8369565217391,791.1739130434783,282.3369565217391,368,2,2024,2.8062424040461496,41.82662926400005
08,Barcelona,08105,"Llagosta, La",652.326639892905,561.1432396251673,740.3895582329317,179.24631860776435,747,2,2024,2.2008701439920877,41.51312882800005
08,Barcelona,08119,Masquefa,652.268085106383,540.531914893617,756.8085106382979,216.2765957446809,470,2,2024,1.8119355128741987,41.50312480350007
31,Navarra,31086,Valle de Egüés/Eguesibar,652.1818181818181,554.8181818181819,729.7272727272727,174.90909090909088,550,2,2024,-1.5438247948196901,42.825381223500045
20,Gipuzkoa,20019,Beasain,652.0,586.0,749.0,163.0,757,1,2024,-2.2190019776666476,43.07434668300007
48,Bizkaia,48080,Valle de Trápaga-Trapagaran,652.0,600.0,725.0,125.0,224,1,2024,-3.0384336359129707,43.288864499000056
28,Madrid,28002,Ajalvir,651.9982206405693,545.0960854092526,750.085409252669,204.9893238434164,562,2,2024,-3.4855439401971986,40.529694723000034
08,Barcelona,08245,Santa Coloma de Gramenet,650.9525483304042,548.021630390699,758.9392997161011,210.91766932540213,7397,2,2024,2.2069565304763508,41.454559999000054
17,Girona,17143,Rabós,650.0,450.0,733.0,283.0,11,1,2024,3.055114035383354,42.40160574150005
48,Bizkaia,48084,Sestao,650.0,600.0,702.0,102.0,874,1,2024,-2.9976807140798227,43.30769953500007
08,Barcelona,08272,Sora,650.0,292.0,829.0,537.0,21,1,2024,2.168379554884802,42.10600099900006
17,Girona,17087,Juià,650.0,450.0,740.0,290.0,15,1,2024,2.907996368601763,42.010440988000056
07,"Balears, Illes",07017,Costitx,650.0,450.0,912.0,462.0,86,1,2024,2.946056552648288,39.65409103600007
11,Cádiz,11012,Cádiz,649.7243073295343,525.8689329927295,800.9039103949696,275.0349774022401,5089,2,2024,-6.266503065202176,36.49396014250004
17,Girona,17181,Santa Cristina d'Aro,649.4811715481171,479.60669456066944,882.9707112970711,403.3640167364017,239,2,2024,2.9752191922626463,41.82018761200004
51,Ceuta,51001,Ceuta,649.406584992343,519.2879019908116,784.8928024502297,265.6049004594181,2612,2,2024,-5.3476748480915255,35.89454713050003
19,Guadalajara,19220,Pioz,649.0,503.0,747.0,244.0,244,1,2024,-3.175532471343274,40.454055855000036
28,Madrid,28163,Valdepiélagos,648.0,587.0,900.0,313.0,18,1,2024,-3.4674542636588352,40.764958412000055
07,"Balears, Illes",07039,Muro,647.6432291666666,501.1640625,902.9947916666666,401.83072916666663,384,2,2024,3.0922539383770005,39.76032457200006
45,Toledo,45038,Carranque,647.5,511.32716049382714,790.3703703703703,279.0432098765432,162,2,2024,-3.922041459778119,40.17684173750004
29,Málaga,29053,Frigiliana,647.1232876712329,456.8493150684931,1020.6438356164383,563.7945205479452,146,2,2024,-3.89737534139491,36.80473524400006
03,Alicante,03046,Busot,647.0,440.0,952.0,512.0,44,1,2024,-0.4180050139754381,38.50107509900005
17,Girona,17151,Riumors,647.0,368.0,806.0,438.0,12,1,2024,3.04409790792919,42.22015951650005
28,Madrid,28032,Camarma de Esteruelas,646.5065502183406,531.0043668122271,738.7510917030568,207.74672489082968,458,2,2024,-3.3774740609115255,40.567896691000044
08,Barcelona,08259,Santa Maria de Palautordera,646.4555052790347,508.5671191553545,813.0678733031674,304.5007541478129,663,2,2024,2.4540168473335684,41.68566185900005
48,Bizkaia,48910,Iurreta,645.0,600.0,697.0,97.0,98,1,2024,-2.653474831277958,43.19802417200006
20,Gipuzkoa,20016,Aia,644.8,563.6,768.0,204.39999999999998,70,2,2024,-2.1463402335737696,43.24357945350005
08,Barcelona,08135,Montmeló,644.7857142857143,533.5982142857143,755.2946428571429,221.69642857142856,448,2,2024,2.2492162235142112,41.55266619750006
08,Barcelona,08114,Martorell,644.0025940337224,518.5343709468223,765.4085603112841,246.8741893644618,1542,2,2024,1.916087453400579,41.48160489400004
28,Madrid,28014,Arganda del Rey,643.3087597571553,532.0988725065048,766.7328707718993,234.63399826539455,3459,2,2024,-3.4489386355552036,40.299155311500044
08,Barcelona,08058,Castellet i la Gornal,643.0,420.0,812.0,392.0,75,1,2024,1.6537902235001118,41.26496638250006
17,Girona,17077,Garriguella,643.0,447.0,822.0,375.0,53,1,2024,3.057939090149376,42.34086938750005
29,Málaga,29070,Mijas,642.6537050623624,508.53509415505016,835.5483003179262,327.01320616287603,4089,2,2024,-4.693764338063468,36.55164920750005
35,"Palmas, Las",35012,Mogán,642.3568773234201,504.70631970260223,837.0052044609665,332.2988847583643,1345,2,2024,-15.727243183936519,27.847215359000074
08,Barcelona,08104,"Llacuna, La",641.0,407.0,760.0,353.0,34,1,2024,1.5305917081712976,41.468897022500045
17,Girona,17150,Riudellots de la Selva,640.8,505.0,736.8,231.79999999999995,145,2,2024,2.7940893293794407,41.89679729650007
28,Madrid,28036,Casarrubuelos,640.2972972972973,549.2972972972973,737.2972972972973,188.0,148,2,2024,-3.830429755042455,40.17384441400006
17,Girona,17048,Castell-Platja d'Aro,640.133779264214,517.1939799331103,812.3411371237459,295.14715719063554,897,2,2024,3.0448978341547184,41.817091007000045
17,Girona,17186,Sarrià de Ter,639.6985294117648,503.0,778.8088235294117,275.8088235294117,272,2,2024,2.8124016059232666,42.01366945000004
19,Guadalajara,19280,Torrejón del Rey,639.0374331550802,512.5668449197861,779.8342245989305,267.26737967914437,187,2,2024,-3.3419172561870414,40.66475001150005
19,Guadalajara,19319,Villanueva de la Torre,638.9014084507043,544.9718309859155,781.2957746478874,236.32394366197184,142,2,2024,-3.304506568498444,40.59199974900005
31,Navarra,31122,Huarte/Uharte,638.2611464968153,541.5286624203821,728.3184713375796,186.78980891719743,314,2,2024,-1.5912971708508383,42.828583822500036
35,"Palmas, Las",35034,Yaiza,638.2424242424242,514.7030303030303,822.3757575757576,307.67272727272723,825,2,2024,-13.76788497117984,28.94126292300004
17,Girona,17230,Vila-sacra,637.4642857142857,500.35714285714283,719.2142857142857,218.85714285714283,28,2,2024,3.0200441389839483,42.26317481500004
08,Barcelona,08147,Olesa de Montserrat,637.4496833216045,522.8881069669247,743.859957776214,220.9718508092892,1421,2,2024,1.9008914104484655,41.55233981050006
17,Girona,17020,Bescanó,637.0,520.7610619469026,739.0088495575221,218.24778761061953,226,2,2024,2.7126826310429215,41.95321442750003
28,Madrid,28153,Torremocha de Jarama,637.0,525.0,834.0,309.0,26,1,2024,-3.4949195725829334,40.83133707700006
46,Valencia/Valéncia,46190,Paterna,636.79896373057,494.64145077720207,834.0725388601036,339.4310880829015,3860,2,2024,-0.4739876223344476,39.52646074900005
48,Bizkaia,48912,Alonsotegi,636.0,558.0,702.0,144.0,79,1,2024,-2.987828920830869,43.22915742850006
20,Gipuzkoa,20029,Deba,635.7737226277372,552.0,701.9051094890511,149.90510948905114,274,2,2024,-2.324952135841669,43.25368383650007
07,"Balears, Illes",07027,Inca,635.4245454545454,483.52181818181816,760.8409090909091,277.31909090909096,2200,2,2024,2.9394379789989777,39.71110571150007
17,Girona,17013,Begur,634.8992805755396,498.705035971223,856.6906474820144,357.98561151079133,139,2,2024,3.2112146388749148,41.95440739500006
29,Málaga,29041,Casares,633.4878048780488,483.5447154471545,842.6341463414634,359.0894308943089,246,2,2024,-5.285308359847109,36.421391621000055
08,Barcelona,08106,Llinars del Vallès,633.2630922693266,500.0,813.1521197007481,313.15211970074813,802,2,2024,2.4132819671974444,41.63579874900006
31,Navarra,31193,Cendea de Olza/Oltza Zendea,633.2432432432432,491.86486486486484,736.5405405405405,244.67567567567568,37,2,2024,-1.776251678287291,42.826291117500034
20,Gipuzkoa,20010,Anoeta,633.0,574.0,683.0,109.0,86,1,2024,-2.0785644191296435,43.165913043000074
41,Sevilla,41070,Palomares del Río,632.8,533.8666666666667,775.0666666666667,241.20000000000005,135,2,2024,-6.059722555536895,37.314804499000076
28,Madrid,28132,San Martín de la Vega,631.4457831325301,502.0120481927711,756.6024096385543,254.59036144578317,830,2,2024,-3.569022715433122,40.24328595700004
08,Barcelona,08055,Castellcir,631.32,527.16,808.34,281.18000000000006,50,2,2024,2.1593890154292805,41.76756621650006
07,"Balears, Illes",07021,Estellencs,631.0,490.0,790.0,300.0,21,1,2024,2.4803065140967693,39.64996014700006
17,Girona,17171,Sant Llorenç de la Muga,631.0,398.0,896.0,498.0,16,1,2024,2.765730570426056,42.32830614650004
08,Barcelona,08076,Esparreguera,630.3073463268366,529.9587706146926,735.4197901049475,205.4610194902549,1334,2,2024,1.8564207323932855,41.553521457000045
08,Barcelona,08202,Sant Celoni,630.118771331058,497.1959044368601,747.0614334470989,249.86552901023884,1465,2,2024,2.531976014449401,41.69459487450004
17,Girona,17071,Fontcoberta,630.0,564.0,777.0,213.0,22,1,2024,2.809838664624589,42.13462373100006
48,Bizkaia,48046,Gernika-Lumo,630.0,562.0,702.0,140.0,535,1,2024,-2.6928557532912007,43.31295717300006
29,Málaga,29068,Manilva,629.6531284302964,501.4753018660812,770.4698133918771,268.9945115257959,911,2,2024,-5.2639972242514235,36.35237428800005
43,Tarragona,43051,Cunit,629.5512195121951,528.170731707317,752.280487804878,224.109756097561,1230,2,2024,1.6322427860860675,41.215576079000044
28,Madrid,28073,Humanes de Madrid,629.3626168224299,547.7588785046729,712.9028037383177,165.14392523364484,1070,2,2024,-3.8267343625394323,40.25276924900007
28,Madrid,28018,Becerril de la Sierra,629.3231441048035,483.146288209607,804.2882096069869,321.1419213973799,458,2,2024,-3.974501780162436,40.72944054750005
07,"Balears, Illes",07012,Campanet,629.2950819672132,457.42622950819674,872.1475409836065,414.7213114754098,122,2,2024,2.958192965959158,39.797547796500055
31,Navarra,31016,Ansoáin/Antsoain,629.0,509.0,698.0,189.0,484,1,2024,-1.6440474352445682,42.84013708900005
07,"Balears, Illes",07055,Santa Margalida,628.8491978609626,498.3048128342246,801.5336898395722,303.22887700534756,935,2,2024,3.164262640519828,39.72760633750005
43,Tarragona,43043,"Catllar, El",628.741935483871,531.3870967741935,841.0645161290323,309.6774193548388,93,2,2024,1.3120058128129526,41.18057474600005
03,Alicante,03018,Altea,628.6474820143885,499.5483042137718,830.4141829393628,330.865878725591,1946,2,2024,-0.04992612096031178,38.623373058000055
08,Barcelona,08007,Arenys de Munt,628.2245827010622,509.4081942336874,777.8194233687406,268.41122913505313,659,2,2024,2.52694819434727,41.61201313650005
11,Cádiz,11033,San Roque,628.0,452.67329192546583,1149.096894409938,696.4236024844721,805,2,2024,-5.348230824401029,36.25867824100004
48,Bizkaia,48092,Bedia,628.0,550.0,766.0,216.0,16,1,2024,-2.8164388972421963,43.19803327750006
08,Barcelona,08210,Sant Feliu de Codines,627.3601462522852,489.1864716636197,750.5228519195613,261.33638025594155,547,2,2024,2.1615909526671295,41.69671165200006
43,Tarragona,43037,Calafell,627.15,512.0,737.95,225.95000000000005,2740,2,2024,1.5858664628166834,41.20605134900006
20,Gipuzkoa,20055,Arrasate / Mondragón,627.0,552.0,722.0,170.0,971,1,2024,-2.4999270867966135,43.068373749000045
11,Cádiz,11035,Tarifa,626.6384778012686,494.13953488372096,806.4735729386892,312.3340380549683,473,2,2024,-5.7198710755423825,36.130497999000056
17,Girona,17166,Sant Jordi Desvalls,626.4375,475.3541666666667,788.5208333333334,313.1666666666667,48,2,2024,2.9528865217558167,42.07695049900005
17,Girona,17056,Cornellà del Terri,625.2121212121212,510.72727272727275,793.030303030303,282.30303030303025,99,2,2024,2.820533258768922,42.08707815200003
19,Guadalajara,19024,Alovera,625.1226818830243,537.4607703281027,718.4835948644793,181.02282453637656,701,2,2024,-3.247114428564572,40.58949399900004
08,Barcelona,08179,Rellinars,625.0,441.0,850.0,409.0,18,1,2024,1.9204951736961846,41.640971216000054
17,Girona,17078,Ger,625.0,468.0,1200.0,732.0,20,1,2024,1.8308855671426287,42.43791235900005
47,Valladolid,47161,Simancas,623.9230769230769,461.9230769230769,791.1538461538462,329.2307692307693,156,2,2024,-4.828698136308408,41.589847539500056
03,Alicante,03011,"Alfàs del Pi, l'",623.7031125299281,500.0,812.8132482043096,312.8132482043096,1253,2,2024,-0.09029469952652444,38.574122218500065
03,Alicante,03128,Teulada,623.4874759152216,467.72639691714835,864.5009633911368,396.77456647398844,519,2,2024,0.11508464200885185,38.71178893200005
08,Barcelona,08161,Piera,623.4455958549223,500.0,734.6761658031088,234.6761658031088,772,2,2024,1.7519072106365225,41.51385268800004
20,Gipuzkoa,20028,Zizurkil,623.3712121212121,550.4924242424242,727.1212121212121,176.62878787878788,132,2,2024,-2.0844530730562605,43.214167472500066
17,Girona,17029,Boadella i les Escaules,623.0,510.0,700.0,190.0,12,1,2024,2.868460068029994,42.32747353600004
17,Girona,17226,Vilamalla,622.6666666666666,441.6296296296296,694.4814814814815,252.8518518518519,27,2,2024,2.970388377456138,42.22063299900003
19,Guadalajara,19058,Cabanillas del Campo,622.3224043715848,510.3825136612022,722.24043715847,211.85792349726773,366,2,2024,-3.244493074293014,40.63040243800006
17,Girona,17221,Vilafant,621.8299319727892,524.9591836734694,777.3877551020408,252.42857142857144,147,2,2024,2.9449801872139965,42.25286174900006
28,Madrid,28150,Torrejón de Velasco,621.7297297297297,504.2567567567568,747.2972972972973,243.04054054054052,148,2,2024,-3.748565207261914,40.17040368050007
39,Cantabria,39020,Castro-Urdiales,621.1034482758621,524.3915229885057,727.2931034482758,202.90158045977012,1392,2,2024,-3.2158178101804284,43.34968635600006
25,Lleida,25243,Vielha e Mijaran,621.1020408163265,509.59183673469386,742.1612244897959,232.56938775510207,490,2,2024,0.775796598995786,42.71039436300006
07,"Balears, Illes",07901,Ariany,621.0,450.0,800.0,350.0,38,1,2024,3.152816122712144,39.66509850850005
39,Cantabria,39073,Santa Cruz de Bezana,620.3560126582279,510.51107594936707,743.4319620253165,232.9208860759494,632,2,2024,-3.9070100792325517,43.441876499000074
35,"Palmas, Las",35021,Santa Brígida,619.6281407035176,450.0,859.9195979899497,409.9195979899497,597,2,2024,-15.491391574455509,28.03111373750005
46,Valencia/Valéncia,46171,Moncada,619.0060606060606,494.4848484848485,768.2363636363636,273.75151515151515,1155,2,2024,-0.3986204845576482,39.56617381950005
28,Madrid,28178,Villanueva de Perales,618.88,504.0,744.2,240.20000000000005,50,2,2024,-4.097252404692288,40.36668895550005
48,Bizkaia,48071,Muskiz,618.6917293233083,551.5037593984962,679.0902255639098,127.58646616541364,133,2,2024,-3.1282432022097106,43.32544065300007
21,Huelva,21002,Aljaraque,618.2215743440233,484.11078717201167,742.1078717201166,257.9970845481049,343,2,2024,-7.025821960415154,37.28561450050006
08,Barcelona,08091,Gelida,618.0054054054054,457.35135135135135,761.4702702702702,304.1189189189189,555,2,2024,1.8615966399046078,41.43268764800007
48,Bizkaia,48025,Zeberio,618.0,519.0,683.0,164.0,11,1,2024,-2.8571532396646653,43.151518991000046
20,Gipuzkoa,20042,Ibarra,618.0,552.0,686.0,134.0,173,1,2024,-2.053268793880831,43.14326575700005
41,Sevilla,41047,Gines,617.9029126213592,513.1165048543689,767.4757281553398,254.35922330097083,309,2,2024,-6.075529100832294,37.38725749900004
17,Girona,17110,Mont-ras,617.0,350.0,879.0,529.0,19,1,2024,3.1491309208707143,41.890922749000055
03,Alicante,03014,Alicante/Alacant,616.8614810083043,481.5119158763697,803.5606112721733,322.04869539580363,20351,2,2024,-0.5301318633678902,38.37117718850004
07,"Balears, Illes",07014,Capdepera,616.4295874822191,498.6856330014225,833.4907539118066,334.80512091038406,703,2,2024,3.419430863142804,39.69303117900003
07,"Balears, Illes",07038,Montuïri,615.6424581005587,460.6145251396648,815.6424581005587,355.02793296089385,179,2,2024,3.0036995017220045,39.56120849100006
11,Cádiz,11022,"Línea de la Concepción, La",614.9642596644785,499.18234865062,759.8045222465354,260.6221735959154,1371,2,2024,-5.342798480129018,36.20647891850004
35,"Palmas, Las",35024,Teguise,614.3152064451158,487.361530715005,832.8801611278952,345.5186304128902,993,2,2024,-13.551836709507693,29.059050541000033
20,Gipuzkoa,20076,Ordizia,614.3123209169055,554.3065902578796,687.4985673352436,133.19197707736396,698,2,2024,-2.177994302990383,43.05750424900003
08,Barcelona,08305,Vilafranca del Penedès,613.54475781729,498.72378908645004,725.1943592887799,226.47057020232984,3262,2,2024,1.7032976767421193,41.34747799500005
08,Barcelona,08136,Montornès del Vallès,613.1716738197425,488.137339055794,752.0901287553648,263.95278969957087,932,2,2024,2.265495536601013,41.54517411450007
28,Madrid,28116,Pozuelo del Rey,613.1578947368421,467.7368421052632,753.2105263157895,285.4736842105263,76,2,2024,-3.3137089950910923,40.36436474900006
03,Alicante,03119,Sant Joan d'Alacant,612.6886993603412,505.1229566453447,732.4811656005686,227.35820895522392,1407,2,2024,-0.42601741873188914,38.40969723850003
28,Madrid,28137,"Santos de la Humosa, Los",612.49,469.0,726.59,257.59000000000003,100,2,2024,-3.2506860402900672,40.51214569100003
17,Girona,17093,Llers,612.0,545.0,714.0,169.0,38,1,2024,2.918611018467216,42.297927015000056
29,Málaga,29099,Viñuela,612.0,306.0,925.0,619.0,28,1,2024,-4.1663266651270074,36.868309573500056
11,Cádiz,11016,Chipiona,611.9128630705394,418.78008298755185,1097.1701244813278,678.3900414937759,482,2,2024,-6.406950095970558,36.726773972000046
07,"Balears, Illes",07049,Sant Joan,611.5384615384615,465.9230769230769,812.3076923076923,346.38461538461536,130,2,2024,3.0477125586489215,39.58584035450005
28,Madrid,28175,Villamantilla,611.3854166666666,463.9791666666667,742.6875,278.7083333333333,96,2,2024,-4.145350158862151,40.34337653950007
08,Barcelona,08240,Sant Sadurní d'Anoia,610.5477855477856,500.3706293706294,732.011655011655,231.64102564102558,858,2,2024,1.7916972973042375,41.43860375950004
17,Girona,17169,Sant Julià de Ramis,610.2824427480916,408.2442748091603,769.6641221374045,361.41984732824426,131,2,2024,2.8563675542903226,42.04963023900007
46,Valencia/Valéncia,46202,"Pobla de Vallbona, la",609.79203539823,481.12831858407077,792.3672566371681,311.23893805309734,1130,2,2024,-0.5409721301356709,39.60934424900006
46,Valencia/Valéncia,46204,Puig,609.7716535433071,473.7834645669291,765.6929133858267,291.9094488188976,508,2,2024,-0.31391551100308507,39.59944549900007
20,Gipuzkoa,20075,Villabona,609.7119113573407,550.0914127423823,703.7811634349031,153.68975069252076,361,2,2024,-2.0320535155621453,43.178848249000055
29,Málaga,29038,Cártama,609.5543278084715,500.0,766.0128913443831,266.0128913443831,543,2,2024,-4.621423084530847,36.744931234000035
08,Barcelona,08097,Gualba,609.0093457943925,431.3551401869159,810.0467289719626,378.6915887850467,107,2,2024,2.5006607203944133,41.74176772750005
17,Girona,17121,Palau-sator,609.0,488.0,923.0,435.0,17,1,2024,3.1214360052303047,41.98110081200005
20,Gipuzkoa,20034,Eskoriatza,608.3583815028902,524.6011560693642,667.7225433526012,143.12138728323703,173,2,2024,-2.549255445210183,43.00119370900006
25,Lleida,25140,Montferrer i Castellbò,608.2857142857143,453.57142857142856,786.0,332.42857142857144,35,2,2024,1.3373525593130005,42.39784669700006
19,Guadalajara,19130,Guadalajara,608.0230496453901,502.6743498817967,716.0460992907801,213.37174940898348,6768,2,2024,-3.2723673116416805,40.710837882500044
07,"Balears, Illes",07006,Artà,607.9128440366973,415.41743119266056,914.5642201834862,499.14678899082566,436,2,2024,3.3101987299245375,39.71119353000003
17,Girona,17049,Celrà,607.3455882352941,492.3529411764706,712.0661764705883,219.71323529411768,408,2,2024,2.874174742744463,42.01602190950004
07,"Balears, Illes",07051,Sant Llorenç des Cardassar,607.1901840490798,479.55828220858893,961.7239263803681,482.16564417177915,489,2,2024,3.294773969797328,39.62232320450005
31,Navarra,31258,Villava/Atarrabia,606.0,531.0,685.0,154.0,374,1,2024,-1.6098576895513905,42.83272349900005
25,Lleida,25051,Bellver de Cerdanya,605.775956284153,444.60109289617486,738.5245901639345,293.9234972677596,183,2,2024,1.7806400822917499,42.38024750500006
48,Bizkaia,48096,Zalla,605.0555555555555,547.1666666666666,694.4444444444445,147.27777777777783,216,2,2024,-3.1428575055354355,43.20765203350004
17,Girona,17213,Vidreres,603.5411471321696,482.2219451371571,750.8478802992519,268.6259351620948,401,2,2024,2.8102045268849603,41.77674326150006
08,Barcelona,08247,Santa Eulàlia de Riuprimer,603.0373831775701,435.98130841121497,711.018691588785,275.03738317757006,107,2,2024,2.170671003278415,41.91237315650005
03,Alicante,03901,"Poblets, els",603.0,500.0,798.0,298.0,96,1,2024,0.018281665074787096,38.85361613850006
20,Gipuzkoa,20027,Zestoa,602.6540540540541,496.9351351351351,654.972972972973,158.0378378378379,185,2,2024,-2.247388830864776,43.24232317800005
20,Gipuzkoa,20030,Eibar,602.4747663551402,532.9644859813084,654.8186915887851,121.85420560747673,1605,2,2024,-2.461880577969939,43.19640913900005
38,Santa Cruz de Tenerife,38011,Candelaria,602.2572931611669,495.4854136776662,724.5729316116691,229.0875179340029,2091,2,2024,-16.395685744771384,28.370630988000073
01,Araba/Álava,01046,Erriberagoitia/Ribera Alta,602.0,500.0,827.0,327.0,11,1,2024,-2.9133570558473747,42.80377134150007
48,Bizkaia,48097,Zaratamo,602.0,589.0,662.0,73.0,29,1,2024,-2.8669349274208016,43.208624173500056
48,Bizkaia,48065,Ugao-Miraballes,602.0,554.0,675.0,121.0,125,1,2024,-2.9013215156824894,43.17919746600006
48,Bizkaia,48055,Lemoa,602.0,532.0,680.0,148.0,127,1,2024,-2.771419133757159,43.20781138050006
46,Valencia/Valéncia,46205,Puçol,601.5768169273229,465.26402943882243,846.1711131554738,380.90708371665136,1087,2,2024,-0.3053591565039264,39.61850724900006
20,Gipuzkoa,20049,Lazkao,601.0,526.0,652.0,126.0,289,1,2024,-2.1736809240455885,43.02456122400005
46,Valencia/Valéncia,46199,"Pobla de Farnals, la",600.7308781869689,468.43767705382436,756.456090651558,288.0184135977337,706,2,2024,-0.31443001671987847,39.57310253250006
24,León,24175,Valdefresno,600.0,328.0,700.0,372.0,25,1,2024,-5.4733226459037,42.62077308600004
39,Cantabria,39099,Villaescusa,600.0,400.0,850.0,450.0,35,1,2024,-3.8641512037671033,43.36415107900007
08,Barcelona,08062,Castellnou de Bages,600.0,480.0,836.0,356.0,17,1,2024,1.8177351194989213,41.83606450050004
17,Girona,17228,Vilanant,600.0,440.0,759.0,319.0,28,1,2024,2.8781537455930177,42.25370035350005
17,Girona,17057,Corçà,600.0,500.0,700.0,200.0,62,1,2024,3.0137019195339176,41.994110249000045
18,Granada,18111,Jun,600.0,449.0,700.0,251.0,46,1,2024,-3.5870550566643016,37.21717649900006
41,Sevilla,41028,Castilleja de Guzmán,600.0,500.0,712.0,212.0,41,1,2024,-6.053757914065791,37.40642968650005
28,Madrid,28158,Valdemanco,600.0,406.0,900.0,494.0,39,1,2024,-3.66328951040629,40.86316549900005
48,Bizkaia,48001,Abadiño,600.0,546.0,670.0,124.0,171,1,2024,-2.624449689535634,43.12162224900007
48,Bizkaia,48056,Lemoiz,600.0,536.0,652.0,116.0,21,1,2024,-2.9000945534753306,43.40945710150007
46,Valencia/Valéncia,46182,Olocau,600.0,475.0,816.0,341.0,63,1,2024,-0.5290046285132112,39.68280574900004
03,Alicante,03004,Aigües,600.0,403.0,813.0,410.0,37,1,2024,-0.363273419522048,38.50540131950004
17,Girona,17094,Llívia,599.8926174496644,494.28859060402687,756.2080536912752,261.9194630872483,149,2,2024,1.9740447212129208,42.47173423350006
28,Madrid,28164,Valdetorres de Jarama,599.5934959349594,488.2317073170732,743.7317073170732,255.5,246,2,2024,-3.508722270586887,40.69567253750006
08,Barcelona,08222,Sant Llorenç d'Hortons,599.179104477612,469.34328358208955,758.6119402985074,289.26865671641787,134,2,2024,1.8340638249040802,41.470315999000036
29,Málaga,29075,Nerja,599.0777917189461,482.3500627352572,757.5332496863238,275.18318695106655,797,2,2024,-3.821473606710062,36.793069186000054
20,Gipuzkoa,20043,Idiazabal,599.0,524.0,638.0,114.0,68,1,2024,-2.225285920959465,42.99158953750003
20,Gipuzkoa,20018,Azpeitia,598.5873261205564,524.1962905718701,656.2658423493045,132.0695517774344,647,2,2024,-2.256476062340445,43.16505297450007
48,Bizkaia,48002,Abanto y Ciérvana-Abanto Zierbena,598.3566878980891,540.3630573248407,662.1210191082803,121.75796178343955,157,2,2024,-3.0889306859339474,43.31169186000005
17,Girona,17034,Calonge,598.1997533908755,462.70160295930947,730.9839704069051,268.2823674475956,811,2,2024,3.0657273176545825,41.86409911300004
31,Navarra,31109,Galar,598.0,424.0,667.0,243.0,31,1,2024,-1.6744126057513022,42.745869504500064
31,Navarra,31060,Burlada/Burlata,598.0,499.0,684.0,185.0,791,1,2024,-1.6168160239691494,42.824819704500044
07,"Balears, Illes",07041,Petra,598.0,400.0,881.0,481.0,114,1,2024,3.1530011860654676,39.63785030550005
17,Girona,17137,Porqueres,597.0365853658536,483.7439024390244,692.5121951219512,208.7682926829268,164,2,2024,2.724358965950212,42.12193586500004
08,Barcelona,08275,Tavèrnoles,597.0,299.0,799.0,500.0,12,1,2024,2.3364184347780874,41.95818684900004
38,Santa Cruz de Tenerife,38038,Santa Cruz de Tenerife,596.9219108865411,465.95927116827437,754.772469759608,288.8131985913337,13062,2,2024,-16.233631897574398,28.500461926500066
35,"Palmas, Las",35028,Tías,596.6360856269113,480.9480122324159,765.4434250764526,284.4954128440367,1308,2,2024,-13.6663942339358,28.97382686100005
08,Barcelona,08035,Calella,596.4583579444773,476.5180153573538,718.375664500886,241.85764914353223,1693,2,2024,2.649187021947535,41.62062958450005
39,Cantabria,39075,Santander,596.3963998763907,489.7393386897404,724.2318448702101,234.49250618046972,12944,2,2024,-3.8246460187316256,43.46515745150003
28,Madrid,28067,Guadalix de la Sierra,596.3783783783783,460.7837837837838,790.5945945945946,329.8108108108108,407,2,2024,-3.6869177837084885,40.76133774650006
17,Girona,17218,Vilademuls,596.0,383.0,800.0,417.0,48,1,2024,2.8724918726629785,42.13191494050005
17,Girona,17088,Lladó,596.0,450.0,704.0,254.0,23,1,2024,2.8135181194206953,42.25116736250007
20,Gipuzkoa,20038,Gabiria,596.0,364.0,815.0,451.0,10,1,2024,-2.292752417087625,43.052134557000045
20,Gipuzkoa,20074,Bergara,595.0930232558139,501.0,657.2713178294574,156.27131782945742,516,2,2024,-2.4271521844041883,43.125817292500045
17,Girona,17118,Palamós,594.7585227272727,490.7400568181818,711.4161931818181,220.67613636363632,1408,2,2024,3.1409726353357392,41.86560635500004
48,Bizkaia,48083,Ortuella,594.5253164556962,543.3037974683544,673.0,129.69620253164555,158,2,2024,-3.058563455534644,43.299753499000076
41,Sevilla,41016,Bollullos de la Mitación,594.0944881889764,492.26377952755905,788.1889763779527,295.92519685039366,254,2,2024,-6.158378732082113,37.316806835500046
17,Girona,17193,Sils,594.0191693290735,496.5495207667732,698.0862619808307,201.53674121405754,313,2,2024,2.7453080834440713,41.83059818150005
07,"Balears, Illes",07065,Vilafranca de Bonany,593.6551724137931,435.86206896551727,789.096551724138,353.2344827586207,145,2,2024,3.115872020458086,39.55991211950004
35,"Palmas, Las",35016,"Palmas de Gran Canaria, Las",593.5985169029444,454.63101417666303,754.372824427481,299.74181025081793,22925,2,2024,-15.458252965906755,28.102345296500033
28,Madrid,28145,Talamanca de Jarama,593.5584415584416,488.2077922077922,694.8311688311688,206.62337662337666,308,2,2024,-3.4959989087863566,40.74143435650004
07,"Balears, Illes",07052,Sant Lluís,593.5478468899521,470.5956937799043,789.8923444976076,319.2966507177033,418,2,2024,4.252694759262353,39.83692787950005
38,Santa Cruz de Tenerife,38044,"Tanque, El",593.0,394.0,700.0,306.0,32,1,2024,-16.7863054139233,28.32694627400005
28,Madrid,28147,Titulcia,593.0,480.0,708.0,228.0,29,1,2024,-3.5568566877685246,40.146854168500056
20,Gipuzkoa,20013,Aretxabaleta,593.0,503.0,662.0,159.0,217,1,2024,-2.4806915489840566,43.01076052150006
41,Sevilla,41096,Valencina de la Concepción,592.6038961038961,474.45454545454544,791.512987012987,317.05844155844153,154,2,2024,-6.065960835423155,37.41962424900004
08,Barcelona,08284,Tordera,592.3664122137404,470.58015267175574,708.1145038167939,237.53435114503816,917,2,2024,2.703955670777416,41.69695958200006
19,Guadalajara,19326,Yebes,592.2764705882353,514.5176470588235,685.0941176470589,170.57647058823534,510,2,2024,-3.0967716126881166,40.52768294650005
17,Girona,17148,Riudarenes,592.1081081081081,471.97297297297297,787.8108108108108,315.83783783783787,111,2,2024,2.6733723096281055,41.81629153850005
48,Bizkaia,48024,Zeanuri,591.2,524.6,650.0,125.39999999999998,25,2,2024,-2.7474650165727197,43.07735795000005
46,Valencia/Valéncia,46214,Riba-roja de Túria,590.7331910352187,465.31163287086446,773.4663820704376,308.15474919957313,937,2,2024,-0.5623805260393226,39.51896099900006
48,Bizkaia,48032,Elorrio,590.6649484536083,536.1752577319587,652.5515463917526,116.37628865979389,194,2,2024,-2.5344356146150337,43.11945578850006
08,Barcelona,08273,Subirats,590.1481481481482,441.0,778.8888888888889,337.8888888888889,108,2,2024,1.809216381426567,41.394776999000044
43,Tarragona,43140,Santa Oliva,590.0,469.2564102564103,709.2307692307693,239.974358974359,117,2,2024,1.5442895319050116,41.24291175900004
09,Burgos,09086,Castrillo del Val,590.0,450.0,1150.0,700.0,11,1,2024,-3.589030649090648,42.31109464350004
07,"Balears, Illes",07028,Lloret de Vistalegre,589.2621359223301,454.50485436893206,959.9029126213592,505.3980582524271,103,2,2024,2.9743533705380454,39.62350350600005
48,Bizkaia,48045,Güeñes,589.0,501.0,648.0,147.0,166,1,2024,-3.0656989080926413,43.22261734400004
25,Lleida,25252,Vila-sana,589.0,451.0,798.0,347.0,12,1,2024,0.914902589460103,41.66275499900004
18,Granada,18087,Granada,588.1322617185393,458.1967743675495,731.150817196181,272.95404282863154,18539,2,2024,-3.590613060421564,37.180653679000045
45,Toledo,45168,Toledo,588.0135970333745,484.4604449938195,712.8862793572312,228.42583436341164,6472,2,2024,-3.9957739937784376,39.86856711900003
17,Girona,17025,Bordils,587.26,454.17,719.64,265.46999999999997,100,2,2024,2.9098142226465926,42.046063801500054
38,Santa Cruz de Tenerife,38035,San Miguel de Abona,587.0909090909091,450.0,754.5454545454545,304.5454545454545,836,2,2024,-16.621646801630764,28.086094973500053
08,Barcelona,08287,Torrelavit,587.0526315789474,394.7368421052632,722.1052631578947,327.3684210526315,57,2,2024,1.7261752636665295,41.44200186100005
29,Málaga,29076,Ojén,587.0,481.0,842.0,361.0,225,2,2024,-4.845126220856984,36.56981185950005
48,Bizkaia,48019,Berriz,587.0,500.0,644.0,144.0,95,1,2024,-2.581818873341697,43.189478826000055
01,Araba/Álava,01036,Laudio/Llodio,587.0,511.0,649.0,138.0,534,1,2024,-2.9770020120599425,43.14032122300006
28,Madrid,28154,Torres de la Alameda,586.9121813031162,463.0311614730878,715.5694050991501,252.5382436260623,353,2,2024,-3.3654385244079084,40.41431906850005
46,Valencia/Valéncia,46082,Canet d'En Berenguer,586.8739903069467,471.5993537964459,726.3117932148626,254.71243941841675,619,2,2024,-0.21673419455988752,39.681981134500035
50,Zaragoza,50089,Cuarte de Huerva,586.4232209737828,499.20973782771534,694.4943820224719,195.28464419475654,1068,2,2024,-0.9294483004436265,41.59569250700005
08,Barcelona,08155,Palafolls,585.6589147286821,495.50387596899225,709.3333333333334,213.82945736434112,516,2,2024,2.730976772747982,41.67504249900006
07,"Balears, Illes",07032,Maó,585.2788203753352,450.0,737.9302949061662,287.9302949061662,2611,2,2024,4.241853186326486,39.920153522500044
38,Santa Cruz de Tenerife,38028,Puerto de la Cruz,584.6030237580993,462.1244060475162,732.7278617710583,270.60345572354214,2315,2,2024,-16.551516371803846,28.401326939000057
08,Barcelona,08013,Avinyonet del Penedès,584.2857142857143,465.12857142857143,732.6428571428571,267.5142857142857,70,2,2024,1.7833090719914266,41.35419826650005
28,Madrid,28051,Chapinería,584.1111111111111,400.0,743.7222222222222,343.7222222222222,144,2,2024,-4.2128018765227075,40.37310799450006
03,Alicante,03047,Calp,584.0690866510539,464.8126463700234,757.4338407494146,292.62119437939117,1708,2,2024,0.04880361908238583,38.65517667600005
17,Girona,17217,Viladamat,584.0,400.0,694.0,294.0,12,1,2024,3.063369740578897,42.12408206150005
09,Burgos,09131,Fresnillo de las Dueñas,584.0,461.0,650.0,189.0,10,1,2024,-3.635165643669711,41.64127125950006
28,Madrid,28108,Pedrezuela,583.5391849529781,502.66457680250784,705.3291536050157,202.66457680250784,638,2,2024,-3.626203430097873,40.74270594750007
08,Barcelona,08227,Sant Martí Sarroca,583.3982300884956,488.0973451327434,708.0884955752213,219.99115044247787,226,2,2024,1.6123133325018149,41.37254769100005
03,Alicante,03122,San Vicente del Raspeig/Sant Vicent del Raspeig,582.9223300970874,470.4757281553398,708.2718446601941,237.7961165048543,2987,2,2024,-0.5298843714388303,38.42897848450005
52,Melilla,52001,Melilla,582.9167984814932,487.06263840556784,726.2625751344511,239.1999367288833,3161,2,2024,-2.9498147888833834,35.29434627450007
31,Navarra,31098,Esteribar,582.5,430.25,670.25,240.0,52,2,2024,-1.515818425020186,42.94850545700007
43,Tarragona,43038,Cambrils,582.2227378190255,473.54060324825986,726.8700696055685,253.3294663573086,2586,2,2024,1.0247017486035037,41.082856331000045
17,Girona,17160,Sant Feliu de Guíxols,582.0244328097731,470.78184991274,727.1151832460733,256.33333333333337,1719,2,2024,3.0114838264060984,41.78113217750004
17,Girona,17149,Riudaura,582.0,475.0,692.0,217.0,13,1,2024,2.4020688878977907,42.19075840600007
08,Barcelona,08269,Seva,581.8918918918919,467.8162162162162,827.5405405405405,359.7243243243243,185,2,2024,2.2871771507520338,41.840543778500034
17,Girona,17103,Maçanet de la Selva,581.7916666666666,465.1666666666667,695.9583333333334,230.79166666666669,336,2,2024,2.721202607352134,41.76387135200005
08,Barcelona,08298,Vic,581.4346530438485,479.0674755214985,695.4516815666241,216.38420604512555,4698,2,2024,2.2442636249512242,41.92164310950005
41,Sevilla,41038,Dos Hermanas,581.4181818181818,481.4734848484849,742.9537878787879,261.48030303030305,3960,2,2024,-5.945266925325889,37.25960553500005
17,Girona,17003,Albanyà,581.0,226.0,856.0,630.0,10,1,2024,2.674538389231449,42.31455067750005
08,Barcelona,08100,Gurb,580.8695652173913,501.0869565217391,781.9565217391304,280.86956521739125,46,2,2024,2.2322561889373453,41.96321663200007
19,Guadalajara,19293,Uceda,580.6349206349206,455.23809523809524,693.531746031746,238.29365079365078,126,2,2024,-3.463066896983097,40.819539361500034
28,Madrid,28086,"Molar, El",580.3077939233817,471.8097754293263,702.9220607661823,231.11228533685602,757,2,2024,-3.572348204394785,40.69641131100005
01,Araba/Álava,01001,Alegría-Dulantzi,580.0603448275862,493.5086206896552,653.4827586206897,159.97413793103448,116,2,2024,-2.5391876813156413,42.80457099900005
08,Barcelona,08163,Pineda de Mar,579.7147071217868,491.0198061525495,682.2503160556258,191.23050990307632,2373,2,2024,2.6775813137190845,41.628681804500076
31,Navarra,31101,Ezcabarte,579.5384615384615,452.5769230769231,688.3846153846154,235.80769230769226,52,2,2024,-1.6300020883343374,42.87195677850005
08,Barcelona,08083,Folgueroles,579.5,459.0,731.0,272.0,112,2,2024,2.305943643040354,41.94470488050007
08,Barcelona,08134,Figaró-Montmany,579.0,386.15686274509807,770.8039215686274,384.64705882352933,102,2,2024,2.254159034164135,41.71047792250005
46,Valencia/Valéncia,46117,Emperador,579.0,464.0,634.0,170.0,35,1,2024,-0.3392383659974957,39.55372370450007
03,Alicante,03090,Mutxamel,578.0031282586027,462.4118873826903,718.9843587069864,256.57247132429615,959,2,2024,-0.4654765828674792,38.42912674900006
08,Barcelona,08098,Sant Salvador de Guardiola,578.0,468.0,707.0,239.0,58,1,2024,1.7657092829633239,41.67443853550006
48,Bizkaia,48034,Ermua,578.0,525.0,630.0,105.0,322,1,2024,-2.5011865612898454,43.19359232200006
08,Barcelona,08041,Canovelles,577.3259452411995,463.27640156453714,696.0756192959583,232.79921773142115,767,2,2024,2.2699879942297603,41.62635049900004
08,Barcelona,08220,Sant Julià de Vilatorta,577.0331491712707,457.121546961326,697.2486187845304,240.12707182320446,181,2,2024,2.3218123255650935,41.90414672300005
20,Gipuzkoa,20017,Azkoitia,577.0,501.0,632.0,131.0,531,1,2024,-2.3295505070850373,43.17567036150007
08,Barcelona,08246,Santa Eugènia de Berga,576.9811320754717,491.1509433962264,669.0754716981132,177.92452830188682,106,2,2024,2.2820051438545477,41.91058417550005
08,Barcelona,08110,Malgrat de Mar,576.6043689320388,490.05582524271847,692.497572815534,202.44174757281553,1236,2,2024,2.746931013268596,41.65027524900006
43,Tarragona,43148,Tarragona,576.464846019756,457.0177222545032,713.8541545613016,256.8364323067984,10326,2,2024,1.2499739825245568,41.12892043650007
17,Girona,17209,Vall-llobrega,576.0,400.0,825.0,425.0,14,1,2024,3.1263659339415044,41.885380257000065
03,Alicante,03063,Dénia,575.9135151890887,455.14259144451336,734.2839429634222,279.14135151890883,3226,2,2024,0.11192112144663444,38.816195060500036
17,Girona,17202,Tossa de Mar,575.7994923857868,481.6700507614213,686.7182741116751,205.0482233502538,394,2,2024,2.9168835467935414,41.741326342000065
17,Girona,17006,Alp,575.1702127659574,438.7659574468085,751.2553191489362,312.4893617021277,141,2,2024,1.9499119337606179,42.34376496150006
18,Granada,18149,Otura,575.0,431.44642857142856,752.9107142857143,321.4642857142858,168,2,2024,-3.6545848715646327,37.07128349900006
31,Navarra,31903,Berriozar,575.0,499.0,658.0,159.0,375,1,2024,-1.669530223455374,42.84370915400004
08,Barcelona,08162,"Hostalets de Pierola, Els",574.9304812834224,465.24064171122996,708.8288770053476,243.58823529411768,187,2,2024,1.7900673345675067,41.54660064300003
07,"Balears, Illes",07044,"Pobla, Sa",574.612426035503,434.03846153846155,711.0029585798817,276.96449704142015,676,2,2024,3.0361855689812547,39.77736898800006
48,Bizkaia,48086,Sopuerta,574.1754385964912,448.5263157894737,647.1052631578947,198.57894736842098,57,2,2024,-3.1694680764977816,43.25459354200004
29,Málaga,29094,Vélez-Málaga,574.0809476801579,455.88548864758144,721.3622902270483,265.4768015794669,3039,2,2024,-4.105677610750266,36.78312490500005
25,Lleida,25023,Alpicat,573.939393939394,437.8121212121212,713.5636363636364,275.7515151515152,165,2,2024,0.5552580614966403,41.66879914700007
46,Valencia/Valéncia,46066,Benirredrà,573.8181818181819,385.45454545454544,670.2727272727273,284.8181818181818,22,2,2024,-0.19555646106936708,38.960963746500056
17,Girona,17187,"Saus, Camallera i Llampaies",573.7037037037037,413.9259259259259,688.4814814814815,274.5555555555556,54,2,2024,2.981232000267903,42.12853057000004
43,Tarragona,43111,"Pobla de Montornès, La",573.1898734177215,474.43037974683546,651.7215189873418,177.29113924050637,158,2,2024,1.4031253719444576,41.18756391450003
48,Bizkaia,48090,Balmaseda,573.0,515.0,630.0,115.0,260,1,2024,-3.215867503621416,43.19438238150005
48,Bizkaia,48068,Mundaka,573.0,529.0,639.0,110.0,38,1,2024,-2.7087465082627142,43.40153948900007
40,Segovia,40904,Navas de Riofrío,573.0,402.0,846.0,444.0,18,1,2024,-4.110262305168478,40.84359049850005
41,Sevilla,41044,Gelves,572.5217391304348,461.69565217391306,711.695652173913,249.99999999999994,391,2,2024,-6.024934440920624,37.330541491000076
43,Tarragona,43050,Creixell,572.3387622149837,450.7947882736156,669.1465798045602,218.35179153094464,307,2,2024,1.4248339048699215,41.18753132850003
12,Castellón/Castelló,12028,Benicasim/Benicàssim,572.3048327137546,438.36802973977694,715.5092936802974,277.1412639405205,1345,2,2024,0.03940317292349849,40.05029899900006
20,Gipuzkoa,20052,Legorreta,572.0,501.0,622.0,121.0,63,1,2024,-2.1520550702896575,43.09251492400006
07,"Balears, Illes",07035,Maria de la Salut,571.9207920792079,430.2178217821782,776.7227722772277,346.5049504950495,101,2,2024,3.080461252188938,39.678737100000035
07,"Balears, Illes",07030,Llubí,571.3818181818182,417.0181818181818,883.2363636363636,466.21818181818185,110,2,2024,3.025635150179208,39.696218499000054
17,Girona,17141,Puigcerdà,570.9,456.0,724.5,268.5,760,2,2024,1.9506084016707859,42.40893549900005
17,Girona,17062,"Escala, L'",570.4510108864697,470.45101088646965,685.4043545878693,214.95334370139966,643,2,2024,3.1146865999622264,42.12604380500005
36,Pontevedra,36035,Nigrán,570.223880597015,450.0,745.8656716417911,295.8656716417911,804,2,2024,-8.789168744680907,42.14403312200005
29,Málaga,29073,Monda,570.2020202020202,414.19191919191917,741.5151515151515,327.32323232323233,99,2,2024,-4.856257797661799,36.62149136900004
28,Madrid,28101,Olmeda de las Fuentes,570.0,412.0,750.0,338.0,20,1,2024,-3.2043440483763224,40.367351943000045
38,Santa Cruz de Tenerife,38040,Santiago del Teide,569.9570815450644,471.90557939914163,700.4034334763949,228.49785407725324,699,2,2024,-16.812645101458653,28.269972249000062
28,Madrid,28004,"Álamo, El",569.0225694444445,466.2326388888889,697.3958333333334,231.16319444444446,576,2,2024,-3.992689105371565,40.232405509000074
08,Barcelona,08085,Font-rubí,569.0,380.0,750.0,370.0,40,1,2024,1.6583453023022474,41.41797257400006
08,Barcelona,08306,Vilalba Sasserra,569.0,452.0,671.0,219.0,68,2,2024,2.4535868333787176,41.64396321400005
20,Gipuzkoa,20005,Alegia,569.0,531.0,602.0,71.0,106,1,2024,-2.1039655407117417,43.09860819200006
28,Madrid,28013,Aranjuez,568.3633841886269,464.5376791493296,679.6375404530744,215.09986130374477,4326,2,2024,-3.6522616753646306,40.00783178800006
08,Barcelona,08286,"Torre de Claramunt, La",568.2796610169491,439.271186440678,672.7881355932203,233.51694915254234,118,2,2024,1.6611501646321534,41.527500427000064
48,Bizkaia,48094,Igorre,568.0,515.0,618.0,103.0,149,1,2024,-2.7830488814386847,43.17353249900006
20,Gipuzkoa,20059,Oñati,567.9595687331537,500.7978436657682,653.0512129380054,152.2533692722372,371,2,2024,-2.4084616885909638,43.011464508000046
04,Almería,04072,Partaloa,567.0,500.0,909.0,409.0,12,1,2024,-2.238508310416657,37.41291564200006
28,Madrid,28038,Cercedilla,566.828793774319,459.28793774319064,748.7879377431907,289.50000000000006,514,2,2024,-4.064816390812682,40.75268162000006
28,Madrid,28085,Miraflores de la Sierra,566.3497363796133,443.96133567662565,745.5536028119508,301.59226713532513,569,2,2024,-3.7734493894954833,40.788590749000065
17,Girona,17015,Banyoles,566.2593457943925,465.30782710280374,681.2920560747664,215.98422897196264,1712,2,2024,2.773333509973132,42.12489010400006
08,Barcelona,08061,Castellgalí,566.065934065934,483.2307692307692,683.8681318681319,200.63736263736263,91,2,2024,1.8242026912522022,41.67334375650006
48,Bizkaia,48042,Gordexola,566.0,491.0,602.0,111.0,25,1,2024,-3.0827885198203884,43.17750611800005
46,Valencia/Valéncia,46244,Torrent,565.8020403733449,447.5035815064033,708.816366398958,261.31278489255476,4607,2,2024,-0.5237893819440776,39.41729454900005
01,Araba/Álava,01002,Amurrio,565.6945244956772,504.6743515850144,637.1613832853026,132.48703170028818,347,2,2024,-2.951726495717976,43.04467350600004
17,Girona,17044,Cassà de la Selva,565.0975292587776,437.21196358907673,684.2730819245774,247.06111833550062,769,2,2024,2.892681339512281,41.87830898200005
08,Barcelona,08014,Aiguafreda,564.9090909090909,439.6,714.290909090909,274.69090909090903,275,2,2024,2.267978683475507,41.785314999000036
35,"Palmas, Las",35014,"Oliva, La",564.6973333333333,450.0,733.6126666666667,283.61266666666666,1500,2,2024,-13.923520394884065,28.662138509000044
31,Navarra,31905,Beriáin,564.6666666666666,461.80392156862746,636.4313725490196,174.6274509803921,102,2,2024,-1.6454300416873715,42.73142433050006
43,Tarragona,43028,"Bisbal del Penedès, La",563.8620689655172,447.6551724137931,730.4827586206897,282.82758620689657,145,2,2024,1.4796877304296638,41.28386374550007
07,"Balears, Illes",07015,Ciutadella de Menorca,563.8014527845037,462.77239709443097,697.7070217917676,234.93462469733663,1652,2,2024,3.8978491805712983,39.989830029000046
38,Santa Cruz de Tenerife,38006,Arona,563.7878048780487,451.65365853658534,713.780487804878,262.1268292682927,5740,2,2024,-16.68654529977494,28.062790627000055
47,Valladolid,47010,Arroyo de la Encomienda,563.5193075898802,478.9034620505992,643.0386151797603,164.1351531291611,1502,2,2024,-4.795909471761908,41.61697834650005
03,Alicante,03094,"Nucia, la",562.8294573643411,463.5658914728682,746.4186046511628,282.8527131782946,774,2,2024,-0.13004286897319622,38.59741599900005
08,Barcelona,08034,Calders,562.58,420.56,659.24,238.68,50,2,2024,1.9545606816282788,41.77372203650006
29,Málaga,29080,Pizarra,562.5757575757576,442.5656565656566,778.8282828282828,336.2626262626262,99,2,2024,-4.710739372297583,36.76361073050006
19,Guadalajara,19046,Azuqueca de Henares,562.2510793756227,471.14314181335106,647.9319163068748,176.7887744935237,3011,2,2024,-3.262605748400434,40.55543681650005
43,Tarragona,43131,Roda de Barà,562.2222222222222,456.2638888888889,698.125,241.8611111111111,576,2,2024,1.458665800154264,41.184453306500046
41,Sevilla,41029,Castilleja de la Cuesta,562.0917431192661,464.42660550458714,647.651376146789,183.2247706422018,654,2,2024,-6.055103612428308,37.387127790500045
45,Toledo,45123,Ontígola,561.3574660633484,479.710407239819,657.3710407239819,177.66063348416287,221,2,2024,-3.5712015081482074,39.996909511500064
48,Bizkaia,48059,Mañaria,561.0,470.0,608.0,138.0,12,1,2024,-2.6640918474252926,43.12662724900005
47,Valladolid,47007,Aldeamayor de San Martín,561.0,473.0,648.0,175.0,172,1,2024,-4.634963343181783,41.52927863700006
08,Barcelona,08109,Lluçà,561.0,392.0,642.0,250.0,14,1,2024,2.0478123202080685,42.06675789550005
35,"Palmas, Las",35029,Tinajo,560.4814814814815,448.85925925925926,756.2222222222222,307.3629629629629,270,2,2024,-13.717688495955944,29.050084257500032
46,Valencia/Valéncia,46178,Náquera,560.4028776978417,440.2014388489209,692.863309352518,252.66187050359707,556,2,2024,-0.4181923321954787,39.634870499000044
28,Madrid,28166,Valverde de Alcalá,560.0,450.0,746.0,296.0,22,1,2024,-3.2986642387088363,40.40329549900005
48,Bizkaia,48067,Muxika,560.0,426.0,1101.0,675.0,12,1,2024,-2.687675304289974,43.25340725050003
17,Girona,17183,Sant Aniol de Finestres,560.0,475.0,654.0,179.0,17,1,2024,2.6107292986119406,42.06719587050003
43,Tarragona,43036,Cabra del Camp,560.0,435.0,656.0,221.0,41,1,2024,1.295341290612955,41.40175330450006
34,Palencia,34079,Grijota,559.7027027027027,450.52702702702703,625.918918918919,175.39189189189193,74,2,2024,-4.583749483432901,42.04820381500005
20,Gipuzkoa,20032,Elgoibar,559.6814580031696,501.2852614896989,623.7511885895404,122.46592709984156,631,2,2024,-2.399889796747512,43.21010359700006
07,"Balears, Illes",07064,"Castell, Es",559.5375722543353,451.85260115606934,690.4696531791908,238.61705202312146,692,2,2024,4.286895043702675,39.86152553300005
19,Guadalajara,19225,Pozo de Guadalajara,559.5054945054945,487.5274725274725,654.9560439560439,167.4285714285714,91,2,2024,-3.1774934478320764,40.49326150750005
20,Gipuzkoa,20047,Itsasondo,559.0,501.0,657.0,156.0,30,1,2024,-2.181633050839854,43.081760362500034
08,Barcelona,08283,Tona,558.984126984127,452.2804232804233,676.2328042328043,223.95238095238096,567,2,2024,2.2163778631532765,41.85711524900006
08,Barcelona,08223,Sant Llorenç Savall,558.9349112426036,443.0177514792899,667.9289940828403,224.91124260355036,169,2,2024,2.0529209411589813,41.68668439600003
46,Valencia/Valéncia,46163,Massalfassar,558.5987261146497,411.2738853503185,708.108280254777,296.8343949044585,157,2,2024,-0.31801988765682354,39.55489803200004
28,Madrid,28040,Ciempozuelos,558.2249357326479,468.30462724935734,655.9575835475579,187.65295629820054,1556,2,2024,-3.60966883376649,40.15357975100005
38,Santa Cruz de Tenerife,38017,Granadilla de Abona,557.8355966483675,447.3325628431089,708.3415197919676,261.00895694885867,3461,2,2024,-16.556203953553457,28.12016133350005
38,Santa Cruz de Tenerife,38019,Guía de Isora,557.8098098098098,449.6676676676677,698.0850850850851,248.41741741741743,999,2,2024,-16.7602639863076,28.21986049900005
46,Valencia/Valéncia,46111,Chiva,557.7538461538461,416.53846153846155,735.7051282051282,319.16666666666663,780,2,2024,-0.7819540537159956,39.49159251400005
46,Valencia/Valéncia,46169,Mislata,557.5433127944907,449.1844871330192,701.8419717288873,252.65748459586808,2759,2,2024,-0.4190925993432987,39.47820300200004
08,Barcelona,08251,Santa Margarida i els Monjos,557.4976744186047,442.57674418604654,653.4232558139535,210.84651162790692,430,2,2024,1.6648075850159558,41.31506917950006
17,Girona,17233,Vilobí d'Onyar,556.9230769230769,419.1025641025641,659.6410256410256,240.53846153846155,156,2,2024,2.7408103718398857,41.89462924900005
01,Araba/Álava,01058,Legutio,556.8275862068965,477.37931034482756,644.8620689655172,167.48275862068965,58,2,2024,-2.6432942760138562,42.986036130500054
17,Girona,17063,Espinelves,556.7586206896551,411.82758620689657,650.7241379310345,238.89655172413796,29,2,2024,2.4246944245471354,41.87246649800005
38,Santa Cruz de Tenerife,38005,Arico,556.4927536231884,457.14009661835746,704.0917874396135,246.95169082125608,414,2,2024,-16.49821225494053,28.190892585500052
04,Almería,04031,Cantoria,556.0,300.0,749.0,449.0,40,1,2024,-2.1759582300838787,37.34209955100005
43,Tarragona,43163,"Vendrell, El",555.5307599517491,457.5090470446321,655.7466827503016,198.2376357056695,3316,2,2024,1.5182870371685744,41.20455884900005
03,Alicante,03042,"Benitachell/Poble Nou de Benitatxell, el",555.1724137931035,427.58620689655174,774.5862068965517,347.0,203,2,2024,0.15510937694094296,38.721923316000044
27,Lugo,27039,Outeiro de Rei,555.0,347.0,724.0,377.0,58,1,2024,-7.571463969843219,43.106163063000054
08,Barcelona,08192,Santpedor,554.4836272040302,459.1813602015113,641.176322418136,181.99496221662469,397,2,2024,1.8384842123531229,41.78546414500005
45,Toledo,45122,Olías del Rey,553.8645161290323,427.6483870967742,696.8032258064516,269.1548387096774,310,2,2024,-3.9871998924131447,39.946593193500036
03,Alicante,03031,Benidorm,553.1313605761703,459.0020353843745,684.4335368717708,225.4315014873963,6387,2,2024,-0.1278608546811389,38.56580924900007
50,Zaragoza,50288,Villanueva de Gállego,552.5051194539249,460.8600682593857,704.2184300341297,243.35836177474403,293,2,2024,-0.8548087323438087,41.78610316000004
19,Guadalajara,19171,Marchamalo,552.4552845528456,465.0406504065041,639.4065040650406,174.36585365853654,492,2,2024,-3.2021810192399567,40.684615571500046
20,Gipuzkoa,20014,Asteasu,552.08,490.12,663.3733333333333,173.25333333333333,75,2,2024,-2.1201298260114028,43.201820456000064
20,Gipuzkoa,20080,Zumarraga,552.0,501.0,602.0,101.0,493,1,2024,-2.3011544507387445,43.096399314500076
48,Bizkaia,48057,Lekeitio,552.0,500.0,628.0,128.0,140,1,2024,-2.505249204148508,43.36342846650007
48,Bizkaia,48095,Zaldibar,552.0,515.0,607.0,92.0,83,1,2024,-2.5276241402122963,43.16636230100005
48,Bizkaia,48058,Mallabia,552.0,513.0,617.0,104.0,20,1,2024,-2.5369058397825377,43.20074980450005
20,Gipuzkoa,20022,Berastegi,552.0,473.0,689.0,216.0,16,1,2024,-1.9536142033602466,43.131547782500036
20,Gipuzkoa,20051,Legazpi,552.0,501.0,602.0,101.0,264,1,2024,-2.3364124478968167,43.02673975850004
20,Gipuzkoa,20901,Mendaro,552.0,471.0,620.0,149.0,85,1,2024,-2.371233185886576,43.241512690000064
20,Gipuzkoa,20077,Urretxu,552.0,501.0,619.0,118.0,260,1,2024,-2.3312323461679876,43.096399314500076
20,Gipuzkoa,20070,Segura,552.0,490.0,651.0,161.0,33,1,2024,-2.2610270451974177,42.99423382800006
43,Tarragona,43030,Bonastre,552.0,423.0,598.0,175.0,22,1,2024,1.4362137115421385,41.22683907700005
19,Guadalajara,19117,Fontanar,551.6666666666666,458.4,653.8555555555556,195.45555555555563,90,2,2024,-3.1866986773392987,40.72920067050006
46,Valencia/Valéncia,46078,Burjassot,551.3344827586207,438.3103448275862,686.1793103448276,247.8689655172414,2610,2,2024,-0.41260731169197357,39.50929124900006
08,Barcelona,08154,Pacs del Penedès,551.0,441.0,1008.0,567.0,22,1,2024,1.6662637749342015,41.36094996150007
20,Gipuzkoa,20058,Olaberria,551.0,501.0,614.0,113.0,36,1,2024,-2.2053483316995717,43.023432720000045
45,Toledo,45127,Palomeque,551.0,395.0,740.0,345.0,14,1,2024,-3.9770478136688077,40.11707267600005
50,Zaragoza,50297,Zaragoza,550.8817532193177,449.50401381413377,653.6556018884215,204.15158807428776,54437,2,2024,-0.979578529921357,41.69067761500003
50,Zaragoza,50163,María de Huerva,550.81,476.56,624.75,148.19,300,2,2024,-0.973680818775374,41.503819735000064
17,Girona,17011,"Armentera, L'",550.0,419.0,699.0,280.0,64,1,2024,3.080799876418193,42.163934410500076
20,Gipuzkoa,20050,Leaburu,550.0,504.0,591.0,87.0,12,1,2024,-2.0570589549939777,43.119646356500056
17,Girona,17196,Terrades,550.0,358.0,642.0,284.0,11,1,2024,2.8402459256423827,42.312212068000036
17,Girona,17098,Maià de Montcal,550.0,342.0,670.0,328.0,17,1,2024,2.7486374154915847,42.20836419850005
17,Girona,17109,Montagut i Oix,550.0,357.0,751.0,394.0,33,1,2024,2.5293868811222753,42.26737836050006
29,Málaga,29033,Canillas de Aceituno,550.0,403.0,668.0,265.0,23,1,2024,-4.099027550829105,36.86972770200006
09,Burgos,09315,Revillarruz,550.0,470.0,600.0,130.0,19,1,2024,-3.668092715412979,42.22863457100004
17,Girona,17172,Sant Martí de Llémena,550.0,300.0,1000.0,700.0,23,1,2024,2.6641218041944397,42.039333296500075
40,Segovia,40194,Segovia,550.0,447.7894736842105,682.8070175438596,235.0175438596491,4446,2,2024,-4.145824417818218,40.91077215800004
40,Segovia,40207,Trescasas,550.0,456.0,692.0,236.0,28,1,2024,-4.013642317271034,40.95640873000005
43,Tarragona,43042,Castellvell del Camp,550.0,400.0,1000.0,600.0,15,1,2024,1.0909586066763923,41.189380152500064
17,Girona,17208,"Vall de Bianya, La",550.0,376.0,749.0,373.0,65,1,2024,2.434497011242512,42.24186863400004
43,Tarragona,43002,Albinyana,550.0,450.0,675.0,225.0,86,1,2024,1.4852135135328615,41.235870888500045
17,Girona,17023,Blanes,549.2587811468028,450.3725607925548,641.7802461723206,191.40768537976584,3331,2,2024,2.790244170034291,41.68971734850007
41,Sevilla,41094,Umbrete,548.7027027027027,481.72972972972974,674.5675675675676,192.83783783783787,185,2,2024,-6.17068785985399,37.36610561650005
48,Bizkaia,48075,Orozko,548.390625,449.984375,637.703125,187.71875,64,2,2024,-2.8738450724264784,43.08134847200006
46,Valencia/Valéncia,46014,Albuixech,548.3762376237623,438.8514851485148,674.7128712871287,235.86138613861385,202,2,2024,-0.31710110014337495,39.542703749000054
45,Toledo,45205,Yuncos,548.1792452830189,439.39622641509436,630.7452830188679,191.34905660377353,636,2,2024,-3.89131254817447,40.08875060550005
46,Valencia/Valéncia,46186,Paiporta,548.0309423347398,445.943741209564,655.0014064697609,209.05766526019693,1422,2,2024,-0.4128518090048997,39.42367949900006
17,Girona,17159,Sant Feliu de Buixalleu,548.0,492.0,750.0,258.0,35,1,2024,2.5778172793363483,41.78153477150005
08,Barcelona,08278,Taradell,547.6504424778761,444.36504424778764,692.1349557522124,247.76991150442473,452,2,2024,2.282198853728632,41.88137302700005
29,Málaga,29005,Algarrobo,547.2490706319703,456.92193308550185,694.8810408921933,237.9591078066914,269,2,2024,-4.0468712685355435,36.75863649900006
03,Alicante,03078,Hondón de los Frailes,547.0,412.0,782.0,370.0,24,1,2024,-0.9303636933187851,38.27470959900006
17,Girona,17067,Flaçà,546.9387755102041,430.51020408163265,668.3673469387755,237.8571428571429,98,2,2024,2.962654475044186,42.04377664550006
47,Valladolid,47133,Renedo de Esgueva,545.96875,454.6875,648.5,193.8125,64,2,2024,-4.62490307355832,41.64692068300005
04,Almería,04013,Almería,545.1386785960083,421.5326909841707,660.8668272539574,239.33413626978665,8718,2,2024,-2.3216271921327714,36.86509909250006
46,Valencia/Valéncia,46193,Picanya,545.0174825174826,439.7307692307692,713.8601398601398,274.1293706293706,572,2,2024,-0.43112669910629375,39.43354040950007
43,Tarragona,43090,"Montmell, El",545.0,400.0,673.0,273.0,46,1,2024,1.4833219058735116,41.331739999000035
43,Tarragona,43074,Llorenç del Penedès,544.6666666666666,431.48148148148147,647.7407407407408,216.2592592592593,108,2,2024,1.543124259574712,41.285038728000046
03,Alicante,03121,Santa Pola,544.5043798985707,443.23835869064084,645.9585062240664,202.72014753342552,2169,2,2024,-0.573138640145238,38.199021060000064
46,Valencia/Valéncia,46009,Albalat dels Sorells,544.2828947368421,445.94736842105266,671.4144736842105,225.46710526315786,152,2,2024,-0.3517063054040659,39.55180510200006
29,Málaga,29011,Almogía,544.0,383.0,662.0,279.0,34,1,2024,-4.545869477540249,36.83902299250005
40,Segovia,40113,"Losa, La",544.0,430.0,729.0,299.0,22,1,2024,-4.13924671679503,40.835164381000055
17,Girona,17074,Fortià,544.0,444.0,756.0,312.0,16,1,2024,3.037290162904452,42.24368877200004
43,Tarragona,43153,Torredembarra,543.9017912291538,453.47621988882025,659.2075355157505,205.7313156269302,1619,2,2024,1.4072849368912181,41.148891429500054
28,Madrid,28122,Ribatejada,543.8666666666667,425.8,683.6,257.8,30,2,2024,-3.4134651740125053,40.66315071850005
36,Pontevedra,36057,Vigo,543.6912903506483,441.3912816496998,666.3717480205343,224.98046637083445,22986,2,2024,-8.732318633052575,42.19587793550005
38,Santa Cruz de Tenerife,38023,San Cristóbal de La Laguna,543.3849337748344,426.41004415011037,681.4627483443709,255.0527041942605,10872,2,2024,-16.305272513913167,28.50542132700005
43,Tarragona,43092,Mont-roig del Camp,543.0917992656059,446.2105263157895,644.0330477356181,197.8225214198286,817,2,2024,0.9643433723043424,41.061708002000046
48,Bizkaia,48060,Markina-Xemein,543.0,479.0,599.0,120.0,149,1,2024,-2.4358413992840124,43.26001719450005
08,Barcelona,08067,Centelles,543.0,438.8888888888889,649.6666666666666,210.77777777777771,585,2,2024,2.21489197335723,41.784387999000046
07,"Balears, Illes",07037,"Mercadal, Es",542.9141414141415,449.0656565656566,679.8434343434343,230.77777777777771,396,2,2024,4.118223452121908,40.021888382500066
07,"Balears, Illes",07033,Manacor,542.8710266715382,412.0789185239313,719.7237851662404,307.6448666423091,2737,2,2024,3.2622135570782986,39.55634105750005
17,Girona,17092,Llançà,542.7354368932039,420.32766990291265,639.1650485436893,218.83737864077665,412,2,2024,3.127728577616284,42.36516782350006
35,"Palmas, Las",35001,Agaete,542.6720647773279,400.0,684.663967611336,284.66396761133603,247,2,2024,-15.688480295420138,28.072130966500055
28,Madrid,28156,Valdeavero,542.3831775700935,442.85046728971963,656.6915887850467,213.84112149532712,107,2,2024,-3.3488713096608302,40.62790501650005
14,Córdoba,14021,Córdoba,542.3827414147344,449.30261226885824,680.5409451130026,231.2383328441444,13628,2,2024,-4.680744119377916,37.85001972650005
17,Girona,17016,Bàscara,542.3529411764706,422.94117647058823,668.3529411764706,245.41176470588238,68,2,2024,2.9204217889250446,42.13703803350006
17,Girona,17081,Gualta,542.0,250.0,1005.0,755.0,10,1,2024,3.1185661076263758,42.02147603700004
29,Málaga,29042,Coín,541.6812609457093,422.0910683012259,700.4518388791594,278.36077057793347,571,2,2024,-4.7637797174506495,36.66648706500004
17,Girona,17190,Serinyà,541.5,417.5,644.0,226.5,56,2,2024,2.7363275086942545,42.166987600000056
19,Guadalajara,19300,Valdeaveruelo,541.3461538461538,391.65384615384613,738.9615384615385,347.3076923076923,52,2,2024,-3.3029464251052643,40.652423543000054
39,Cantabria,39052,Piélagos,540.9180327868852,448.87540983606556,676.1377049180328,227.26229508196724,1220,2,2024,-3.951686899579747,43.40371999900003
43,Tarragona,43905,Salou,540.6839273705447,441.85944855413584,658.567585743107,216.70813718897114,2974,2,2024,1.1417936060307503,41.07822211850004
46,Valencia/Valéncia,46007,Albal,540.3522867737948,443.655129789864,641.7058096415327,198.0506798516687,809,2,2024,-0.3817543957080678,39.38298774900005
25,Lleida,25179,Prullans,540.0,429.0,629.0,200.0,12,1,2024,1.7286367559161588,42.391616698000064
24,León,24163,Sariegos,539.7478260869565,418.60869565217394,642.1739130434783,223.56521739130432,115,2,2024,-5.65279424736514,42.664632195500076
46,Valencia/Valéncia,46126,Foios,539.6402877697842,444.98800959232614,644.9952038369305,200.00719424460436,417,2,2024,-0.369442539461602,39.54899774900005
08,Barcelona,08137,Montseny,539.4285714285714,442.57142857142856,725.2857142857143,282.7142857142858,49,2,2024,2.385241643462723,41.77752125400005
38,Santa Cruz de Tenerife,38020,Güímar,539.1020408163265,441.0834879406308,669.669758812616,228.58627087198522,1078,2,2024,-16.442943879004993,28.28490601200005
31,Navarra,31232,Tudela,538.6785260482847,416.20965692503177,628.4002541296061,212.19059720457432,1574,2,2024,-1.6397519439749524,42.07683724900008
35,"Palmas, Las",35003,Antigua,538.618398637138,438.8415672913118,685.0477001703578,246.20613287904598,587,2,2024,-13.943017188037766,28.34962574900007
17,Girona,17089,Llagostera,538.2054794520548,420.291095890411,664.1198630136986,243.8287671232876,584,2,2024,2.903573465646791,41.812917296500046
08,Barcelona,08094,"Granada, La",537.873417721519,421.5189873417722,725.0506329113924,303.53164556962025,79,2,2024,1.7170587479517971,41.37387683850005
07,"Balears, Illes",07022,Felanitx,537.8362068965517,411.8175287356322,785.1135057471264,373.2959770114942,1392,2,2024,3.1567247597860773,39.45304983150004
15,"Coruña, A",15030,"Coruña, A",537.5163636363636,432.46,663.3872727272727,230.92727272727274,25300,2,2024,-8.413620161887795,43.34266237500006
42,Soria,42173,Soria,537.4855190367718,437.31988285063454,649.0068337129841,211.68695086234953,3073,2,2024,-2.934130154694774,41.87465365950004
17,Girona,17180,Santa Coloma de Farners,537.4618395303327,448.5988258317025,644.9119373776908,196.3131115459883,1022,2,2024,2.6303358741588267,41.868437660500035
17,Girona,17117,Palafrugell,537.4117647058823,442.73949579831935,658.5546218487395,215.8151260504202,1428,2,2024,3.182025338032883,41.90977986250007
28,Madrid,28030,"Cabrera, La",537.3770491803278,433.2295081967213,652.5573770491803,219.327868852459,183,2,2024,-3.6129196625203392,40.86316549900005
48,Bizkaia,48091,Atxondo,537.0,501.0,562.0,61.0,21,1,2024,-2.591162148014769,43.111121200500065
11,Cádiz,11014,Conil de la Frontera,536.4880382775119,427.2918660287081,697.0047846889952,269.7129186602871,418,2,2024,-6.084186329700808,36.295163661500055
08,Barcelona,08102,Igualada,536.4239973036738,433.61846983485003,640.25783619818,206.63936636333,2967,2,2024,1.6072649924567068,41.586621518000044
35,"Palmas, Las",35018,San Bartolomé,536.3228915662651,450.0,650.2795180722892,200.2795180722892,1660,2,2024,-13.606647472592172,28.96862654900005
45,Toledo,45052,Cobisa,536.2898550724638,445.3768115942029,701.2028985507246,255.82608695652175,69,2,2024,-4.028456417078765,39.791040681000055
39,Cantabria,39048,Penagos,536.1428571428571,382.14285714285717,673.7142857142857,291.5714285714285,42,2,2024,-3.816547657614062,43.33070965200005
46,Valencia/Valéncia,46207,Rafelbuñol/Rafelbunyol,536.0777576853526,435.75226039783,643.8047016274865,208.05244122965644,553,2,2024,-0.3546779930331351,39.59835024900005
20,Gipuzkoa,20008,Amezketa,536.0,451.0,630.0,179.0,36,1,2024,-2.069125636786631,43.05439469500004
48,Bizkaia,48073,Ondarroa,536.0,477.0,600.0,123.0,184,1,2024,-2.427115322875605,43.316518347000056
02,Albacete,02003,Albacete,535.3825791629208,448.6486864449106,647.3169513535112,198.66826490860058,10011,2,2024,-1.9346996833910235,38.934432249000054
41,Sevilla,41086,San Juan de Aznalfarache,535.2816,426.1488,680.2608,254.11200000000002,1250,2,2024,-6.029489431549932,37.36948424900007
08,Barcelona,08004,Alpens,535.0,276.0,825.0,549.0,12,1,2024,2.0869688592261095,42.11968718900005
17,Girona,17065,Esponellà,535.0,414.0,996.0,582.0,13,1,2024,2.8071630280875697,42.17055928000005
45,Toledo,45199,"Viso de San Juan, El",534.8897338403042,432.1216730038023,633.8403041825095,201.7186311787072,263,2,2024,-3.977724288100262,40.14781316600005
23,Jaén,23038,"Guardia de Jaén, La",534.671052631579,398.36842105263156,675.5921052631579,277.22368421052636,76,2,2024,-3.69087303806553,37.749466555000055
15,"Coruña, A",15058,Oleiros,534.6016122189224,415.17098005939755,723.6567670767926,308.485787017395,2357,2,2024,-8.329020481697395,43.35559243250006
38,Santa Cruz de Tenerife,38043,Tacoronte,534.4873501997337,409.1717709720373,678.8015978695073,269.62982689747,751,2,2024,-16.399444838628188,28.482435045000045
43,Tarragona,43137,Sant Jaume dels Domenys,534.4727272727273,428.7090909090909,675.3454545454546,246.63636363636368,110,2,2024,1.552481131140865,41.31256053600006
37,Salamanca,37067,Cabrerizos,534.3913043478261,443.9130434782609,630.9478260869565,187.03478260869565,115,2,2024,-5.612550849125428,40.97499274900005
28,Madrid,28902,Puentes Viejas,534.0,400.0,609.0,209.0,56,1,2024,-3.593360173686156,40.96865917200006
39,Cantabria,39016,Camargo,533.929889298893,450.0,634.6346863468634,184.63468634686342,1355,2,2024,-3.8804526966370854,43.410010501000045
28,Madrid,28033,Campo Real,533.7007874015748,451.71259842519686,668.9192913385826,217.20669291338578,508,2,2024,-3.375998858209812,40.31391106250004
39,Cantabria,39030,Guriezo,533.6666666666666,449.6666666666667,664.6666666666666,214.99999999999994,42,2,2024,-3.3248985540161082,43.33912073450006
29,Málaga,29061,Istán,533.2413793103449,416.82758620689657,1007.551724137931,590.7241379310344,29,2,2024,-4.954963731511951,36.59889341650006
40,Segovia,40901,Ortigosa del Monte,533.0,391.0,759.0,368.0,20,1,2024,-4.154923232591343,40.81412009250005
43,Tarragona,43011,Almoster,533.0,442.0,776.0,334.0,13,1,2024,1.1062304670956993,41.195265784500066
08,Barcelona,08164,"Pla del Penedès, El",532.6506024096385,422.90361445783134,681.2289156626506,258.32530120481925,83,2,2024,1.7208199059422262,41.41185199900005
47,Valladolid,47186,Valladolid,532.6033884182752,450.0,635.9952784335509,185.99527843355088,21603,2,2024,-4.725656275939946,41.61907037350005
17,Girona,17047,Castelló d'Empúries,532.5976845151954,420.6946454413893,662.1591895803184,241.4645441389291,691,2,2024,3.097652519656316,42.24381544700003
08,Barcelona,08037,Calldetenes,532.5786163522013,430.79245283018867,640.9056603773585,210.1132075471698,159,2,2024,2.296591783274561,41.925637414500045
17,Girona,17211,Verges,532.4,356.5,661.24,304.74,50,2,2024,3.0442912994930875,42.06948808200005
41,Sevilla,41010,Almensilla,532.3564356435644,407.4257425742574,720.9108910891089,313.48514851485146,101,2,2024,-6.110976502308375,37.31090112350006
17,Girona,17220,Viladrau,532.1728395061729,417.3333333333333,723.0617283950618,305.72839506172846,81,2,2024,2.3752794971037745,41.84700791100005
03,Alicante,03006,Alcalalí,532.0,400.0,727.0,327.0,40,1,2024,-0.041611321754217716,38.752274226000054
03,Alicante,03081,Xaló,531.625,376.0416666666667,734.3125,358.2708333333333,144,2,2024,-0.030469091224159466,38.71598723050005
39,Cantabria,39062,Ribamontán al Monte,531.40625,419.0625,638.203125,219.140625,64,2,2024,-3.661241141043856,43.40463655650004
45,Toledo,45201,Yeles,530.5769230769231,448.23846153846154,630.1153846153846,181.8769230769231,520,2,2024,-3.789930234703589,40.11946595200007
43,Tarragona,43126,"Riera de Gaià, La",530.4615384615385,403.6923076923077,634.4615384615385,230.76923076923077,65,2,2024,1.353649183729519,41.15958923350004
30,Murcia,30027,Molina de Segura,530.2949852507375,417.4778761061947,665.0176991150443,247.53982300884957,2373,2,2024,-1.2031221677828619,38.13511474900005
08,Barcelona,08232,Sant Pere de Riudebitlles,530.1818181818181,450.0,640.8181818181819,190.81818181818187,154,2,2024,1.7003132208474894,41.460866941000035
17,Girona,17095,Lloret de Mar,530.1359894632861,439.6657886071781,665.8412907474482,226.17550214027005,3037,2,2024,2.8313118760835287,41.72596449900004
43,Tarragona,43024,Bellvei,530.0,383.0,688.0,305.0,90,2,2024,1.5696427138905966,41.23606799900003
28,Madrid,28111,Pezuela de las Torres,530.0,400.0,643.0,243.0,15,1,2024,-3.17513224840261,40.40724486250005
46,Valencia/Valéncia,46032,Almàssera,529.595567867036,431.3296398891967,692.1218836565097,260.792243767313,361,2,2024,-0.3508929546871658,39.51311667900006
01,Araba/Álava,01901,Iruña Oka/Iruña de Oca,529.457627118644,458.59322033898303,684.3559322033898,225.76271186440675,59,2,2024,-2.8205423156342952,42.826580473000064
46,Valencia/Valéncia,46177,Museros,529.4483568075117,433.34037558685446,641.0211267605633,207.68075117370887,426,2,2024,-0.36607940103210324,39.57555519400006
03,Alicante,03069,Finestrat,529.080459770115,434.667816091954,663.1218390804597,228.4540229885057,870,2,2024,-0.20536484149878892,38.566137249000064
46,Valencia/Valéncia,46010,Albalat dels Tarongers,529.0,393.0,686.0,293.0,32,1,2024,-0.36553777818834066,39.671260749000055
19,Guadalajara,19160,Loranca de Tajuña,529.0,438.0,650.0,212.0,38,1,2024,-3.1167940150026787,40.435636749000054
48,Bizkaia,48072,Otxandio,529.0,449.0,558.0,109.0,22,1,2024,-2.65443391856474,43.040919227000046
41,Sevilla,41021,Camas,528.7708779443254,444.8779443254818,637.3361884368309,192.45824411134907,1401,2,2024,-6.036343664380539,37.40056428550005
25,Lleida,25185,Ribera d'Urgellet,528.1304347826087,445.7391304347826,643.1304347826087,197.39130434782612,23,2,2024,1.4194247664469293,42.28432468750006
08,Barcelona,08103,Jorba,527.9,421.1,639.8,218.69999999999993,40,2,2024,1.5221899784917283,41.60816960950004
07,"Balears, Illes",07062,Son Servera,527.7815764482431,442.2108262108262,695.8404558404559,253.62962962962968,1053,2,2024,3.3661536916368915,39.636189231500055
17,Girona,17140,"Port de la Selva, El",527.75,417.75,705.75,288.0,92,2,2024,3.2443491268062403,42.32097999900003
17,Girona,17155,Salt,527.5669764898852,437.3242208857299,641.8370694368507,204.51284855112078,1829,2,2024,2.7811366761867586,41.97617598800005
19,Guadalajara,19105,Chiloeches,527.2702702702703,444.86486486486484,647.1891891891892,202.32432432432432,185,2,2024,-3.1950069615760035,40.56048109450006
47,Valladolid,47023,Boecillo,527.1125827814569,440.72847682119203,618.5827814569536,177.8543046357616,151,2,2024,-4.721405041921495,41.53658585200006
48,Bizkaia,48041,Gautegiz Arteaga,527.0,516.0,564.0,48.0,10,1,2024,-2.652792982170463,43.36825088050006
48,Bizkaia,48906,Forua,527.0,462.0,591.0,129.0,13,1,2024,-2.6904448592407517,43.33334064400003
18,Granada,18017,Almuñécar,526.5717761557178,406.60989456609894,673.8726682887267,267.26277372262774,1233,2,2024,-3.7227284619385457,36.76866475800003
46,Valencia/Valéncia,46094,Catarroja,526.505859375,417.546875,650.0,232.453125,1536,2,2024,-0.3812668067274186,39.39362949900004
17,Girona,17027,Breda,526.3287671232877,419.7260273972603,653.2191780821918,233.4931506849315,365,2,2024,2.5604640665242404,41.746637700000065
07,"Balears, Illes",07043,Porreres,526.1198738170347,414.55835962145113,700.0,285.44164037854887,317,2,2024,3.0311979866325336,39.51017885050007
45,Toledo,45107,Nambroca,526.0434782608696,420.6521739130435,599.5597826086956,178.90760869565213,184,2,2024,-3.934722968466581,39.78196226600005
09,Burgos,09059,Burgos,525.3370547581073,449.57868155236577,616.5840864788233,167.00540492645757,11286,2,2024,-3.681862565792952,42.34405513100003
11,Cádiz,11020,Jerez de la Frontera,525.2692307692307,421.1255656108597,672.316742081448,251.19117647058823,6188,2,2024,-6.078347869431937,36.689371130500064
46,Valencia/Valéncia,46260,Vinalesa,525.1917808219179,411.972602739726,656.5068493150685,244.53424657534248,146,2,2024,-0.3684641185895599,39.53418195350005
09,Burgos,09301,Quintanilla Vivar,525.0,320.0,614.0,294.0,15,1,2024,-3.6807994245784794,42.40892525050006
50,Zaragoza,50193,Nuez de Ebro,525.0,369.0,639.0,270.0,16,1,2024,-0.6851803864922332,41.580733849500035
48,Bizkaia,48017,Bermeo,525.0,457.0,600.0,143.0,560,1,2024,-2.7522688379228475,43.41190528650003
09,Burgos,09074,Cardeñajimeno,525.0,450.0,687.0,237.0,24,1,2024,-3.610092485948461,42.32717652350007
43,Tarragona,43109,"Pobla de Mafumet, La",525.0,449.0,600.0,151.0,238,1,2024,1.2126615671423653,41.18415517750006
19,Guadalajara,19124,Fuentenovilla,525.0,412.0,650.0,238.0,16,1,2024,-3.1029868090371036,40.38148704000005
09,Burgos,09907,Alfoz de Quintanadueñas,524.65,431.7875,593.825,162.03750000000002,80,2,2024,-3.7504914469185087,42.412023071500045
46,Valencia/Valéncia,46165,Massanassa,524.4791666666666,420.2083333333333,656.8541666666666,236.64583333333331,576,2,2024,-0.35672839642635423,39.38541349900004
42,Soria,42095,Golmayo,524.3801652892562,428.40495867768595,606.1157024793389,177.71074380165294,121,2,2024,-2.6539858640398797,41.70587517650006
38,Santa Cruz de Tenerife,38041,"Sauzal, El",524.3783783783783,419.72972972972974,752.6756756756756,332.9459459459459,222,2,2024,-16.424781856012313,28.456654243500054
48,Bizkaia,48026,Dima,524.3478260869565,369.39130434782606,623.695652173913,254.30434782608694,23,2,2024,-2.70582278749864,43.106254734500055
17,Girona,17214,Vilabertran,524.0,445.3125,654.375,209.0625,32,2,2024,2.9824384464107814,42.28607874900007
35,"Palmas, Las",35015,Pájara,523.8790820829656,446.11385701676966,656.6372462488968,210.5233892321271,1133,2,2024,-14.176797692428366,28.225912493000067
17,Girona,17124,Pals,523.780487804878,466.6463414634146,758.0487804878048,291.4024390243902,82,2,2024,3.1713347533245195,41.97932999900004
46,Valencia/Valéncia,46166,Meliana,523.7387387387388,421.6702702702703,650.3027027027027,228.63243243243244,555,2,2024,-0.33389952945152535,39.523589593000054
45,Toledo,45023,Burguillos de Toledo,523.6306306306307,436.7927927927928,651.2612612612612,214.46846846846842,111,2,2024,-3.9911547537379186,39.77463756800006
08,Barcelona,08064,Castellterçol,523.2558139534884,408.56976744186045,648.3604651162791,239.79069767441865,258,2,2024,2.095551403355577,41.747774304000046
43,Tarragona,43145,"Selva del Camp, La",523.2463768115942,428.4154589371981,630.5507246376811,202.13526570048305,207,2,2024,1.1437283124201971,41.204216830000064
28,Madrid,28012,Anchuelo,523.1818181818181,423.8181818181818,621.4545454545455,197.63636363636368,66,2,2024,-3.279346698900252,40.46399940400005
17,Girona,17041,Cantallops,523.0,400.0,599.0,199.0,11,1,2024,2.92853962084065,42.41895270300006
30,Murcia,30030,Murcia,522.6931949250288,413.54094579008074,653.3217993079585,239.78085351787774,21675,2,2024,-1.1158576152810105,37.93502197850006
29,Málaga,29091,Torrox,522.6603139013453,422.0257847533632,675.3587443946188,253.33295964125563,892,2,2024,-3.9549771193504357,36.774413484000064
43,Tarragona,43020,Banyeres del Penedès,522.5912408759124,431.021897810219,669.8029197080292,238.7810218978102,137,2,2024,1.5559254571071746,41.27301996950004
45,Toledo,45119,Numancia de la Sagra,522.5308641975308,415.91358024691357,620.2870370370371,204.3734567901235,324,2,2024,-3.8254077610438526,40.07715958800006
50,Zaragoza,50219,"Puebla de Alfindén, La",522.3021582733813,430.7985611510791,602.1007194244604,171.30215827338128,417,2,2024,-0.7533143805432483,41.63856585900007
17,Girona,17223,Vilajuïga,521.4,369.8,617.2,247.40000000000003,65,2,2024,3.106361994170765,42.333016259500056
47,Valladolid,47076,Laguna de Duero,521.1021233569262,451.2335692618807,591.6531850353892,140.41961577350855,989,2,2024,-4.714642179636783,41.569205084500055
46,Valencia/Valéncia,46074,Bonrepòs i Mirambell,521.08,442.52,631.02,188.5,200,2,2024,-0.3665898523158878,39.519058647000065
46,Valencia/Valéncia,46220,Sagunto/Sagunt,520.9417149832163,420.49130302105584,669.6521208422338,249.16081782117794,3277,2,2024,-0.25362027828854006,39.708051428500056
36,Pontevedra,36003,Baiona,520.5566298342542,415.4986187845304,687.9033149171271,272.4046961325967,724,2,2024,-8.84510888199523,42.086716713000044
17,Girona,17207,"Vall d'en Bas, La",520.3440860215054,409.38709677419354,667.9569892473119,258.56989247311833,186,2,2024,2.4312577800644415,42.127195190000066
17,Girona,17139,"Preses, Les",520.34375,373.515625,682.984375,309.46875,64,2,2024,2.477545320824448,42.14719874900004
11,Cádiz,11028,Puerto Real,520.1421052631579,431.6657894736842,618.7368421052631,187.07105263157894,1140,2,2024,-6.113440448387411,36.52750803950005
28,Madrid,28091,Morata de Tajuña,520.044776119403,400.0,628.7164179104477,228.71641791044772,402,2,2024,-3.4496002961173753,40.22828948050005
48,Bizkaia,48018,Berriatua,520.0,499.0,563.0,64.0,33,1,2024,-2.469384941523815,43.31231443450005
03,Alicante,03026,Beniarbeig,519.8119658119658,433.7435897435897,669.3589743589744,235.61538461538464,117,2,2024,-0.008739451266315288,38.81340012000004
11,Cádiz,11032,Sanlúcar de Barrameda,519.3085621970921,411.87399030694667,713.2245557350566,301.3505654281099,1238,2,2024,-6.289314681816721,36.803299849500064
50,Zaragoza,50272,Utebo,519.0494699646644,447.1660777385159,620.5795053003534,173.41342756183747,1132,2,2024,-0.9896656237163581,41.72009715450005
20,Gipuzkoa,20062,Ormaiztegi,519.0,501.0,618.0,117.0,38,1,2024,-2.2520218305661777,43.04380037450005
50,Zaragoza,50182,"Muela, La",518.7247278382582,439.0248833592535,587.4494556765163,148.4245723172628,643,2,2024,-1.1271549363500664,41.56078842900004
41,Sevilla,41081,"Rinconada, La",518.432364096081,444.4576485461441,630.7206068268015,186.26295828065736,791,2,2024,-5.91311079065472,37.47511093450004
28,Madrid,28008,Aldea del Fresno,518.2564102564103,441.02564102564105,660.6923076923077,219.66666666666669,117,2,2024,-4.223780965781199,40.310585771000035
46,Valencia/Valéncia,46164,Massamagrell,517.8907242693774,416.99364675984754,628.6251588310038,211.63151207115624,787,2,2024,-0.34170086730544996,39.57853252050006
17,Girona,17199,Torroella de Montgrí,517.7667044167611,418.00679501698755,634.8131370328426,216.80634201585508,883,2,2024,3.164800789481035,42.059053688000034
04,Almería,04052,Huércal de Almería,517.6490066225166,400.0,605.6291390728477,205.6291390728477,302,2,2024,-2.466476550339567,36.882349088500064
08,Barcelona,08224,Sant Martí de Centelles,517.3451327433628,441.85840707964604,652.787610619469,210.92920353982294,113,2,2024,2.21935609492896,41.75419099000004
08,Barcelona,08292,Vallbona d'Anoia,516.7096774193549,359.5806451612903,656.516129032258,296.93548387096774,62,2,2024,1.70775064907329,41.53181249900007
43,Tarragona,43178,Vinyols i els Arcs,516.4745762711865,443.79661016949154,636.4745762711865,192.67796610169495,118,2,2024,1.0560427618527122,41.09876499900005
28,Madrid,28028,Bustarviejo,516.3470319634703,419.4931506849315,624.6575342465753,205.16438356164383,219,2,2024,-3.7295206463500445,40.83996049900003
17,Girona,17114,Olot,516.3438775510205,407.7448979591837,614.8836734693878,207.13877551020408,2940,2,2024,2.4977141446764435,42.17586673900004
35,"Palmas, Las",35026,Telde,516.0048770575087,440.0121926437716,639.9817110343427,199.96951839057107,4921,2,2024,-15.417385414804965,27.988008364000052
28,Madrid,28174,Villamanta,516.0,456.8,674.8,217.99999999999994,110,2,2024,-4.127012491940565,40.29426576150004
25,Lleida,25120,Lleida,515.6917613636364,423.8441051136364,634.2732599431819,210.4291548295455,11264,2,2024,0.6254823978669402,41.62686040650004
38,Santa Cruz de Tenerife,38026,"Orotava, La",515.4898499558693,405.5216240070609,675.4377758164165,269.91615180935565,1133,2,2024,-16.528397168661726,28.31207898300005
37,Salamanca,37274,Salamanca,515.4729391577894,427.93250875813254,631.351254736541,203.41874597840848,13987,2,2024,-5.693060042736295,40.95391311250006
41,Sevilla,41004,Alcalá de Guadaíra,515.3540372670808,426.97910784867304,607.4545454545455,180.47543760587246,1771,2,2024,-5.810133980733262,37.288217163500065
17,Girona,17083,Hostalric,515.3424657534247,412.05479452054794,635.2054794520548,223.15068493150682,365,2,2024,2.628649890906851,41.74094399900005
41,Sevilla,41089,Santiponce,515.265306122449,429.14285714285717,626.9591836734694,197.81632653061223,196,2,2024,-6.044887695504002,37.43611298050004
48,Bizkaia,48093,Areatza,515.0,452.0,648.0,196.0,37,1,2024,-2.799390188327015,43.09583619950004
20,Gipuzkoa,20044,Ikaztegieta,515.0,496.0,591.0,95.0,13,1,2024,-2.1220885434255474,43.08805649900003
01,Araba/Álava,01004,Artziniega,515.0,440.0,596.0,156.0,41,1,2024,-3.1412008704347985,43.12921932200007
35,"Palmas, Las",35002,Agüimes,514.9,414.3053191489362,623.9351063829787,209.6297872340425,1880,2,2024,-15.453097819883453,27.895612363000055
46,Valencia/Valéncia,46021,Aldaia,514.1169451073986,405.71957040572795,628.381861575179,222.662291169451,1676,2,2024,-0.488029150317398,39.45842349900005
08,Barcelona,08138,Moià,514.040072859745,418.02914389799633,627.6357012750456,209.60655737704923,549,2,2024,2.1037592554271667,41.82136965350006
43,Tarragona,43171,Vila-seca,514.0332681017612,429.61252446183954,629.8356164383562,200.22309197651663,1533,2,2024,1.1648652684101002,41.098065588000054
17,Girona,17001,Agullana,514.0,410.0,689.0,279.0,36,1,2024,2.832690706257555,42.41144507850004
28,Madrid,28095,Navalagamella,513.7284482758621,400.0,639.073275862069,239.07327586206895,232,2,2024,-4.129268195055843,40.44500470050005
46,Valencia/Valéncia,46223,Sedaví,513.7154471544716,416.5264227642276,648.4878048780488,231.96138211382117,492,2,2024,-0.37932242683350836,39.42417755300005
17,Girona,17204,Ullà,513.5135135135135,380.9189189189189,634.081081081081,253.16216216216213,74,2,2024,3.105309789338032,42.05272355050005
26,"Rioja, La",26089,Logroño,513.3743870781656,419.88654937025285,611.174214017883,191.2876646476301,10401,2,2024,-2.4715444453353155,42.47479703800005
46,Valencia/Valéncia,46159,Manises,513.3312302839116,402.3318611987382,654.6611987381704,252.32933753943217,1585,2,2024,-0.5010774446104339,39.50280952150007
28,Madrid,28094,Navalafuente,513.2894736842105,378.8157894736842,614.1447368421053,235.3289473684211,152,2,2024,-3.6773795629041497,40.81772859250006
33,Asturias,33024,Gijón,513.203681472589,440.2200880352141,622.7402961184474,182.52020808323334,19992,2,2024,-5.6929721273783445,43.50696160850006
43,Tarragona,43123,Reus,512.6051514708034,419.33850431728376,627.4185570027806,208.08005268549687,6833,2,2024,1.1228882081754135,41.147807343500034
38,Santa Cruz de Tenerife,38046,Tegueste,512.3031674208145,412.3981900452489,663.3484162895927,250.9502262443438,442,2,2024,-16.335257418770606,28.518682955500054
39,Cantabria,39035,Laredo,512.1344537815127,424.84593837535016,614.6778711484594,189.83193277310926,357,2,2024,-3.423460071325249,43.40927324900005
17,Girona,17091,Llanars,512.0,399.0,724.0,325.0,26,1,2024,2.351345576696068,42.33632369150004
42,Soria,42149,"Rábanos, Los",512.0,366.0,700.0,334.0,12,1,2024,-2.422597941637596,41.68150871600005
40,Segovia,40072,Encinillas,512.0,290.0,612.0,322.0,17,1,2024,-4.145171644002915,41.034453413500046
08,Barcelona,08213,Sant Fruitós de Bages,511.9870801033592,426.64599483204137,653.922480620155,227.2764857881137,387,2,2024,1.8674707961648749,41.75092254200004
08,Barcelona,08127,Monistrol de Montserrat,511.6216216216216,404.81081081081084,625.7657657657658,220.95495495495493,222,2,2024,1.8439310126111779,41.60660156050005
37,Salamanca,37117,Doñinos de Salamanca,511.2,385.4,611.4,226.0,60,2,2024,-5.75667696739988,40.96846882250006
03,Alicante,03107,Polop,511.0068493150685,410.5068493150685,654.1095890410959,243.60273972602738,292,2,2024,-0.15843688781078802,38.61543907700005
48,Bizkaia,48074,Urduña/Orduña,511.0,436.0,567.0,131.0,125,1,2024,-3.044113146977201,43.015594308500056
46,Valencia/Valéncia,46237,Tavernes Blanques,510.6605504587156,412.1926605504587,658.0917431192661,245.8990825688074,436,2,2024,-0.36292553814206435,39.505933151500074
17,Girona,17019,Besalú,510.5405405405405,429.8540540540541,627.1243243243243,197.27027027027026,185,2,2024,2.698600487153132,42.199991455500054
35,"Palmas, Las",35006,Arucas,510.4046844502277,424.24202992843203,638.4866623292128,214.24463240078074,1537,2,2024,-15.521503141079862,28.11618252750003
20,Gipuzkoa,20056,Mutriku,510.30150753768845,463.7889447236181,603.3065326633166,139.5175879396985,199,2,2024,-2.3972882625826557,43.29491784550004
46,Valencia/Valéncia,46054,Benetússer,510.2429906542056,419.5514018691589,637.8598130841121,218.30841121495325,856,2,2024,-0.39804771797105887,39.42179081800006
08,Barcelona,08199,Sant Bartomeu del Grau,510.0,419.0,708.0,289.0,17,1,2024,2.1538895996299874,41.96014263200007
08,Barcelona,08174,Puigdàlber,510.0,352.0,783.0,431.0,20,1,2024,1.6978909094143106,41.40431526000006
08,Barcelona,08038,Callús,509.8723404255319,405.1276595744681,617.063829787234,211.9361702127659,94,2,2024,1.786391057483324,41.80613851000007
28,Madrid,28062,Garganta de los Montes,509.8709677419355,368.38709677419354,969.3548387096774,600.9677419354839,31,2,2024,-3.689454417662027,40.93118953200005
39,Cantabria,39076,Santillana del Mar,509.81481481481484,392.74074074074076,616.6296296296297,223.8888888888889,54,2,2024,-4.094212649018062,43.393092311500055
36,Pontevedra,36038,Pontevedra,509.5079944386514,421.4586374695864,626.0820298922489,204.6233924226625,5754,2,2024,-8.606495260042518,42.42708246950005
50,Zaragoza,50209,Pinseque,509.21965317919074,427.1791907514451,618.878612716763,191.69942196531787,173,2,2024,-1.0882436953271601,41.73155052350003
46,Valencia/Valéncia,46140,Guardamar de la Safor,509.0,420.0,650.0,230.0,25,1,2024,-0.14400564696912943,38.96481724900005
50,Zaragoza,50017,Alfajarín,509.0,400.0,699.0,299.0,62,1,2024,-0.6532113053518812,41.63552075900006
21,Huelva,21041,Huelva,508.9155572461012,429.2580829212628,619.1570939520731,189.89901103081024,5258,2,2024,-6.939467501891412,37.26031849900005
46,Valencia/Valéncia,46148,Loriguilla,508.875,442.39285714285717,627.2589285714286,184.8660714285714,112,2,2024,-0.9744157524336294,39.64142399900007
38,Santa Cruz de Tenerife,38025,"Matanza de Acentejo, La",508.64233576642334,403.036496350365,645.3138686131387,242.27737226277367,274,2,2024,-16.441665611975118,28.437822566500046
43,Tarragona,43103,Perafort,508.5593220338983,424.5762711864407,583.0847457627119,158.50847457627123,59,2,2024,1.2472991933756914,41.18686174450005
41,Sevilla,41085,Salteras,508.33962264150944,445.4025157232704,637.9496855345911,192.5471698113207,159,2,2024,-6.114125729567607,37.44768239550007
46,Valencia/Valéncia,46005,Alaquàs,508.24386920980925,421.5817438692098,604.3474114441417,182.7656675749319,1468,2,2024,-0.4677699651662115,39.451399749000075
03,Alicante,03041,Benissa,508.0498866213152,382.2562358276644,680.6122448979592,298.35600907029476,441,2,2024,0.037234884003596605,38.695841110500055
50,Zaragoza,50285,Villafranca de Ebro,508.0,350.0,651.0,301.0,22,1,2024,-0.5679653689768157,41.57514223950005
28,Madrid,28136,Santorcaz,508.0,426.7826086956522,625.4782608695652,198.69565217391306,46,2,2024,-3.2255974924313016,40.471800244000065
46,Valencia/Valéncia,46194,Picassent,507.8822447102116,409.0726770929163,633.6154553817847,224.54277828886842,1087,2,2024,-0.48831496609769887,39.35197646250006
08,Barcelona,08122,Mediona,507.85185185185185,386.3259259259259,671.0370370370371,284.71111111111117,135,2,2024,1.6356871777127955,41.47647427250004
45,Toledo,45183,"Ventas de Retamosa, Las",507.81052631578945,399.93684210526317,596.421052631579,196.4842105263158,190,2,2024,-4.162288880049557,40.14929603400006
45,Toledo,45016,Argés,507.7688888888889,443.1111111111111,614.6666666666666,171.55555555555554,225,2,2024,-4.077689309315053,39.80862871600007
39,Cantabria,39008,"Astillero, El",507.384,441.761,606.777,165.01600000000002,1000,2,2024,-3.8348137853111206,43.39962505050008
08,Barcelona,08218,Sant Joan de Vilatorrada,507.1458333333333,414.4916666666667,631.6291666666667,217.13750000000005,480,2,2024,1.8047387067089713,41.761176499000044
11,Cádiz,11007,Barbate,506.90452261306535,400.0,633.1155778894472,233.1155778894472,199,2,2024,-5.863390033587753,36.185283975500056
28,Madrid,28171,Villa del Prado,506.86725663716817,405.3362831858407,588.2743362831858,182.93805309734506,339,2,2024,-4.301104631138206,40.273074594000036
45,Toledo,45132,Pepino,506.7894736842105,340.7894736842105,692.7631578947369,351.97368421052636,38,2,2024,-4.792857293248961,40.01009274900005
17,Girona,17152,Roses,506.69077134986225,413.7947658402204,633.4772727272727,219.68250688705234,1452,2,2024,3.191216517454054,42.27156305650004
22,Huesca,22130,Jaca,506.37168141592923,429.7787610619469,606.7486725663717,176.96991150442483,1130,2,2024,-0.5379003321611491,42.54875413950003
35,"Palmas, Las",35010,Haría,506.3139931740614,428.15699658703073,658.4505119453925,230.29351535836173,293,2,2024,-13.474587980013867,29.16198227600006
08,Barcelona,08065,Castellví de la Marca,506.2962962962963,327.037037037037,686.3703703703703,359.3333333333333,54,2,2024,1.6063683709544523,41.33011991300006
43,Tarragona,43095,"Morell, El",506.27705627705626,393.72294372294374,607.5454545454545,213.82251082251076,231,2,2024,1.2168740028695137,41.198922377500054
17,Girona,17018,Bellcaire d'Empordà,506.1818181818182,443.4,706.4909090909091,263.0909090909091,55,2,2024,3.103054129165658,42.08708299050005
08,Barcelona,08113,Manresa,505.6518828451883,408.0786610878661,618.5682008368201,210.48953974895397,5975,2,2024,1.819985714448798,41.72597153800004
17,Girona,17165,Sant Jaume de Llierca,505.6190476190476,419.8095238095238,589.1904761904761,169.38095238095235,42,2,2024,2.59614191334411,42.20861780700005
35,"Palmas, Las",35004,Arrecife,505.53344275748873,416.1838325810423,625.5153877718507,209.3315551908084,4874,2,2024,-13.55334236254847,28.977598308500035
28,Madrid,28019,Belmonte de Tajo,505.41333333333336,397.8933333333333,598.6666666666666,200.7733333333333,75,2,2024,-3.335861423394814,40.13668549900004
18,Granada,18068,Dílar,505.0,292.0,907.0,615.0,36,1,2024,-3.5140433302174134,37.064763999000036
08,Barcelona,08116,"Masies de Roda, Les",505.0,352.0,685.0,333.0,14,1,2024,2.341042617185016,41.98294682800005
20,Gipuzkoa,20023,Berrobi,505.0,471.0,549.0,78.0,18,1,2024,-2.0284687969074007,43.14542317050004
43,Tarragona,43160,Vallmoll,505.0,413.0,580.0,167.0,38,2,2024,1.2551738305785447,41.24798779650007
43,Tarragona,43166,Vilallonga del Camp,504.9655172413793,421.5344827586207,596.1379310344828,174.6034482758621,116,2,2024,1.199322642548346,41.20857241150006
04,Almería,04064,Mojácar,504.94736842105266,382.8092105263158,647.4144736842105,264.60526315789474,304,2,2024,-1.8602106835648038,37.113389383000055
45,Toledo,45019,Bargas,504.9462365591398,416.6666666666667,603.763440860215,187.09677419354836,651,2,2024,-4.050880415929015,39.965515608500056
11,Cádiz,11031,San Fernando,504.82593457943926,406.51460280373834,613.4053738317757,206.89077102803736,3424,2,2024,-6.205060588480146,36.44700124900007
07,"Balears, Illes",07002,Alaior,504.67785234899327,408.6979865771812,627.51677852349,218.81879194630875,596,2,2024,4.128011705855744,39.91916241200005
45,Toledo,45064,Esquivias,504.6482213438735,397.67588932806325,638.7351778656126,241.05928853754938,253,2,2024,-3.755739431943423,40.111211064500054
46,Valencia/Valéncia,46134,Gilet,504.64102564102564,412.8205128205128,692.8461538461538,280.025641025641,156,2,2024,-0.33977553582868314,39.66916114600008
17,Girona,17066,Figueres,504.49484536082474,427.9064801178203,612.6818851251841,184.77540500736376,4074,2,2024,2.969018451472265,42.26241541050004
39,Cantabria,39044,Miengo,504.1132075471698,434.33962264150944,609.2452830188679,174.90566037735846,371,2,2024,-3.9929008248464912,43.421314768500054
48,Bizkaia,48030,Etxebarria,504.0,450.0,592.0,142.0,10,1,2024,-2.4643931321208457,43.24840008550004
50,Zaragoza,50203,Pastriz,504.0,377.0,662.0,285.0,37,1,2024,-0.7667986160353844,41.605648235000075
11,Cádiz,11015,Chiclana de la Frontera,503.5056179775281,422.4463738508682,626.317671092952,203.87129724208376,1958,2,2024,-6.114924665092575,36.401440249000046
46,Valencia/Valéncia,46022,Alfafar,503.1599297012302,397.27592267135327,610.8453427065026,213.56942003514934,1138,2,2024,-0.3507062039157697,39.392540051000054
17,Girona,17022,"Bisbal d'Empordà, La",503.0240202275601,400.0,593.0973451327434,193.09734513274338,791,2,2024,3.0381987742298717,41.94941776950006
18,Granada,18021,Armilla,502.72065955383124,406.77982541222116,616.4461687681862,209.66634335596507,2062,2,2024,-3.618612825863048,37.147618268500054
03,Alicante,03077,"Fondó de les Neus, el/Hondón de las Nieves",502.53333333333336,422.4222222222222,543.3777777777777,120.95555555555552,45,2,2024,-0.8934155224936636,38.30241125750004
37,Salamanca,37240,Pelabravo,502.3333333333333,340.77777777777777,626.6666666666666,285.88888888888886,45,2,2024,-5.58681147407729,40.947359627000054
17,Girona,17042,Capmany,502.0,412.0,644.0,232.0,35,1,2024,2.9021376294820116,42.36843024900003
09,Burgos,09023,Arcos,502.0,450.0,589.0,139.0,20,1,2024,-3.7566251227453415,42.25059925300005
47,Valladolid,47052,Cistérniga,501.97037037037035,429.30555555555554,564.1222222222223,134.81666666666672,540,2,2024,-4.648775549255381,41.59309066000006
25,Lleida,25139,Montellà i Martinet,501.7368421052632,362.3421052631579,623.3947368421053,261.0526315789474,38,2,2024,1.6933224302133136,42.323408153500054
31,Navarra,31041,Ayegui/Aiegi,501.7230769230769,417.46153846153845,568.4153846153846,150.95384615384614,65,2,2024,-2.0472894979057275,42.649131607000044
11,Cádiz,11008,"Barrios, Los",501.60642570281124,404.2570281124498,605.8734939759037,201.61646586345387,498,2,2024,-5.568147002639471,36.23148615300005
38,Santa Cruz de Tenerife,38039,Santa Úrsula,501.3529411764706,387.8235294117647,665.6470588235294,277.8235294117647,850,2,2024,-16.47153021642733,28.39908731750006
18,Granada,18036,Cájar,501.00401606425703,395.26104417670683,604.4176706827309,209.15662650602405,249,2,2024,-3.5719477954681693,37.13243671650005
01,Araba/Álava,01051,Agurain/Salvatierra,501.0,449.0,552.0,103.0,164,1,2024,-2.396679851757857,42.84307819300005
20,Gipuzkoa,20054,Lizartza,501.0,401.0,597.0,196.0,23,1,2024,-2.0344284962666936,43.09374394750003
20,Gipuzkoa,20033,Elgeta,501.0,414.0,552.0,138.0,38,1,2024,-2.4811101091436036,43.14597309800004
48,Bizkaia,48021,Busturia,501.0,451.0,599.0,148.0,41,1,2024,-2.7222922774640654,43.37276774900005
20,Gipuzkoa,20078,Zaldibia,501.0,451.0,593.0,142.0,73,1,2024,-2.1365942737606343,43.025331512000065
43,Tarragona,43081,Maspujols,501.0,350.0,678.0,328.0,19,1,2024,1.0323348222621376,41.189479356500044
20,Gipuzkoa,20025,Zegama,501.0,431.0,602.0,171.0,53,1,2024,-2.2992052501610347,42.96364806850005
01,Araba/Álava,01003,Aramaio,501.0,432.0,544.0,112.0,17,1,2024,-2.584476369711137,43.03818380100003
19,Guadalajara,19022,Almonacid de Zorita,501.0,257.0,650.0,393.0,14,1,2024,-2.8521549395960957,40.34449473000004
40,Segovia,40112,"Lastrilla, La",500.89820359281435,406.4670658682635,603.0898203592815,196.622754491018,334,2,2024,-4.0900335323328125,40.97142599900005
08,Barcelona,08183,Roda de Ter,500.6040268456376,400.0,581.9910514541388,181.99105145413876,447,2,2024,2.308178667706917,41.97952980700006
18,Granada,18101,Huétor Vega,500.42541436464086,401.3922651933702,648.8950276243094,247.50276243093919,362,2,2024,-3.565828988414464,37.15051025950004
11,Cádiz,11004,Algeciras,500.1975273953358,420.06181511660577,609.8763697667885,189.81455465018269,3559,2,2024,-5.492053650800825,36.114574276500065
39,Cantabria,39085,Suances,500.19417475728153,423.4466019417476,585.1067961165048,161.66019417475724,412,2,2024,-4.061174157990294,43.41477106250005
46,Valencia/Valéncia,46114,Domeño,500.0,377.0,597.0,220.0,21,1,2024,-0.9698481908517746,39.69145893800004
46,Valencia/Valéncia,46110,Xirivella,500.0,399.60073037127205,625.9981740718198,226.39744370054774,1643,2,2024,-0.4318237824577024,39.45726981000007
05,Ávila,05115,Maello,500.0,335.0,764.0,429.0,13,1,2024,-4.571056322679473,40.829527477000056
35,"Palmas, Las",35022,Santa Lucía de Tirajana,500.0,399.3828798938288,608.0829462508294,208.70006635700065,4521,2,2024,-15.516675864271482,27.875691280500064
38,Santa Cruz de Tenerife,38052,Vilaflor,500.0,351.0,675.0,324.0,29,1,2024,-16.646476512367514,28.155952726000038
39,Cantabria,39041,Mazcuerras,500.0,400.0,607.0,207.0,27,1,2024,-4.18843791687064,43.28465842850005
39,Cantabria,39023,Colindres,500.0,410.0,560.0,150.0,395,1,2024,-3.4367740371644793,43.38406949900005
03,Alicante,03062,Daya Vieja,500.0,367.0,517.0,150.0,11,1,2024,-0.7335521949219326,38.108566249000035
25,Lleida,25151,Olius,500.0,388.0,644.0,256.0,26,1,2024,1.5706787457086544,41.99320717100005
38,Santa Cruz de Tenerife,38045,Tazacorte,500.0,407.91735537190084,635.5123966942149,227.59504132231405,121,2,2024,-17.920797545905483,28.62213626350004
03,Alicante,03125,Senija,500.0,380.0,688.0,308.0,15,1,2024,0.04333635284786548,38.73762254850007
29,Málaga,29092,Totalán,500.0,362.0,651.0,289.0,12,1,2024,-4.294108073204336,36.75916935200007
19,Guadalajara,19152,Illana,500.0,298.0,762.0,464.0,16,1,2024,-2.964905494192406,40.20619139650006
08,Barcelona,08206,Sant Cugat Sesgarrigues,500.0,400.0,652.0,252.0,23,1,2024,1.753035506295011,41.35419826650005
46,Valencia/Valéncia,46046,Barx,500.0,399.0,658.0,259.0,17,1,2024,-0.3151932676470236,39.01188449900005
08,Barcelona,08904,Badia del Vallès,500.0,430.0,625.0,195.0,61,1,2024,2.113454188665052,41.50939440450006
03,Alicante,03040,Benimeli,500.0,417.0,624.0,207.0,24,1,2024,-0.040172608394071,38.82565109600006
22,Huesca,22127,Igriés,500.0,375.0,555.0,180.0,10,1,2024,-0.4355186835086715,42.207704648500055
09,Burgos,09906,Merindad de Río Ubierna,500.0,394.0,577.0,183.0,10,1,2024,-3.663300406359152,42.548980165000046
09,Burgos,09434,Villagonzalo Pedernales,500.0,441.0,634.0,193.0,32,1,2024,-3.7290708972467437,42.30354939350005
17,Girona,17175,Sant Miquel de Fluvià,500.0,424.0,826.0,402.0,20,1,2024,2.995693534267529,42.17614650200005
14,Córdoba,14047,Obejo,500.0,425.0,550.0,125.0,39,1,2024,-4.7637849754205,38.070241074500046
18,Granada,18119,Lecrín,500.0,275.0,602.0,327.0,17,1,2024,-3.5391038212477115,36.945055249000035
46,Valencia/Valéncia,46230,Silla,500.0,392.86407766990294,601.1866235167206,208.32254584681766,927,2,2024,-0.4049570073036429,39.35704373850007
45,Toledo,45086,Lucillos,500.0,320.0,686.0,366.0,11,1,2024,-4.626616459028557,40.01525153150007
17,Girona,17060,Darnius,500.0,446.0,714.0,268.0,17,1,2024,2.820426543983657,42.36843178850006
01,Araba/Álava,01054,Urkabustaiz,500.0,444.0,543.0,99.0,41,1,2024,-2.9203127846076455,42.97228631100003
50,Zaragoza,50132,"Joyosa, La",500.0,450.0,603.0,153.0,26,1,2024,-1.0697848375366186,41.745020231500064
39,Cantabria,39024,Comillas,499.7912087912088,429.3956043956044,594.7142857142857,165.31868131868129,91,2,2024,-4.2927184747303455,43.36830821950008
38,Santa Cruz de Tenerife,38049,Valle Gran Rey,499.51851851851853,400.0,652.074074074074,252.07407407407402,216,2,2024,-17.31932201655426,28.118130321500047
22,Huesca,22125,Huesca,499.44243932794024,417.4192076332711,600.5110972827214,183.09188964945025,4821,2,2024,-0.4350759282712259,42.135277490500044
17,Girona,17903,Sant Julià del Llor i Bonmatí,499.4318181818182,421.6931818181818,569.3181818181819,147.62500000000006,88,2,2024,2.6480167859057193,41.977662470500064
03,Alicante,03129,Tibi,499.0769230769231,401.0769230769231,666.3076923076923,265.23076923076917,39,2,2024,-0.6035055240932647,38.517712260500076
31,Navarra,31149,Leitza,499.0,377.0,548.0,171.0,61,1,2024,-1.9017971996681817,43.104845217000076
26,"Rioja, La",26143,Sojuela,499.0,381.0,538.0,157.0,54,1,2024,-2.552721889701703,42.357481235500046
31,Navarra,31183,Obanos,499.0,374.0,584.0,210.0,15,1,2024,-1.7813039570411437,42.66161456900005
43,Tarragona,43089,Montferri,499.0,322.0,603.0,281.0,12,1,2024,1.3774001951948835,41.263055749000046
31,Navarra,31250,Bera,499.0,399.0,559.0,160.0,144,1,2024,-1.67058842225632,43.28356112550006
43,Tarragona,43164,Vespella de Gaià,499.0,389.0,640.0,251.0,10,1,2024,1.359827248825178,41.20080799900006
33,Asturias,33044,Oviedo,498.7261132728059,404.0981409424989,601.5968439256377,197.4987029831388,18504,2,2024,-5.882292742983841,43.34980016500006
38,Santa Cruz de Tenerife,38037,Santa Cruz de la Palma,498.6585365853659,393.2926829268293,630.6463414634146,237.35365853658533,820,2,2024,-17.799430496438013,28.711817962000026
16,Cuenca,16078,Cuenca,498.16955684007706,396.9492614001285,600.0610147719974,203.11175337186893,3114,2,2024,-1.9124679883245794,40.26291550150003
07,"Balears, Illes",07902,"Migjorn Gran, Es",498.0561797752809,410.6741573033708,607.3033707865169,196.6292134831461,89,2,2024,4.030464796071065,39.93822104250006
40,Segovia,40155,Palazuelos de Eresma,497.93939393939394,429.6969696969697,589.8181818181819,160.12121212121218,297,2,2024,-4.007562181955774,40.92465833500006
12,Castellón/Castelló,12040,Castellón de la Plana/Castelló de la Plana,497.5079403860249,392.55680430002445,600.097727827999,207.5409235279746,12279,2,2024,-0.062260141294734325,40.00621807500005
08,Barcelona,08017,Balenyà,497.2623574144487,397.80988593155894,608.4600760456274,210.65019011406844,263,2,2024,2.2147003745842007,41.81571960750003
08,Barcelona,08182,"Pont de Vilomara i Rocafort, El",497.251572327044,390.5974842767296,599.7861635220125,209.18867924528297,159,2,2024,1.9065823252560243,41.70529878600004
25,Lleida,25228,Torrefarrera,497.2336065573771,404.4467213114754,589.5040983606557,185.05737704918027,244,2,2024,0.5382928333413597,41.69822749900007
47,Valladolid,47231,Zaratán,497.14285714285717,436.66585956416463,569.6101694915254,132.9443099273608,413,2,2024,-4.795198341079935,41.653789999000054
03,Alicante,03139,"Villajoyosa/Vila Joiosa, la",496.8427309782609,394.2595108695652,612.6165081521739,218.3569972826087,2944,2,2024,-0.2478996884270571,38.519708499000046
45,Toledo,45180,Valmojado,496.61633663366337,415.53712871287127,611.6089108910891,196.0717821782178,404,2,2024,-4.099838990294128,40.21532380150006
25,Lleida,25121,Les,496.59574468085106,442.51063829787233,748.4255319148937,305.91489361702133,47,2,2024,0.7074968730769509,42.807765999000054
22,Huesca,22170,Panticosa,496.58666666666664,418.6,606.28,187.67999999999995,75,2,2024,-0.24260028364285907,42.74616760200007
32,Ourense,32058,"Pereiro de Aguiar, O",496.0,369.0,615.0,246.0,72,1,2024,-7.776600583894757,42.35286955800004
15,"Coruña, A",15078,Santiago de Compostela,495.60189319521345,394.1944990176817,633.6295767101268,239.43507769244508,11198,2,2024,-8.518116796078779,42.90789144900006
18,Granada,18084,Gójar,495.1158536585366,368.5975609756098,612.7256097560976,244.1280487804878,164,2,2024,-3.597840305303686,37.09876485950005
46,Valencia/Valéncia,46172,Montserrat,494.52115812917594,390.66815144766144,590.4632516703787,199.79510022271722,449,2,2024,-0.5843163945887715,39.358377499000056
06,Badajoz,06015,Badajoz,494.4912220309811,404.5163511187608,589.4729776247849,184.95662650602412,8715,2,2024,-6.924257142844502,38.87066289400005
38,Santa Cruz de Tenerife,38004,Arafo,494.4736842105263,407.54135338345867,672.3684210526316,264.8270676691729,133,2,2024,-16.44055444318164,28.359191847500057
20,Gipuzkoa,20065,Soraluze-Placencia de las Armas,494.29357798165137,410.2477064220183,549.8440366972477,139.59633027522938,218,2,2024,-2.41091406861369,43.17994444650006
28,Madrid,28125,Robledo de Chavela,493.5635593220339,373.89406779661016,647.4915254237288,273.5974576271187,236,2,2024,-4.249723498913363,40.48620242900006
17,Girona,17189,"Cellera de Ter, La",493.3185840707965,369.46902654867256,625.9026548672566,256.43362831858406,113,2,2024,2.5963030025798135,41.96947557300007
38,Santa Cruz de Tenerife,38018,"Guancha, La",493.2584269662921,375.6179775280899,684.8426966292135,309.2247191011236,89,2,2024,-16.646012121595884,28.35213498650006
39,Cantabria,39061,Ribamontán al Mar,493.22033898305085,400.0,566.7118644067797,166.71186440677968,177,2,2024,-3.688891435469552,43.46088736200005
29,Málaga,29066,Macharaviaya,493.0,362.0,929.0,567.0,10,1,2024,-4.224070240023826,36.77595743650005
40,Segovia,40076,"Espinar, El",492.9347826086956,392.20652173913044,605.1521739130435,212.94565217391306,552,2,2024,-4.231524250733759,40.723210569500054
29,Málaga,29015,Antequera,492.7171717171717,413.67676767676767,592.6414141414141,178.96464646464642,1188,2,2024,-4.598614513568357,37.06288706500004
39,Cantabria,39040,Marina de Cudeyo,492.3333333333333,401.0,620.3333333333334,219.33333333333337,126,2,2024,-3.750243097335838,43.41898659350005
28,Madrid,28052,Chinchón,492.2801724137931,409.35775862068965,623.2715517241379,213.91379310344826,232,2,2024,-3.471087470308329,40.16207394250006
17,Girona,17039,Camprodon,492.1264367816092,391.4712643678161,624.7126436781609,233.24137931034483,174,2,2024,2.4439960986097704,42.32105613500005
36,Pontevedra,36036,Oia,492.0,354.0,688.0,334.0,40,1,2024,-8.844581776748607,42.03465821350005
26,"Rioja, La",26036,Calahorra,491.99740708729473,399.48141745894554,557.7579948141746,158.27657735522905,1157,2,2024,-1.9574769439086859,42.30425548800005
50,Zaragoza,50066,Cadrete,491.16129032258067,393.61290322580646,586.2903225806451,192.67741935483866,341,2,2024,-0.9587605414429561,41.54406538200004
08,Barcelona,08044,Capellades,491.13486842105266,395.5592105263158,608.9111842105264,213.35197368421058,304,2,2024,1.686762015510785,41.527500427000064
45,Toledo,45050,Ciruelos,491.0,400.0,570.0,170.0,46,1,2024,-3.6364049000919025,39.94605697450007
25,Lleida,25208,Soriguera,491.0,400.0,696.0,296.0,11,1,2024,1.182826967877011,42.38373673850006
40,Segovia,40094,Garcillán,491.0,396.0,535.0,139.0,26,1,2024,-4.268145029458485,40.98852149900003
41,Sevilla,41058,Mairena del Alcor,490.8739946380697,416.5871313672922,611.7747989276139,195.1876675603217,373,2,2024,-5.729477452509692,37.35140835200005
25,Lleida,25053,Benavent de Segrià,490.15,373.05,631.9,258.84999999999997,40,2,2024,0.6454224947166112,41.69030095100004
19,Guadalajara,19286,Tórtola de Henares,490.0,302.0,597.0,295.0,45,1,2024,-3.1174629351579637,40.71560854200007
08,Barcelona,08262,Sant Vicenç de Castellet,489.8663967611336,383.7206477732793,597.3562753036438,213.63562753036445,741,2,2024,1.8869454507615173,41.67244213600006
07,"Balears, Illes",07023,Ferreries,489.7477477477477,417.76126126126127,599.5360360360361,181.7747747747748,222,2,2024,4.013369195034828,39.99082110950005
38,Santa Cruz de Tenerife,38031,"Realejos, Los",489.696795398521,386.5554642563681,601.3278553820871,214.77239112571903,1217,2,2024,-16.585767092775782,28.350952999500066
46,Valencia/Valéncia,46102,Quart de Poblet,489.5709090909091,394.9832727272727,598.7127272727273,203.7294545454546,1375,2,2024,-0.5138762997360886,39.470889789500035
18,Granada,18145,Ogíjares,489.38576158940396,417.32615894039736,609.4420529801324,192.11589403973505,604,2,2024,-3.616563359163768,37.12247490850007
39,Cantabria,39005,Argoños,489.2894736842105,421.2631578947368,625.6315789473684,204.36842105263162,38,2,2024,-3.4934323613929417,43.45366376800004
38,Santa Cruz de Tenerife,38009,Breña Baja,489.2398921832884,408.3018867924528,604.8517520215634,196.54986522911054,371,2,2024,-17.795231593340738,28.627975839000044
26,"Rioja, La",26084,Lardero,489.16971916971914,410.0732600732601,579.072039072039,168.99877899877896,819,2,2024,-2.473133874888086,42.40667845100006
08,Barcelona,08143,Òdena,489.1654676258993,368.1294964028777,562.9712230215828,194.84172661870508,139,2,2024,1.6253004049594533,41.614792831000074
23,Jaén,23050,Jaén,489.031827711073,397.5795692776825,599.6624737945492,202.08290451686673,5247,2,2024,-3.7730904734268416,37.78107834550008
24,León,24089,León,488.9814672556174,392.49347032840404,599.8225465719224,207.3290762435184,10414,2,2024,-5.564268293434642,42.592614999000034
28,Madrid,28048,Corpa,488.63793103448273,423.2758620689655,665.8448275862069,242.56896551724134,58,2,2024,-3.2487001692291972,40.42076431900006
41,Sevilla,41098,Villanueva del Ariscal,488.4952380952381,396.22857142857146,585.3333333333334,189.10476190476192,105,2,2024,-6.151146676909129,37.40128041300005
17,Girona,17030,Cabanes,487.85714285714283,361.14285714285717,605.0,243.85714285714283,35,2,2024,2.9733989745533504,42.30474839100006
36,Pontevedra,36021,Gondomar,487.7978021978022,400.6021978021978,624.5978021978023,223.99560439560446,455,2,2024,-8.751759072399992,42.11025974550006
17,Girona,17008,Anglès,487.07262569832403,400.5139664804469,594.2067039106146,193.69273743016765,358,2,2024,2.640928915036155,41.94088602150006
41,Sevilla,41015,Benacazón,487.0,431.0,570.0,139.0,102,1,2024,-6.202717685393537,37.33746065100004
40,Segovia,40122,Marugán,487.0,325.0,693.0,368.0,20,1,2024,-4.378363256200534,40.895391262500056
15,"Coruña, A",15008,Bergondo,486.48850574712645,348.7931034482759,753.735632183908,404.94252873563215,174,2,2024,-8.247347456166823,43.31339583300007
29,Málaga,29039,Casabermeja,486.41975308641975,399.2716049382716,622.8395061728395,223.5679012345679,81,2,2024,-4.434766162894045,36.880410547000054
35,"Palmas, Las",35023,Santa María de Guía de Gran Canaria,486.38814016172506,413.3935309973046,606.2614555256065,192.8679245283019,371,2,2024,-15.611693227716287,28.104334621500044
19,Guadalajara,19331,Yunquera de Henares,486.1993670886076,406.4873417721519,576.503164556962,170.0158227848101,316,2,2024,-3.179085414579008,40.754298823000056
29,Málaga,29045,Cómpeta,485.89285714285717,352.375,716.1964285714286,363.82142857142856,56,2,2024,-3.953078408928815,36.829511253500044
03,Alicante,03065,Elche/Elx,485.5198416625433,400.0,609.3622958931222,209.36229589312222,10105,2,2024,-0.6708548239500285,38.233571825500036
09,Burgos,09219,Miranda de Ebro,485.45497630331755,399.4312796208531,556.1232227488151,156.69194312796202,1688,2,2024,-2.976526708562941,42.681916347000055
35,"Palmas, Las",35017,Puerto del Rosario,485.0748838480459,400.0,592.8075977042907,192.80759770429074,3659,2,2024,-13.96995313942147,28.499855616000076
43,Tarragona,43172,Vilaverd,485.0,375.0,568.0,193.0,10,1,2024,1.1644009661242607,41.33488160100006
46,Valencia/Valéncia,46188,Palmera,484.22222222222223,356.44444444444446,663.4444444444445,307.0,45,2,2024,-0.15052626935224725,38.942095972500056
45,Toledo,45041,Casarrubios del Monte,484.1715328467153,408.1094890510949,598.4726277372263,190.36313868613138,548,2,2024,-4.013236973659383,40.201234499000066
17,Girona,17185,Sant Joan les Fonts,484.09090909090907,365.27272727272725,571.0,205.72727272727275,176,2,2024,2.535193753319037,42.20308379700006
39,Cantabria,39054,Polanco,484.05940594059405,398.9306930693069,604.0,205.06930693069307,202,2,2024,-4.012461136329749,43.37858453000004
19,Guadalajara,19006,Albalate de Zorita,484.0,300.0,619.0,319.0,39,1,2024,-2.864923983303511,40.292421441000045
03,Alicante,03012,Algorfa,483.6825396825397,376.25396825396825,619.031746031746,242.77777777777777,63,2,2024,-0.7944871269934883,38.06711842800007
46,Valencia/Valéncia,46176,Montroy,483.64912280701753,379.5964912280702,611.8947368421053,232.29824561403512,114,2,2024,-0.6449321261536194,39.33662428000005
35,"Palmas, Las",35030,Tuineje,483.4905437352246,401.36524822695037,595.5082742316785,194.14302600472809,846,2,2024,-14.051288233047087,28.28349801850004
08,Barcelona,08053,Castellbell i el Vilar,483.4742857142857,373.93142857142857,588.2171428571429,214.28571428571433,175,2,2024,1.847522621506839,41.63738413950006
43,Tarragona,43016,"Arboç, L'",483.3502538071066,387.2690355329949,573.4314720812183,186.1624365482234,394,2,2024,1.6053712371677409,41.27465610400003
05,Ávila,05019,Ávila,483.3225806451613,402.81168265039236,573.090235396687,170.27855274629468,4588,2,2024,-4.670714588402639,40.65715748950004
28,Madrid,28168,"Vellón, El",483.2730923694779,398.5100401606426,595.7429718875502,197.23293172690762,249,2,2024,-3.5648366640840123,40.760588401000035
38,Santa Cruz de Tenerife,38024,"Llanos de Aridane, Los",483.25581395348837,391.86046511627904,613.4651162790698,221.60465116279073,860,2,2024,-17.896251919912746,28.60925794100004
03,Alicante,03138,"Verger, el",483.08653846153845,376.72115384615387,638.1634615384615,261.4423076923077,208,2,2024,-0.006780831374637974,38.85326166300004
43,Tarragona,43161,Valls,483.01106500691566,404.16874135546334,566.716459197787,162.54771784232366,1446,2,2024,1.2390059651229837,41.293354083000054
45,Toledo,45157,Santa Cruz del Retamar,482.74590163934425,375.24590163934425,628.7540983606557,253.50819672131144,122,2,2024,-4.31042850515559,40.18182829050005
38,Santa Cruz de Tenerife,38034,San Juan de la Rambla,482.7450980392157,383.6470588235294,605.2549019607843,221.60784313725492,51,2,2024,-16.623197228746285,28.349028342000054
17,Girona,17133,"Planes d'Hostoles, Les",482.6744186046512,335.09302325581393,586.7441860465116,251.65116279069764,86,2,2024,2.54777445928684,42.07402067350006
18,Granada,18003,Albolote,482.35915492957747,401.756338028169,594.7183098591549,192.96197183098593,710,2,2024,-3.661471108895709,37.305012594500056
46,Valencia/Valéncia,46131,Gandia,482.1372416891285,399.9611410601977,582.4609164420485,182.49977538185084,4452,2,2024,-0.22095491102604042,38.99447481100006
22,Huesca,22204,Sallent de Gállego,482.0,400.0,571.0,171.0,111,1,2024,-0.35972101038148524,42.77241689000007
01,Araba/Álava,01010,Ayala/Aiara,482.0,401.0,598.0,197.0,20,1,2024,-3.0776734808348105,43.077749274500064
17,Girona,17158,Sant Climent Sescebes,482.0,431.0,656.0,225.0,24,1,2024,2.965663352207116,42.39405760300008
28,Madrid,28151,Torrelaguna,481.8181818181818,403.5,597.7272727272727,194.22727272727275,374,2,2024,-3.545017436969244,40.82747368650007
35,"Palmas, Las",35008,Firgas,481.4583333333333,370.8333333333333,630.0,259.1666666666667,120,2,2024,-15.558674372856448,28.108268303000045
08,Barcelona,08265,Sant Vicenç de Torelló,481.3411764705882,395.38823529411764,652.9411764705883,257.55294117647065,85,2,2024,2.259879678325343,42.06490893000006
21,Huelva,21060,Punta Umbría,481.251572327044,409.1194968553459,579.3647798742138,170.2452830188679,318,2,2024,-7.017214387508206,37.21601853900006
39,Cantabria,39042,Medio Cudeyo,481.1954022988506,406.32183908045977,573.5172413793103,167.19540229885058,435,2,2024,-3.7651966092239553,43.38100809350007
43,Tarragona,43088,Montbrió del Camp,480.8965517241379,392.44827586206895,566.6551724137931,174.20689655172418,203,2,2024,1.0018050271551675,41.11854516850005
39,Cantabria,39028,Entrambasaguas,480.50632911392404,416.79493670886075,559.3974683544304,142.60253164556968,395,2,2024,-3.659126971536995,43.35700628150008
17,Girona,17184,Santa Pau,480.22972972972974,362.47297297297297,584.918918918919,222.445945945946,74,2,2024,2.584655624923424,42.157145681500054
43,Tarragona,43147,Solivella,480.0,300.0,543.0,243.0,13,1,2024,1.1830594245386905,41.46519999900005
31,Navarra,31153,Lesaka,480.0,399.0,519.0,120.0,53,1,2024,-1.7384197465929931,43.26014798400004
28,Madrid,28121,Redueña,480.0,396.0,650.0,254.0,25,1,2024,-3.5940927042556567,40.81321328100003
43,Tarragona,43029,Blancafort,480.0,356.0,610.0,254.0,10,1,2024,1.1510738269885823,41.44622909550003
45,Toledo,45047,Cedillo del Condado,479.9571865443425,408.6697247706422,583.5871559633027,174.91743119266056,327,2,2024,-3.9302190192606927,40.09003025350003
09,Burgos,09018,Aranda de Duero,479.9514054311577,398.54597427346357,552.065269175798,153.51929490233442,2099,2,2024,-3.670564315264296,41.69125098100005
46,Valencia/Valéncia,46256,Vilamarxant,479.866927592955,393.0058708414873,586.5753424657535,193.56947162426616,511,2,2024,-0.6551425032399728,39.55930524900003
43,Tarragona,43162,Vandellòs i l'Hospitalet de l'Infant,479.78723404255317,396.36170212765956,570.1063829787234,173.7446808510639,470,2,2024,0.850132204060333,40.99963506350005
30,Murcia,30016,Cartagena,479.4116999008483,378.6690536520877,591.5881899305938,212.91913627850607,9077,2,2024,-1.0694862505896239,37.63212808100005
19,Guadalajara,19274,Torija,478.0,380.0,612.0,232.0,102,1,2024,-3.030845636972055,40.75200748800006
01,Araba/Álava,01042,Okondo,478.0,428.0,540.0,112.0,12,1,2024,-3.0000258054205204,43.175678234500054
37,Salamanca,37087,Carrascal de Barregas,478.0,440.0,684.0,244.0,24,1,2024,-5.853295301163824,40.98897301750006
46,Valencia/Valéncia,46245,Torres Torres,478.0,281.0,610.0,329.0,16,1,2024,-0.37229200473892743,39.731979731500076
39,Cantabria,39078,Santiurde de Toranzo,478.0,338.0,763.0,425.0,17,1,2024,-3.923374358589939,43.23396897050006
25,Lleida,25239,"Valls de Valira, Les",478.0,350.0,572.0,222.0,17,1,2024,1.3972414770066521,42.45284743050004
35,"Palmas, Las",35031,Valsequillo de Gran Canaria,477.81456953642385,391.0993377483444,599.8609271523179,208.76158940397352,302,2,2024,-15.511042591729783,27.980519366500033
28,Madrid,28183,Zarzalejo,477.77777777777777,381.77777777777777,605.5555555555555,223.77777777777777,162,2,2024,-4.175960710720214,40.548561690500065
39,Cantabria,39011,Bareyo,477.36842105263156,390.5263157894737,540.2105263157895,149.68421052631578,57,2,2024,-3.613336795191013,43.47298830450006
28,Madrid,28035,Carabaña,477.3076923076923,348.9076923076923,554.6153846153846,205.70769230769235,130,2,2024,-3.242788492389622,40.25989749900006
45,Toledo,45099,Méntrida,477.2613065326633,386.73366834170855,567.2110552763819,180.47738693467335,199,2,2024,-4.18865654754642,40.23937913700004
46,Valencia/Valéncia,46015,Alcàsser,477.011135857461,377.0423162583519,582.6436525612472,205.60133630289533,449,2,2024,-0.44669739475631365,39.38162899900007
29,Málaga,29043,Colmenar,477.0,300.0,606.0,306.0,55,1,2024,-4.337534325591278,36.92010166900005
25,Lleida,25024,Alt Àneu,477.0,350.0,531.0,181.0,26,1,2024,1.063900521008648,42.69014986100004
43,Tarragona,43135,Salomó,477.0,370.0,645.0,275.0,17,1,2024,1.3759549010675987,41.23776947300007
17,Girona,17107,Molló,477.0,290.0,809.0,519.0,26,1,2024,2.41580803764469,42.36526224800005
47,Valladolid,47193,Viana de Cega,476.864406779661,349.79661016949154,605.7627118644068,255.96610169491527,59,2,2024,-4.7677067758695815,41.522136632500064
10,Cáceres,10037,Cáceres,476.8350062735257,400.0,568.5326223337515,168.53262233375153,6376,2,2024,-6.455529803247644,39.401395871000034
29,Málaga,29002,Alcaucín,476.775,331.5625,661.0625,329.5,80,2,2024,-4.1063410908817115,36.91397192800005
31,Navarra,31191,Olite/Erriberri,476.4256756756757,394.77702702702703,546.0608108108108,151.2837837837838,148,2,2024,-1.6841522646285174,42.444815249000044
40,Segovia,40181,Real Sitio de San Ildefonso,476.1968085106383,383.1436170212766,609.3244680851063,226.18085106382972,376,2,2024,-4.0152115045962065,40.851822658500026
20,Gipuzkoa,20011,Antzuola,476.0,421.0,526.0,105.0,65,1,2024,-2.3771428638110175,43.095168999000066
22,Huesca,22250,Villanúa,476.0,350.0,544.0,194.0,37,1,2024,-0.5005340378991997,42.688149221500026
01,Araba/Álava,01047,Ribera Baja/Erriberabeitia,476.0,444.0,595.0,151.0,13,1,2024,-2.9094666267610747,42.72388252400006
45,Toledo,45203,Yuncler,475.875,395.0,556.75,161.75,336,2,2024,-3.8964569801021116,40.05620565450005
41,Sevilla,41087,Sanlúcar la Mayor,475.8478260869565,391.0978260869565,552.7608695652174,161.66304347826087,460,2,2024,-6.214947775613402,37.490075520500056
46,Valencia/Valéncia,46168,Miramar,475.84313725490193,399.2156862745098,558.7450980392157,159.5294117647059,153,2,2024,-0.13404182828814282,38.95442574900005
20,Gipuzkoa,20015,Ataun,475.50847457627117,419.0,558.9661016949152,139.9661016949152,59,2,2024,-2.1663727864821523,42.97901245600005
50,Zaragoza,50247,Sobradiel,475.16129032258067,419.35483870967744,588.8387096774194,169.48387096774195,31,2,2024,-1.0256054030823591,41.742332981500056
03,Alicante,03076,Guardamar del Segura,475.03203661327234,400.0,565.1670480549199,165.16704805491986,874,2,2024,-0.6692831073956211,38.089886249000045
46,Valencia/Valéncia,46161,Marines,475.0,381.0,597.0,216.0,40,1,2024,-0.5653969243766661,39.711954020000064
08,Barcelona,08151,Oristà,475.0,315.0,619.0,304.0,20,1,2024,2.0830051721559864,41.94965774900007
43,Tarragona,43907,"Canonja, La",474.37007874015745,385.43307086614175,564.5669291338583,179.1338582677165,254,2,2024,1.1806411444701632,41.11938977650004
18,Granada,18153,Peligros,474.3333333333333,392.5568181818182,560.8636363636364,168.3068181818182,264,2,2024,-3.6301325164436897,37.24154083500008
01,Araba/Álava,01031,Laguardia,474.0,430.0,514.0,84.0,24,1,2024,-2.5806032954136358,42.54443656950005
29,Málaga,29018,Ardales,474.0,300.0,620.0,320.0,28,1,2024,-4.85298390466717,36.88665987350004
41,Sevilla,41095,Utrera,473.8667271078876,398.18313689936537,568.1867633726201,170.00362647325477,1103,2,2024,-5.864791989504456,37.08653553150006
46,Valencia/Valéncia,46067,Benisanó,473.6991150442478,375.0619469026549,583.8407079646017,208.77876106194685,113,2,2024,-0.5733808859410391,39.61395135500007
25,Lleida,25158,"Palau d'Anglesola, El",473.6111111111111,369.5,543.5,174.0,54,2,2024,0.8684085139905315,41.65343474900004
38,Santa Cruz de Tenerife,38027,"Paso, El",473.59223300970876,357.126213592233,634.6504854368932,277.5242718446602,206,2,2024,-17.862418429150154,28.65707187350006
08,Barcelona,08165,"Pobla de Claramunt, La",473.2325581395349,359.95348837209303,594.4186046511628,234.46511627906978,86,2,2024,1.6894161029831716,41.56266759500005
37,Salamanca,37202,Monterrubio de Armuña,473.0,432.0,638.0,206.0,16,1,2024,-5.650485960883493,41.03732037550006
08,Barcelona,08285,Torelló,472.786680541103,388.7939646201873,569.9791883454735,181.18522372528622,961,2,2024,2.267185453118742,42.03718981450007
15,"Coruña, A",15031,Culleredo,472.67391304347825,395.54347826086956,572.2826086956521,176.73913043478257,2300,2,2024,-8.411288623234817,43.277686764000066
25,Lleida,25135,Miralcamp,472.5,370.5,575.5,205.0,24,2,2024,0.9005560333722626,41.591984472000064
08,Barcelona,08117,"Masies de Voltregà, Les",472.4117647058824,387.25,574.2867647058823,187.03676470588232,136,2,2024,2.215467675381226,42.01891223200005
45,Toledo,45128,Pantoja,472.16494845360825,387.7525773195876,553.1958762886597,165.44329896907215,97,2,2024,-3.830825285395843,40.04125680300007
35,"Palmas, Las",35009,Gáldar,472.0611570247934,392.1900826446281,580.5537190082645,188.36363636363637,605,2,2024,-15.655811228714017,28.097167609500048
09,Burgos,09439,Villalbilla de Burgos,472.0,400.0,500.0,100.0,51,1,2024,-3.7659886975619075,42.325031712000055
08,Barcelona,08901,Rupit i Pruit,472.0,277.0,670.0,393.0,22,1,2024,2.4749539508000935,42.021728978000056
08,Barcelona,08288,Torrelles de Foix,471.969696969697,334.8939393939394,619.8636363636364,284.969696969697,132,2,2024,1.5791843552956428,41.40785893000006
40,Segovia,40101,Hontanares de Eresma,471.84615384615387,360.61538461538464,536.7692307692307,176.15384615384608,65,2,2024,-4.197153821476981,40.988034638000045
39,Cantabria,39001,Alfoz de Lloredo,471.83720930232556,372.2325581395349,589.2093023255813,216.97674418604646,43,2,2024,-4.187514860417635,43.377253588500054
12,Castellón/Castelló,12011,Almenara,471.8181818181818,392.69972451790636,578.038567493113,185.3388429752066,363,2,2024,-0.22243155017293803,39.748229999000046
39,Cantabria,39087,Torrelavega,471.75661172863164,396.39785358374854,556.6021464162515,160.20429283250292,2609,2,2024,-4.03883380145972,43.33953424900005
43,Tarragona,43906,"Ampolla, L'",471.70242214532874,407.1799307958477,567.4325259515571,160.25259515570934,289,2,2024,0.6790079326801601,40.80689634850006
38,Santa Cruz de Tenerife,38008,Breña Alta,471.55797101449275,390.8985507246377,570.4202898550725,179.5217391304348,276,2,2024,-17.799963021493213,28.65502934050005
38,Santa Cruz de Tenerife,38036,San Sebastián de la Gomera,471.49819494584835,400.0,587.8140794223826,187.81407942238263,554,2,2024,-17.168803291731066,28.090875502000046
17,Girona,17086,"Jonquera, La",471.3688524590164,412.6803278688525,537.8360655737705,125.15573770491801,244,2,2024,2.8636222361323025,42.43465799900005
16,Cuenca,16203,Tarancón,471.3385909568875,392.9547844374343,568.5793901156677,175.62460567823342,951,2,2024,-2.993592066018693,40.00385614700005
03,Alicante,03034,Benijófar,471.3235294117647,369.61764705882354,603.2058823529412,233.58823529411768,68,2,2024,-0.7427805638385032,38.077445146500054
31,Navarra,31206,Puente la Reina/Gares,471.0,369.0,548.0,179.0,74,1,2024,-1.812963744824711,42.69323472050007
08,Barcelona,08010,Artés,470.8993288590604,368.61073825503354,591.9597315436241,223.34899328859058,298,2,2024,1.9604694185778904,41.79551068300006
28,Madrid,28901,Lozoyuela-Navas-Sieteiglesias,470.8333333333333,356.6666666666667,592.5,235.83333333333331,78,2,2024,-3.61865233685369,40.92128604700008
28,Madrid,28043,Colmenar de Oreja,470.5940594059406,359.8762376237624,634.5792079207921,274.7029702970297,202,2,2024,-3.466443304742583,40.08277081850005
38,Santa Cruz de Tenerife,38051,"Victoria de Acentejo, La",470.5359477124183,393.0980392156863,562.3137254901961,169.21568627450984,306,2,2024,-16.439487220415536,28.413531249000044
15,"Coruña, A",15017,Cambre,470.35611038107754,396.9250985545335,566.2930354796321,169.36793692509855,1522,2,2024,-8.334350835220857,43.28014715550006
19,Guadalajara,19143,Horche,469.7639751552795,372.98136645962734,577.0186335403727,204.03726708074532,161,2,2024,-3.066929887258148,40.565037036000035
38,Santa Cruz de Tenerife,38022,Icod de los Vinos,469.44144144144144,389.76576576576576,567.6456456456457,177.87987987987992,666,2,2024,-16.689491523625662,28.32669204550004
12,Castellón/Castelló,12099,Sant Jordi/San Jorge,469.32167832167835,349.4965034965035,570.1538461538462,220.65734265734267,143,2,2024,0.3594789598250402,40.53920322800005
39,Cantabria,39037,Liérganes,469.219512195122,399.6829268292683,545.390243902439,145.7073170731707,82,2,2024,-3.7624096583069893,43.336721424000075
03,Alicante,03001,Adsubia,469.0,339.0,500.0,161.0,11,1,2024,-0.17572158188954567,38.86333371500004
18,Granada,18014,Alhendín,468.9618473895582,396.214859437751,584.9879518072289,188.77309236947792,498,2,2024,-3.7098725164308464,37.056653910500046
03,Alicante,03099,Orihuela,468.7878787878788,375.1454545454545,587.5757575757576,212.4303030303031,2145,2,2024,-0.9139717431898444,38.02759435500005
46,Valencia/Valéncia,46105,Cullera,468.75856443719414,378.2830342577488,593.5065252854812,215.2234910277324,1226,2,2024,-0.2669709432564835,39.16505422000006
08,Barcelona,08236,Sant Quintí de Mediona,468.75,375.375,638.875,263.5,136,2,2024,1.6617783927016676,41.45095159100006
46,Valencia/Valéncia,46228,Serra,468.6949152542373,351.8813559322034,587.2372881355932,235.35593220338978,177,2,2024,-0.44822967220860327,39.68175899900007
37,Salamanca,37085,Carbajosa de la Sagrada,468.6328125,397.53125,532.7734375,135.2421875,384,2,2024,-5.641766186181387,40.92884324900007
43,Tarragona,43129,Riudoms,468.60493827160496,390.8641975308642,566.7592592592592,175.89506172839504,324,2,2024,1.0553142176838426,41.13737090750004
37,Salamanca,37294,Santa Marta de Tormes,468.3173198482933,404.1087231352718,522.5031605562579,118.39443742098604,791,2,2024,-5.621093220292511,40.94173412050006
28,Madrid,28011,Ambite,468.0,319.0,642.0,323.0,14,1,2024,-3.1776524819502967,40.34006205150004
03,Alicante,03101,Pedreguer,467.64497041420117,350.0,618.4792899408284,268.4792899408284,338,2,2024,0.03293280458275814,38.79252824900007
08,Barcelona,08112,Manlleu,467.61650485436894,377.71035598705504,552.5226537216829,174.81229773462786,1236,2,2024,2.280766871029568,42.009389017000046
41,Sevilla,41049,Guillena,467.4458598726115,385.71974522292993,682.7643312101911,297.0445859872612,314,2,2024,-6.07757795138499,37.60432633800005
08,Barcelona,08302,Vilanova del Camí,467.4320241691843,383.31570996978854,556.6767371601209,173.36102719033232,662,2,2024,1.638665560351208,41.56243052100007
40,Segovia,40104,Ituero y Lama,467.0,375.0,539.0,164.0,16,1,2024,-4.375433182324356,40.79268989850004
45,Toledo,45188,Villaluenga de la Sagra,466.752,353.456,565.096,211.64,125,2,2024,-3.9081220940602566,40.02467399250003
28,Madrid,28027,Buitrago del Lozoya,466.2193548387097,381.6322580645161,621.2838709677419,239.65161290322578,155,2,2024,-3.6222463061331336,40.98680316800005
17,Girona,17010,Argelaguer,466.0,377.0,599.0,222.0,24,1,2024,2.631632604454799,42.20861780700005
17,Girona,17014,"Vajol, La",466.0,388.0,608.0,220.0,13,1,2024,2.8009578507740613,42.40451241400007
39,Cantabria,39060,Reocín,465.25735294117646,400.0,547.8860294117648,147.88602941176475,272,2,2024,-4.115158235017768,43.354255818500064
25,Lleida,25203,"Seu d'Urgell, La",464.9538583929992,377.5887032617343,575.5624502784407,197.9737470167064,1257,2,2024,1.4688977033682855,42.35893028000004
46,Valencia/Valéncia,46060,Benifaió,464.25,366.85,559.3,192.44999999999993,500,2,2024,-0.4454621356594254,39.28263890200006
44,Teruel,44216,Teruel,464.03192584963955,389.90216271884657,566.3233779608651,176.4212152420185,2913,2,2024,-1.1187270509215939,40.371867924500066
46,Valencia/Valéncia,46053,Beneixida,464.0,404.0,568.0,164.0,13,1,2024,-0.547872225552382,39.072684100500055
03,Alicante,03095,Ondara,463.89830508474574,361.5762711864407,579.180790960452,217.6045197740113,354,2,2024,0.021731642765006148,38.82468899950007
08,Barcelona,08140,Navarcles,463.71794871794873,357.05128205128204,558.8846153846154,201.83333333333331,312,2,2024,1.9087432196327367,41.75491810200006
08,Barcelona,08274,Súria,463.70758122743683,382.69675090252707,536.3393501805054,153.64259927797838,277,2,2024,1.766895562036471,41.83326057550005
17,Girona,17046,Castellfollit de la Roca,463.38461538461536,301.10769230769233,607.5076923076923,306.4,65,2,2024,2.5472993300776476,42.219680059500064
17,Girona,17177,Sant Pau de Segúries,463.1489361702128,349.82978723404256,642.5744680851063,292.7446808510638,47,2,2024,2.359192326757487,42.26693824650005
08,Barcelona,08237,Sant Quirze de Besora,462.90697674418607,350.4418604651163,552.6976744186046,202.2558139534883,129,2,2024,2.2272914004789257,42.117217999000076
08,Barcelona,08258,Santa Maria d'Oló,462.85714285714283,377.3809523809524,601.0238095238095,223.6428571428571,42,2,2024,2.0323038189933285,41.858805533000066
04,Almería,04074,Pechina,462.38709677419354,382.258064516129,507.35483870967744,125.09677419354841,62,2,2024,-2.397425190533892,36.94376107550008
25,Lleida,25059,Bossòst,462.3050847457627,399.1864406779661,565.9152542372881,166.72881355932196,59,2,2024,0.6883529276003719,42.77619341750005
26,"Rioja, La",26168,Villamediana de Iregua,462.283185840708,396.92035398230087,533.8230088495575,136.90265486725662,565,2,2024,-2.394160636498951,42.43085374900005
08,Barcelona,08079,"Estany, L'",462.0689655172414,380.3448275862069,549.6551724137931,169.31034482758622,29,2,2024,2.1077984864241492,41.87282170300006
03,Alicante,03110,"Ràfol d'Almúnia, El",462.0,345.0,654.0,309.0,10,1,2024,-0.05136997953424715,38.82790064450006
22,Huesca,22054,Benasque,462.0,400.0,550.0,150.0,196,1,2024,0.5837778240903055,42.62358764150005
25,Lleida,25004,"Alamús, Els",462.0,406.0,502.0,96.0,48,1,2024,0.7401723377609541,41.60551633850005
31,Navarra,31097,Estella-Lizarra,461.85714285714283,378.33090379008746,550.7857142857143,172.45481049562687,686,2,2024,-2.022862306837632,42.66296093050008
03,Alicante,03097,Orba,461.7391304347826,380.0,651.304347826087,271.304347826087,69,2,2024,-0.06128061606813934,38.78230722100005
28,Madrid,28056,Fresnedillas de la Oliva,461.3728813559322,323.9830508474576,649.0084745762712,325.02542372881356,118,2,2024,-4.186609178387078,40.47430741900007
38,Santa Cruz de Tenerife,38003,Alajeró,461.31325301204816,373.90361445783134,526.7951807228916,152.89156626506025,83,2,2024,-17.24702854212018,28.07582378850006
35,"Palmas, Las",35013,Moya,461.1803278688525,382.2950819672131,582.639344262295,200.34426229508193,244,2,2024,-15.587634815511546,28.090806809000043
50,Zaragoza,50062,"Burgo de Ebro, El",461.02985074626866,371.64179104477614,567.9850746268656,196.3432835820895,134,2,2024,-0.7157984429401127,41.56518070900003
39,Cantabria,39056,Puente Viesgo,460.85714285714283,390.17857142857144,530.0714285714286,139.8928571428571,56,2,2024,-3.973676718789568,43.29265556450005
47,Valladolid,47066,Fuensaldaña,460.8235294117647,414.7549019607843,529.4705882352941,114.71568627450984,102,2,2024,-4.752580364841787,41.71382138800004
46,Valencia/Valéncia,46147,Llíria,460.7650042265427,355.8816568047337,566.1614539306847,210.279797125951,1183,2,2024,-0.6362944175382927,39.69278647650003
46,Valencia/Valéncia,46211,Real de Gandía,460.38461538461536,358.84615384615387,524.9230769230769,166.07692307692304,78,2,2024,-0.20136884051230491,38.95091009600006
46,Valencia/Valéncia,46136,Godelleta,460.1951219512195,341.5447154471545,652.6016260162602,311.0569105691057,123,2,2024,-0.6712238549258682,39.42629130700004
08,Barcelona,08215,Sant Hipòlit de Voltregà,460.18518518518516,364.24074074074076,575.4629629629629,211.22222222222217,270,2,2024,2.2366932732597133,42.017380989500055
46,Valencia/Valéncia,46113,Daimús,460.18518518518516,364.05555555555554,538.6851851851852,174.62962962962968,162,2,2024,-0.14749933864854745,38.971839521500044
43,Tarragona,43144,"Secuita, La",460.1818181818182,378.90909090909093,555.0909090909091,176.1818181818182,77,2,2024,1.272808057870759,41.206567227500045
50,Zaragoza,50201,Paracuellos de Jiloca,460.0,362.0,548.0,186.0,16,1,2024,-1.6657114965093287,41.294568207000054
43,Tarragona,43128,Riudecols,460.0,400.0,510.0,110.0,38,1,2024,0.9658269395283177,41.17195402050007
36,Pontevedra,36058,Vilaboa,460.0,300.0,717.0,417.0,31,1,2024,-8.664991664154696,42.341964147000056
25,Lleida,25012,Alcoletge,459.65909090909093,379.53977272727275,542.5056818181819,162.96590909090912,176,2,2024,0.7045456324644521,41.64733830000006
18,Granada,18173,Salobreña,459.55307262569835,365.08379888268155,568.0446927374302,202.96089385474863,358,2,2024,-3.5931947586534463,36.76644711950004
38,Santa Cruz de Tenerife,38029,Puntagorda,458.93333333333334,349.8666666666667,561.8,211.93333333333328,45,2,2024,-17.981885540513076,28.770463100000057
28,Madrid,28146,Tielmes,458.92957746478874,387.32394366197184,559.6338028169014,172.30985915492954,142,2,2024,-3.2972646945439728,40.226640103500074
03,Alicante,03113,Rojales,458.9137254901961,357.55686274509804,622.1098039215686,264.5529411764706,255,2,2024,-0.7108321358980081,38.07382316750005
43,Tarragona,43127,Riudecanyes,458.7647058823529,364.70588235294116,651.2941176470588,286.5882352941176,34,2,2024,0.9521909613424182,41.13478711600004
08,Barcelona,08191,Sallent,458.63823529411764,395.2852941176471,541.8470588235294,146.56176470588235,340,2,2024,1.9088624906850078,41.83911328350004
24,León,24076,Garrafe de Torío,458.55882352941177,405.88235294117646,572.9411764705883,167.05882352941182,34,2,2024,-5.5413341093589565,42.74314090650006
46,Valencia/Valéncia,46035,Almussafes,458.4232804232804,384.3121693121693,553.047619047619,168.73544973544972,378,2,2024,-0.4105304948502802,39.29388840200005
41,Sevilla,41045,Gerena,458.14193548387095,388.8516129032258,547.0193548387097,158.16774193548383,155,2,2024,-6.17620287877779,37.556778302000055
09,Burgos,09108,Cogollos,458.0,362.0,501.0,139.0,12,1,2024,-3.6929187936694117,42.19742237250006
18,Granada,18127,Maracena,457.93287566742947,379.36536994660565,536.8993135011442,157.53394355453855,1311,2,2024,-3.6381523143553474,37.214233499000045
22,Huesca,22021,Almudévar,457.55172413793105,356.0689655172414,512.551724137931,156.48275862068965,87,2,2024,-0.5870356689960695,42.05095306250004
08,Barcelona,08254,Santa Maria de Corcó,457.5466666666667,377.6933333333333,573.3266666666667,195.63333333333338,150,2,2024,2.3576765544560345,42.04228574900006
31,Navarra,31216,Sangüesa/Zangoza,457.52713178294573,375.93798449612405,567.3798449612403,191.4418604651163,129,2,2024,-1.255086750301646,42.564770779500066
17,Girona,17161,Sant Feliu de Pallerols,457.4117647058824,377.54901960784315,591.2941176470588,213.74509803921563,102,2,2024,2.503400035483054,42.10014250400005
48,Bizkaia,48022,Karrantza Harana/Valle de Carranza,457.0,321.3658536585366,663.0975609756098,341.7317073170732,41,2,2024,-3.362871716278453,43.203783158500045
38,Santa Cruz de Tenerife,38021,Hermigua,456.9148936170213,359.1914893617021,622.8936170212766,263.70212765957444,47,2,2024,-17.202939423965546,28.145511003500047
04,Almería,04101,Viator,456.8888888888889,381.04,524.1155555555556,143.07555555555558,225,2,2024,-2.3987441895185455,36.89735574900004
19,Guadalajara,19290,Trijueque,456.75409836065575,349.2950819672131,542.1967213114754,192.90163934426226,61,2,2024,-2.983735289440437,40.774465949000046
39,Cantabria,39012,Cabezón de la Sal,456.5051020408163,371.7474489795918,521.905612244898,150.15816326530614,392,2,2024,-4.2385421279281745,43.314846503500064
28,Madrid,28042,Colmenar del Arroyo,456.25581395348837,340.2325581395349,630.6976744186046,290.4651162790697,129,2,2024,-4.235993746279227,40.399917424500046
18,Granada,18911,Vegas del Genil,456.0279069767442,379.0558139534884,546.3162790697675,167.26046511627908,215,2,2024,-3.6886928785588475,37.16854921400005
43,Tarragona,43009,Alforja,456.0,353.2083333333333,529.3333333333334,176.12500000000006,48,2,2024,0.9683899032108277,41.20830158050006
43,Tarragona,43086,Montblanc,455.91160220994476,371.1491712707182,527.8453038674033,156.69613259668512,362,2,2024,1.1688938881393134,41.36456470400006
46,Valencia/Valéncia,46034,Almoines,455.84615384615387,373.7846153846154,598.1692307692308,224.38461538461542,65,2,2024,-0.17695285063158642,38.948220596000056
08,Barcelona,08149,Olost,455.78723404255317,355.06382978723406,587.7872340425532,232.72340425531917,47,2,2024,2.0915714980952487,42.00274756200005
43,Tarragona,43031,"Borges del Camp, Les",455.75,354.25,575.5,221.25,92,2,2024,1.0187855102615933,41.17467850150007
22,Huesca,22061,Binéfar,455.0670037926675,392.2250316055626,534.1984829329962,141.97345132743357,791,2,2024,0.28785985455088514,41.845963662500054
08,Barcelona,08233,Sant Pere de Torelló,454.90909090909093,344.8636363636364,551.5454545454545,206.68181818181813,110,2,2024,2.3274988896337874,42.08480161500003
04,Almería,04079,Roquetas de Mar,454.6253137325206,363.75761921835783,559.2506274650412,195.49300824668342,5578,2,2024,-2.6194249317501033,36.78224170750005
17,Girona,17101,Massanes,454.0,269.0,640.0,371.0,30,1,2024,2.6474970893731227,41.77549040300005
09,Burgos,09058,Buniel,454.0,349.0,613.0,264.0,14,1,2024,-3.8018626011268606,42.31011374900004
29,Málaga,29100,Yunquera,454.0,300.0,600.0,300.0,11,1,2024,-4.933735140793555,36.73769701350005
35,"Palmas, Las",35011,Ingenio,453.95148669796555,385.320813771518,560.4851330203443,175.1643192488263,1278,2,2024,-15.420349633613224,27.920429145500037
03,Alicante,03019,Aspe,453.6909871244635,359.45064377682405,531.3433476394849,171.89270386266088,466,2,2024,-0.7786285768342387,38.31932249900004
43,Tarragona,43005,Alcover,453.42285714285714,374.81714285714287,564.1942857142857,189.37714285714281,175,2,2024,1.1568337305943452,41.26325199900003
46,Valencia/Valéncia,46017,Alzira,453.3167495854063,373.56053067993366,559.0215588723051,185.4610281923715,1809,2,2024,-0.39206643331058855,39.127875184500056
43,Tarragona,43047,Constantí,453.0978723404255,370.46382978723403,537.7021276595744,167.2382978723404,235,2,2024,1.1958258973952969,41.156967433000034
38,Santa Cruz de Tenerife,38053,Villa de Mazo,453.0827586206897,340.93793103448274,622.2689655172413,281.3310344827586,145,2,2024,-17.799039613494045,28.575383362500048
40,Segovia,40906,San Cristóbal de Segovia,452.90697674418607,397.7906976744186,550.953488372093,153.16279069767444,172,2,2024,-4.079705880708585,40.95237169400008
38,Santa Cruz de Tenerife,38014,Fuencaliente de la Palma,452.8536585365854,393.9024390243902,532.439024390244,138.53658536585374,41,2,2024,-17.841004262939084,28.507760168500027
18,Granada,18193,"Zubia, La",452.58718572587185,370.70965125709654,520.139497161395,149.42984590429842,1233,2,2024,-3.5723310300864686,37.10938196200004
45,Toledo,45085,Lominchar,452.4370860927152,350.2384105960265,540.0993377483444,189.8609271523179,151,2,2024,-3.9874669895879493,40.08534232800005
36,Pontevedra,36033,Mos,452.27814569536423,356.6225165562914,617.3377483443709,260.7152317880795,151,2,2024,-8.626278278486481,42.18983301000006
22,Huesca,22086,Castiello de Jaca,451.72727272727275,360.6363636363636,571.0909090909091,210.4545454545455,22,2,2024,-0.5553133862207451,42.64771126450006
13,Ciudad Real,13034,Ciudad Real,451.72624859181377,370.247840781074,528.2889598197521,158.04111903867812,5326,2,2024,-3.9991379664742626,38.96146604000003
03,Alicante,03030,Benidoleig,451.5,358.5,602.5,244.0,36,2,2024,-0.027719458707949216,38.78991832850005
47,Valladolid,47155,Santovenia de Pisuerga,451.45,394.025,515.85,121.82500000000005,360,2,2024,-4.6628507409273094,41.70433757100005
12,Castellón/Castelló,12135,Vila-real,451.24119241192415,365.1056910569106,548.7371273712737,183.6314363143631,2214,2,2024,-0.11929556983776615,39.935425749000075
33,Asturias,33054,"Regueras, Las",451.0,302.0,686.0,384.0,21,1,2024,-5.977873543178331,43.412148296000055
33,Asturias,33016,Castrillón,450.9321394910462,394.36946277097076,554.8539114043356,160.48444863336482,1061,2,2024,-5.990554652351734,43.54355175300006
39,Cantabria,39018,Cartes,450.80696202531647,400.0,537.0569620253165,137.05696202531647,316,2,2024,-4.091170599475893,43.32097993800005
41,Sevilla,41034,Coria del Río,450.4678217821782,378.91831683168317,548.2797029702971,169.3613861386139,808,2,2024,-6.024487409355137,37.24848221700003
21,Huelva,21010,Ayamonte,450.2437722419929,350.7562277580071,551.6014234875445,200.84519572953735,562,2,2024,-7.402261216399829,37.28013799900003
34,Palencia,34120,Palencia,450.07151515151514,378.9987878787879,516.050101010101,137.05131313131312,4950,2,2024,-4.544747551137117,41.99561405400004
22,Huesca,22084,Castejón de Sos,450.0105263157895,394.8,563.7894736842105,168.9894736842105,95,2,2024,0.49000843934992677,42.52040074900006
25,Lleida,25189,Rosselló,450.0,378.09815950920245,503.33742331288346,125.23926380368101,163,2,2024,0.5929070552550064,41.69499224900005
09,Burgos,09410,Valle de Mena,450.0,355.0,547.0,192.0,53,1,2024,-3.2968018078704264,43.11012438600005
28,Madrid,28170,Villaconejos,450.0,343.54347826086956,532.5217391304348,188.9782608695652,138,2,2024,-3.5016653798609263,40.10860595550005
19,Guadalajara,19041,Armuña de Tajuña,450.0,364.0,523.0,159.0,13,1,2024,-3.038249418270368,40.52042942750006
08,Barcelona,08303,Vilanova de Sau,450.0,356.0,625.0,269.0,19,1,2024,2.4160173930121696,41.94057263000005
39,Cantabria,39032,Hermandad de Campoo de Suso,450.0,350.0,746.0,396.0,15,1,2024,-4.2779653495277215,43.03233250100004
35,"Palmas, Las",35027,Teror,450.0,353.0576923076923,575.9752747252747,222.91758241758242,364,2,2024,-15.543127875766054,28.06098704200005
50,Zaragoza,50903,Villamayor de Gállego,450.0,337.0,643.0,306.0,67,1,2024,-0.7307578540945419,41.69410429250004
32,Ourense,32047,"Merca, A",450.0,300.0,574.0,274.0,20,1,2024,-7.889073308686414,42.206422411000034
05,Ávila,05128,Mingorría,450.0,388.0,550.0,162.0,14,1,2024,-4.673072125861298,40.76542299900004
39,Cantabria,39079,Santoña,450.0,400.0,505.0,105.0,428,1,2024,-3.450480129852271,43.453459676500046
39,Cantabria,39068,Ruiloba,450.0,338.0,803.0,465.0,14,1,2024,-4.253175273478716,43.37929761350006
46,Valencia/Valéncia,46187,Palma de Gandía,450.0,322.0,569.0,247.0,20,1,2024,-0.22791614338276567,38.942858694500046
28,Madrid,28107,Patones,450.0,380.0,712.0,332.0,15,1,2024,-3.4814210309638334,40.883256788500034
33,Asturias,33065,Sariego,450.0,350.0,650.0,300.0,23,1,2024,-5.5522515817465505,43.41889474900006
17,Girona,17084,Isòvol,450.0,320.0,869.0,549.0,10,1,2024,1.8287721303477638,42.397772963500046
36,Pontevedra,36041,Poio,450.0,375.71356147021544,567.234474017744,191.52091254752855,789,2,2024,-8.692683662080098,42.44222449850005
25,Lleida,25248,Vilanova de Bellpuig,450.0,384.0,504.0,120.0,11,1,2024,0.9574432150895007,41.604846587000054
04,Almería,04017,Arboleas,450.0,382.0,535.0,153.0,26,1,2024,-2.0845190253248465,37.35921357000004
41,Sevilla,41051,Huévar del Aljarafe,450.0,372.0,514.0,142.0,52,1,2024,-6.279394380663705,37.35997074900004
25,Lleida,25086,Esterri d'Àneu,450.0,375.0,567.0,192.0,107,1,2024,1.1249967159985137,42.61942226950006
38,Santa Cruz de Tenerife,38015,Garachico,450.0,330.4347826086956,568.3478260869565,237.91304347826087,69,2,2024,-16.752233491190196,28.32457653350005
17,Girona,17200,Tortellà,450.0,365.0,604.0,239.0,62,1,2024,2.6207512882893225,42.239417662500074
39,Cantabria,39047,Noja,450.0,390.0,549.0,159.0,81,1,2024,-3.524402930131007,43.47826553300004
05,Ávila,05076,"Fresno, El",450.0,285.0,588.0,303.0,21,1,2024,-4.7492066151207855,40.62383252150005
28,Madrid,28165,Valdilecha,450.0,391.3930131004367,554.7816593886463,163.3886462882096,229,2,2024,-3.3013595942619682,40.296348951000056
03,Alicante,03100,Parcent,450.0,333.0,550.0,217.0,19,1,2024,-0.07205305440497323,38.74489078950006
45,Toledo,45056,Chozas de Canales,450.0,351.0,547.0,196.0,188,1,2024,-4.0422779374281275,40.109109999000054
11,Cádiz,11013,Castellar de la Frontera,450.0,400.0,535.0,135.0,41,1,2024,-5.451336766853815,36.30210729950005
11,Cádiz,11903,San Martín del Tesorillo,450.0,400.0,650.0,250.0,23,1,2024,-5.368969857740339,36.358717731500036
41,Sevilla,41079,"Puebla del Río, La",450.0,380.0,501.8,121.80000000000001,160,2,2024,-6.089404044794563,37.09467657800005
38,Santa Cruz de Tenerife,38048,Valverde,450.0,356.62240663900417,533.2240663900415,176.6016597510373,241,2,2024,-17.94848756087672,27.769627995000064
22,Huesca,22205,San Esteban de Litera,450.0,350.0,500.0,150.0,19,1,2024,0.3200108318123629,41.88920974900006
49,Zamora,49178,Roales,450.0,311.0,518.0,207.0,19,1,2024,-5.776147681084879,41.548272571500064
25,Lleida,25078,Corbins,450.0,315.0,575.0,260.0,25,1,2024,0.6867472736100664,41.69030095100004
29,Málaga,29012,Álora,449.5147928994083,369.4082840236686,574.4201183431952,205.0118343195266,169,2,2024,-4.7039840308656835,36.859371488500045
18,Granada,18134,Monachil,449.218085106383,358.39716312056737,546.8581560283687,188.46099290780137,564,2,2024,-3.469832346669093,37.10285377100004
36,Pontevedra,36039,"Porriño, O",449.1480206540447,379.2917383820998,540.5378657487091,161.2461273666093,1162,2,2024,-8.637272354875574,42.13532418700004
31,Navarra,31227,Tafalla,449.0,349.0,519.0,170.0,452,1,2024,-1.7069740147840409,42.51308074900007
28,Madrid,28117,Prádena del Rincón,449.0,357.0,700.0,343.0,11,1,2024,-3.5183402295389126,41.03830171900006
25,Lleida,25183,Rialp,449.0,324.0,550.0,226.0,39,1,2024,1.1493586587143447,42.464849011500064
31,Navarra,31221,Doneztebe/Santesteban,449.0,381.0,499.0,118.0,72,1,2024,-1.665977848859856,43.13979823850005
31,Navarra,31260,Valle de Yerri/Deierri,449.0,409.0,644.0,235.0,10,1,2024,-2.08513987639701,42.841866251000056
29,Málaga,29083,Riogordo,449.0,334.0,800.0,466.0,31,1,2024,-4.266888733385674,36.917285481500045
28,Madrid,28063,Gargantilla del Lozoya y Pinilla de Buitrago,449.0,299.0,599.0,300.0,24,1,2024,-3.7074314271650763,40.96708313900007
31,Navarra,31236,Ultzama,449.0,399.0,501.0,102.0,17,1,2024,-1.6933558601353753,42.998564353000035
31,Navarra,31167,Mendigorria,449.0,349.0,629.0,280.0,19,1,2024,-1.843588179096302,42.61147088900006
35,"Palmas, Las",35033,Vega de San Mateo,448.78350515463916,379.7250859106529,544.1168384879725,164.39175257731955,291,2,2024,-15.568336797477226,27.994099857500032
43,Tarragona,43108,"Pla de Santa Maria, El",448.75,378.27777777777777,556.6944444444445,178.41666666666669,72,2,2024,1.3155063587982359,41.34464215500006
45,Toledo,45051,Cobeja,448.6930693069307,348.6930693069307,538.5346534653465,189.84158415841586,101,2,2024,-3.8541363660855352,40.008485210500055
22,Huesca,22078,Canfranc,448.0,405.0,550.0,145.0,67,1,2024,-0.4789297520435427,42.75311511950005
25,Lleida,25163,"Coma i la Pedra, La",448.0,346.0,548.0,202.0,18,1,2024,1.5828704012300223,42.17346605900005
50,Zaragoza,50056,Botorrita,448.0,391.0,602.0,211.0,16,1,2024,-1.032287278415576,41.49081212850004
18,Granada,18062,Churriana de la Vega,447.94389140271494,374.01990950226246,530.5294117647059,156.5095022624434,1105,2,2024,-3.642198206521483,37.14578137700005
46,Valencia/Valéncia,46055,Beniarjó,447.88732394366195,334.36619718309856,571.887323943662,237.5211267605634,71,2,2024,-0.19341495873452874,38.93499516400004
03,Alicante,03071,Gata de Gorgos,447.8848167539267,367.0157068062827,610.3193717277487,243.303664921466,191,2,2024,0.06655522133731584,38.769784721000036
18,Granada,18140,Motril,447.66472303206996,380.6618075801749,553.8483965014577,173.1865889212828,2058,2,2024,-3.491200460251334,36.744625929500046
08,Barcelona,08250,Santa Margarida de Montbui,447.4963325183374,375.1002444987775,517.6748166259168,142.57457212713933,409,2,2024,1.5811026583303516,41.55595021250005
33,Asturias,33004,Avilés,447.1042435424354,356.46448339483396,530.6734317343173,174.20894833948336,4336,2,2024,-5.917071196812138,43.560882296000045
39,Cantabria,39090,Udías,446.72093023255815,344.8837209302326,541.7209302325581,196.8372093023255,43,2,2024,-4.257573088265902,43.33439620200005
40,Segovia,40203,Torrecaballeros,446.08730158730157,363.57142857142856,554.436507936508,190.8650793650794,126,2,2024,-4.002947200560916,40.977424540000044
08,Barcelona,08141,Navàs,446.0674418604651,347.7906976744186,519.660465116279,171.86976744186046,430,2,2024,1.7949206085717488,41.89076133900005
28,Madrid,28180,Villarejo de Salvanés,446.0,390.4761904761905,516.7619047619048,126.28571428571433,357,2,2024,-3.2501915510520822,40.14135477650004
45,Toledo,45126,Otero,446.0,340.0,500.0,160.0,12,1,2024,-4.513108052729406,40.02153578400004
34,Palencia,34217,Villalobón,445.45454545454544,373.6363636363636,506.3636363636364,132.72727272727275,66,2,2024,-4.48186188742776,42.024614117000056
28,Madrid,28157,Valdelaguna,445.38461538461536,342.3076923076923,562.0,219.69230769230768,39,2,2024,-3.362117415808026,40.17581849900006
43,Tarragona,43033,Botarell,445.0,300.0,500.0,200.0,26,1,2024,1.0063984244331374,41.148663999000036
12,Castellón/Castelló,12077,Moncofa,444.87620357634114,359.49793672627237,553.6341127922971,194.1361760660247,727,2,2024,-0.15484389155959494,39.79254349900006
39,Cantabria,39009,Bárcena de Cicero,444.87336244541484,360.05676855895194,526.7423580786026,166.68558951965065,229,2,2024,-3.5106995877027525,43.40122224900006
43,Tarragona,43007,"Aleixar, L'",444.6,356.6,616.2,259.6,30,2,2024,1.0471681799158254,41.20652302350004
12,Castellón/Castelló,12032,Borriana/Burriana,444.4257891202149,344.98321020819344,513.4392209536602,168.45601074546676,1489,2,2024,-0.06868904684578304,39.89289382450005
50,Zaragoza,50298,Zuera,444.0630797773655,363.45454545454544,526.5677179962894,163.11317254174395,539,2,2024,-0.8259638292106164,41.89986172850004
25,Lleida,25100,Gósol,444.0,356.0,603.0,247.0,12,1,2024,1.647012365852376,42.21050631900005
15,"Coruña, A",15091,Vilarmaior,444.0,350.0,500.0,150.0,15,1,2024,-8.132175600213133,43.353832376500065
08,Barcelona,08178,Rajadell,444.0,405.0,1100.0,695.0,15,1,2024,1.71999350844784,41.72315950650005
39,Cantabria,39038,Limpias,443.77570093457945,379.2710280373832,538.1869158878504,158.91588785046724,107,2,2024,-3.4115771283306247,43.378190999000026
33,Asturias,33076,Villaviciosa,443.76528117359413,366.9621026894865,566.9694376528117,200.0073349633252,818,2,2024,-5.4640770710314985,43.48312106050005
22,Huesca,22059,Biescas,443.76510067114094,378.00671140939596,509.4496644295302,131.4429530201342,149,2,2024,-0.31974805992374833,42.62610153800006
41,Sevilla,41024,Carmona,443.74782608695654,362.0086956521739,567.0782608695653,205.06956521739136,460,2,2024,-5.613313530413036,37.43122806450003
46,Valencia/Valéncia,46065,Beniparrell,443.45238095238096,359.0952380952381,557.797619047619,198.70238095238096,84,2,2024,-0.4128952489978256,39.381898784500066
09,Burgos,09177,Ibeas de Juarros,443.0,315.0,561.0,246.0,38,1,2024,-3.5336224413463295,42.28271899150005
45,Toledo,45021,Borox,442.7956989247312,381.83870967741933,524.9193548387096,143.0806451612903,186,2,2024,-3.725102838918154,40.05106545150005
37,Salamanca,37354,Villamayor,442.7149758454106,378.4492753623188,524.5338164251208,146.08454106280197,414,2,2024,-5.706290281401406,41.00688272550005
34,Palencia,34225,Villamuriel de Cerrato,442.67241379310343,378.73275862068965,484.0431034482759,105.31034482758622,232,2,2024,-4.501085534592908,41.953369508000065
03,Alicante,03118,San Fulgencio,442.60663507109007,341.65876777251185,570.2369668246446,228.57819905213273,211,2,2024,-0.6954625157404346,38.12734474900006
40,Segovia,40152,Otero de Herreros,442.5090909090909,325.96363636363634,605.7636363636364,279.8,55,2,2024,-4.204407376936626,40.82281636450003
50,Zaragoza,50107,Figueruelas,442.4,347.75,521.5,173.75,40,2,2024,-1.1763126661490195,41.77445255850006
46,Valencia/Valéncia,46051,Benaguasil,442.39506172839504,367.8941798941799,551.0864197530864,183.19223985890648,567,2,2024,-0.6054671884760827,39.59295429250005
17,Girona,17178,Sant Pere Pescador,442.3492063492063,364.73015873015873,605.015873015873,240.28571428571428,126,2,2024,3.101372633851461,42.18017913200006
25,Lleida,25007,Albatàrrec,442.2844036697248,338.29357798165137,513.302752293578,175.00917431192664,109,2,2024,0.6175548840546279,41.56276383700006
03,Alicante,03088,Monforte del Cid,441.4179104477612,311.7164179104478,572.4813432835821,260.7649253731343,268,2,2024,-0.6897777034605408,38.39145914200006
15,"Coruña, A",15075,Sada,441.19359534206694,361.7001455604076,544.6943231441048,182.99417758369725,1374,2,2024,-8.27841924859428,43.34561378700005
47,Valladolid,47111,"Pedraja de Portillo, La",441.0,350.0,640.0,290.0,15,1,2024,-4.694452589625078,41.48584949900004
46,Valencia/Valéncia,46103,Quartell,440.90909090909093,337.45454545454544,526.7272727272727,189.2727272727273,44,2,2024,-0.24082554671121212,39.72494237850006
28,Madrid,28060,Fuentidueña de Tajo,440.8363636363636,352.45454545454544,575.3454545454546,222.89090909090913,55,2,2024,-3.1646427670566726,40.11089044800005
28,Madrid,28182,Villavieja del Lozoya,440.0,388.0,563.0,175.0,13,1,2024,-3.7084789453705604,41.031527520000054
42,Soria,42094,Garray,440.0,344.0,487.0,143.0,13,1,2024,-2.517056324232204,41.84921528600006
08,Barcelona,08253,Santa Maria de Besora,440.0,294.0,532.0,238.0,13,1,2024,2.266816757555695,42.12029130600004
29,Málaga,29027,Benamocarra,440.0,350.0,600.0,250.0,13,1,2024,-4.163608131970893,36.78555935150004
08,Barcelona,08011,Avià,439.7445255474453,354.5985401459854,517.6642335766423,163.06569343065695,137,2,2024,1.8258855178017044,42.06367595450007
17,Girona,17007,Amer,439.44,366.7733333333333,541.3333333333334,174.56000000000006,150,2,2024,2.5944184109143134,42.01326305650005
46,Valencia/Valéncia,46145,Xàtiva,439.14738929279576,352.2128222075347,517.703899537343,165.49107732980826,1513,2,2024,-0.5166163027086035,38.99446517900006
50,Zaragoza,50008,Alagón,439.1407867494824,355.3312629399586,513.5383022774328,158.20703933747416,483,2,2024,-1.1231336518037838,41.77072084100007
30,Murcia,30024,Lorca,439.1362857841938,361.7908000978713,523.9109371176902,162.1201370198189,4087,2,2024,-1.7711377647208928,37.69069669900006
18,Granada,18047,Cenes de la Vega,439.1327623126338,362.86509635974306,520.2098501070664,157.3447537473233,467,2,2024,-3.541557372897871,37.15604264950005
03,Alicante,03902,Pilar de la Horadada,439.0328185328185,369.2084942084942,526.1003861003861,156.89189189189193,1036,2,2024,-0.826807389134971,37.90015694600007
41,Sevilla,41012,Aznalcázar,438.8360655737705,365.73770491803276,537.360655737705,171.6229508196722,122,2,2024,-6.297785602444368,37.114974757000056
39,Cantabria,39006,Arnuero,438.79487179487177,314.2564102564103,543.8461538461538,229.58974358974353,39,2,2024,-3.5626131306665334,43.474313067000054
17,Girona,17009,Arbúcies,438.7943548387097,345.85887096774195,547.7822580645161,201.92338709677415,496,2,2024,2.483533874460218,41.82637332400006
23,Jaén,23099,"Villares, Los",438.3636363636364,326.90909090909093,548.9090909090909,221.99999999999994,55,2,2024,-3.8369929820617283,37.68859325350007
24,León,24222,Villaquilambre,438.00397877984085,369.7957559681698,503.4290450928382,133.6332891246684,1508,2,2024,-5.545225704256282,42.64736751500004
39,Cantabria,39102,Voto,438.0,359.1111111111111,512.4444444444445,153.33333333333337,81,2,2024,-3.5109507927472556,43.34771983700006
24,León,24205,Villadangos del Páramo,438.0,357.0,544.5,187.5,40,2,2024,-5.7811952868117285,42.52908410650008
31,Navarra,31019,Aoiz/Agoitz,437.7844827586207,353.7413793103448,527.3534482758621,173.61206896551727,116,2,2024,-1.3712616281679786,42.78216167350004
03,Alicante,03133,Torrevieja,437.44805194805195,357.85064935064935,558.4675324675325,200.61688311688312,4774,2,2024,-0.7071198297693776,37.99029820350006
28,Madrid,28021,"Berrueco, El",437.25,357.625,545.3125,187.6875,80,2,2024,-3.5586099580407597,40.87728040500005
36,Pontevedra,36060,Vilagarcía de Arousa,437.2328458942632,355.8492688413948,528.4398200224972,172.5905511811024,1778,2,2024,-8.742621535287874,42.59765275850003
43,Tarragona,43013,"Ametlla de Mar, L'",437.1173184357542,350.0,550.2793296089385,200.2793296089385,358,2,2024,0.783007302958159,40.89625657600004
03,Alicante,03117,Sanet y Negrals,437.0,331.0,739.0,408.0,20,1,2024,-0.028281870624725185,38.815702249000026
43,Tarragona,43079,Masllorenç,437.0,362.0,632.0,270.0,36,1,2024,1.4369134062704338,41.260083999000045
28,Madrid,28112,Pinilla del Valle,437.0,350.0,600.0,250.0,11,1,2024,-3.8242634265771707,40.93021852050006
39,Cantabria,39080,San Vicente de la Barquera,436.979797979798,368.030303030303,503.07070707070704,135.04040404040404,198,2,2024,-4.403148693016115,43.359417399500046
33,Asturias,33035,Llanera,436.5732484076433,357.7579617834395,561.0891719745223,203.3312101910828,628,2,2024,-5.854643840745366,43.45579494750007
46,Valencia/Valéncia,46181,Oliva,436.5334590009425,347.1498586239397,535.1922714420358,188.04241281809612,1061,2,2024,-0.10627282639144649,38.900254670000066
41,Sevilla,41007,"Algaba, La",436.4055944055944,358.2564102564103,550.0,191.74358974358972,429,2,2024,-6.013403124556639,37.48064635850005
33,Asturias,33066,Siero,436.2858719646799,366.990434142752,539.2844002943341,172.29396615158208,2718,2,2024,-5.636205489972195,43.39785029600006
16,Cuenca,16279,Zarza de Tajo,436.0,244.0,610.0,366.0,10,1,2024,-3.125610357518498,40.020255038000045
22,Huesca,22112,Fraga,435.94920634920635,366.22222222222223,497.3015873015873,131.07936507936506,945,2,2024,0.20416623053826632,41.47517096300004
28,Madrid,28133,San Martín de Valdeiglesias,435.6641221374046,350.0,535.0076335877862,185.00763358778624,393,2,2024,-4.393397468028253,40.35984570450003
36,Pontevedra,36008,Cangas,435.51135407905804,371.67788057190916,521.394449116905,149.71656854499582,1189,2,2024,-8.7903322287213,42.27789024450004
43,Tarragona,43119,Puigpelat,435.5,361.5,572.5,211.0,28,2,2024,1.302537122880166,41.28294914800006
21,Huelva,21007,Aracena,435.49295774647885,340.49295774647885,516.2112676056338,175.71830985915494,284,2,2024,-6.528754386048638,37.86811432300004
33,Asturias,33025,Gozón,435.4758620689655,358.048275862069,513.3448275862069,155.29655172413788,435,2,2024,-5.8437960384883585,43.606545752000045
16,Cuenca,16905,Arcas del Villar,435.1639344262295,378.9836065573771,551.7540983606557,172.77049180327862,61,2,2024,-2.0900566856670775,39.94784008100007
31,Navarra,31904,Irurtzun,435.0,349.0,548.0,199.0,78,1,2024,-1.8227857402427121,42.92375606850007
18,Granada,18189,Víznar,435.0,270.0,536.0,266.0,40,1,2024,-3.53966982208666,37.235437693500074
08,Barcelona,08293,Vallcebre,435.0,338.0,547.0,209.0,18,1,2024,1.8141339544220751,42.21089369100005
28,Madrid,28159,Valdemaqueda,434.8958333333333,313.9375,511.1041666666667,197.16666666666669,48,2,2024,-4.302420986763028,40.498534911000036
24,León,24162,Santovenia de la Valdoncina,434.6190476190476,335.3809523809524,514.047619047619,178.66666666666663,42,2,2024,-5.621558172656389,42.54209699900005
47,Valladolid,47027,Cabezón de Pisuerga,434.5145631067961,371.11650485436894,512.6941747572815,141.5776699029126,206,2,2024,-4.616612692614046,41.72729553900004
33,Asturias,33056,Ribadesella,434.24590163934425,349.2950819672131,543.639344262295,194.34426229508193,244,2,2024,-5.079516607136865,43.450773008000056
46,Valencia/Valéncia,46904,Benicull de Xúquer,434.1111111111111,325.2962962962963,477.0740740740741,151.77777777777777,27,2,2024,-0.38852805374648236,39.186074632500066
47,Valladolid,47173,Traspinedo,434.0,280.0,500.0,220.0,15,1,2024,-4.480916083017209,41.57966224900005
17,Girona,17105,Mieres,434.0,398.0,786.0,388.0,18,1,2024,2.6279320558736368,42.12123886300003
29,Málaga,29084,Ronda,433.8120702826585,355.45301757066466,518.8189457601222,163.36592818945758,1309,2,2024,-5.206625231768148,36.79546515350006
38,Santa Cruz de Tenerife,38010,Buenavista del Norte,433.7560975609756,337.1951219512195,604.8048780487804,267.60975609756093,82,2,2024,-16.867140412996456,28.33449709450005
08,Barcelona,08022,Berga,433.66179275270184,350.900826446281,514.0667514303877,163.16592498410677,1573,2,2024,1.8455643906151553,42.09408749900007
41,Sevilla,41067,Olivares,433.61538461538464,363.53846153846155,492.46153846153845,128.9230769230769,182,2,2024,-6.151687418448136,37.45231352000005
12,Castellón/Castelló,12053,Chilches/Xilxes,433.5416666666667,343.21875,519.5,176.28125,192,2,2024,-0.18314677089427128,39.78124799900007
03,Alicante,03098,Orxeta,433.45454545454544,293.45454545454544,527.8181818181819,234.36363636363643,33,2,2024,-0.2670044739494651,38.55664873750007
36,Pontevedra,36029,Moaña,433.2482993197279,349.1496598639456,545.5136054421769,196.36394557823127,588,2,2024,-8.711235264816281,42.29665778100005
22,Huesca,22048,Barbastro,433.1784232365145,353.0373443983402,503.56846473029043,150.5311203319502,1205,2,2024,0.11533486379227441,42.036684499000046
45,Toledo,45001,Ajofrín,433.0,303.0,520.0,217.0,21,1,2024,-3.995971346163919,39.73046606600005
25,Lleida,25254,Vilanova de la Barca,433.0,406.0,502.0,96.0,17,1,2024,0.7398758082456476,41.68479295350005
03,Alicante,03120,San Miguel de Salinas,432.9166666666667,332.9761904761905,556.3095238095239,223.33333333333337,168,2,2024,-0.8001944667639959,37.98379324900006
04,Almería,04024,Benahadux,432.8867924528302,350.52830188679246,506.7358490566038,156.20754716981133,106,2,2024,-2.4720487581721664,36.91777624900007
17,Girona,17147,Ripoll,432.6896551724138,361.9704433497537,516.3940886699507,154.42364532019707,812,2,2024,2.207173599877671,42.18888830800003
45,Toledo,45088,Magán,432.6442307692308,366.8269230769231,517.6442307692307,150.81730769230762,208,2,2024,-3.933191266782731,39.96738425800007
06,Badajoz,06083,Mérida,432.5287356321839,358.9668695064233,507.43745774171737,148.4705882352941,2958,2,2024,-6.349924614095068,38.95368355450006
15,"Coruña, A",15013,Brión,432.43674698795184,366.1656626506024,517.0632530120482,150.8975903614458,332,2,2024,-8.742170591075244,42.857473998000046
45,Toledo,45145,Recas,431.9764705882353,350.0,503.9529411764706,153.95294117647057,255,2,2024,-4.002713018959728,40.055237161000036
50,Zaragoza,50235,San Mateo de Gállego,431.75,365.375,530.625,165.25,200,2,2024,-0.7396153107652217,41.84669872300006
43,Tarragona,43001,Aiguamúrcia,431.6216216216216,372.97297297297297,521.7567567567568,148.7837837837838,37,2,2024,1.441156763290197,41.36325508300004
38,Santa Cruz de Tenerife,38012,Fasnia,431.42857142857144,375.23809523809524,569.047619047619,193.8095238095238,63,2,2024,-16.46335506335373,28.249163793000037
39,Cantabria,39069,San Felices de Buelna,431.3636363636364,327.6363636363636,482.8181818181818,155.1818181818182,22,2,2024,-4.029987359277909,43.26398671150005
31,Navarra,31050,Baztan,430.57142857142856,345.9795918367347,576.3265306122449,230.34693877551024,245,2,2024,-1.4943694733430704,43.16069333550004
25,Lleida,25137,Mollerussa,430.11675126903555,360.76142131979697,505.23857868020303,144.47715736040607,1182,2,2024,0.8894492004289207,41.62351599900006
22,Huesca,22249,Villanova,430.0,324.0,496.0,172.0,13,1,2024,0.4558491115413575,42.55314766650005
26,"Rioja, La",26071,Haro,430.0,356.0,500.0,144.0,428,1,2024,-2.8584999770461197,42.58957233850006
45,Toledo,45003,Albarreal de Tajo,430.0,254.0,550.0,296.0,13,1,2024,-4.222127513604687,39.88835398050006
09,Burgos,09073,Cardeñadijo,429.8536585365854,401.0731707317073,577.7317073170732,176.65853658536588,41,2,2024,-3.667359878674393,42.29576226400005
22,Huesca,22907,Aínsa-Sobrarbe,429.77777777777777,363.61574074074076,526.2592592592592,162.64351851851848,216,2,2024,0.056682455809409386,42.33481048550004
28,Madrid,28110,Perales de Tajuña,429.57232704402514,330.29559748427675,550.2515723270441,219.95597484276732,159,2,2024,-3.360219141909685,40.22952586000005
46,Valencia/Valéncia,46012,Alborache,429.42857142857144,338.57142857142856,509.06349206349205,170.4920634920635,63,2,2024,-0.7515583884279406,39.36671249900007
09,Burgos,09141,Fuentespina,429.0,300.0,550.0,250.0,14,1,2024,-3.6869779072052706,41.629129421000044
25,Lleida,25244,Vilagrassa,429.0,379.0,518.0,139.0,34,2,2024,1.0983548142198836,41.64846625100003
24,León,24189,Valverde de la Virgen,428.94965277777777,363.63194444444446,514.1145833333334,150.4826388888889,576,2,2024,-5.685055087164251,42.57503149900006
12,Castellón/Castelló,12009,Almazora/Almassora,428.4102730819246,350.0,512.77633289987,162.77633289987,1538,2,2024,-0.062221645920975635,39.95087218900005
19,Guadalajara,19257,Sigüenza,428.3975409836066,354.75409836065575,517.483606557377,162.72950819672127,244,2,2024,-2.6348986576847375,41.10123728500005
12,Castellón/Castelló,12089,Peníscola/Peñíscola,428.1456953642384,342.6655629139073,543.0629139072847,200.39735099337742,604,2,2024,0.3580355716452006,40.34573091300007
33,Asturias,33014,Carreño,428.11387900355874,356.7615658362989,504.66548042704625,147.90391459074732,562,2,2024,-5.789134737276903,43.54950592450007
04,Almería,04100,Vera,428.09064609450337,350.0,515.159112825458,165.159112825458,1037,2,2024,-1.844009648405497,37.22488924900006
09,Burgos,09276,"Puebla de Arganzón, La",428.0,362.0,493.0,131.0,12,1,2024,-2.818894334038533,42.77458811150004
08,Barcelona,08132,Montmajor,428.0,330.0,673.0,343.0,11,1,2024,1.7381423212748512,41.98489563150005
18,Granada,18185,Ventas de Huelma,428.0,361.0,450.0,89.0,14,1,2024,-3.843542039267583,37.070338523500055
12,Castellón/Castelló,12138,Vinaròs,427.91100323624596,353.2686084142395,519.4482200647249,166.17961165048536,2472,2,2024,0.4320179510338771,40.513575018500035
34,Palencia,34004,Aguilar de Campoo,427.9,364.0,505.0,141.0,420,2,2024,-4.304316399776286,42.79635316850005
28,Madrid,28099,Navas del Rey,427.86486486486484,327.4054054054054,602.5405405405405,275.1351351351351,185,2,2024,-4.266225094717733,40.38011429450003
43,Tarragona,43170,Vila-rodona,427.7083333333333,317.2916666666667,458.25,140.95833333333331,72,2,2024,1.368757002499473,41.30597582400006
15,"Coruña, A",15082,Teo,427.4793388429752,360.07575757575756,533.0730027548209,172.99724517906333,726,2,2024,-8.562924668297839,42.79362998500005
13,Ciudad Real,13005,Alcázar de San Juan,427.4270833333333,350.55694444444447,507.2388888888889,156.6819444444444,1440,2,2024,-3.2394914522786697,39.28713116100005
45,Toledo,45121,Ocaña,427.40356083086056,352.40356083086056,501.97091988130563,149.56735905044508,1685,2,2024,-3.5224834422619695,39.95397767700007
28,Madrid,28173,Villamanrique de Tajo,427.27272727272725,351.3030303030303,591.030303030303,239.7272727272727,33,2,2024,-3.253204641681976,40.07890498450007
50,Zaragoza,50099,Épila,427.11764705882354,350.0,529.0294117647059,179.02941176470586,204,2,2024,-1.2371655324041808,41.57332698500005
30,Murcia,30038,"Torres de Cotillas, Las",427.00237529691213,350.0,515.7054631828979,165.70546318289792,421,2,2024,-1.2647327129666508,38.02311562150007
46,Valencia/Valéncia,46246,Tous,427.0,340.0,600.0,260.0,14,1,2024,-0.6653302201912056,39.18463379550005
22,Huesca,22069,Broto,427.0,355.0,500.0,145.0,34,1,2024,-0.1362971997169209,42.56865475300006
31,Navarra,31257,Villatuerta,427.0,299.0,548.0,249.0,12,1,2024,-1.9289724929795826,42.62825548750004
39,Cantabria,39019,Castañeda,426.96774193548384,378.26881720430106,486.1505376344086,107.88172043010752,186,2,2024,-3.9260211698883167,43.31592983900006
25,Lleida,25156,Os de Balaguer,426.7857142857143,362.5,476.7857142857143,114.28571428571428,28,2,2024,0.6668741232809308,41.90194704150005
22,Huesca,22158,Monzón,426.6680743243243,346.66385135135135,501.3344594594595,154.67060810810813,1184,2,2024,0.16532071951282273,41.89409624900006
18,Granada,18022,Atarfe,426.65051903114187,350.0,515.3760092272203,165.37600922722027,867,2,2024,-3.7133986105780377,37.250674030000056
15,"Coruña, A",15005,Arteixo,426.4872521246459,354.5945467422096,516.2181303116147,161.62358356940507,2824,2,2024,-8.516049616560768,43.308981610000046
21,Huelva,21050,Moguer,426.46198830409355,350.0,529.8567251461989,179.85672514619887,342,2,2024,-6.811869557766855,37.194303965000046
39,Cantabria,39031,Hazas de Cesto,426.24285714285713,357.8285714285714,501.24285714285713,143.4142857142857,70,2,2024,-3.5856303156439715,43.406402102000044
28,Madrid,28120,Rascafría,426.1904761904762,340.0,567.6190476190476,227.6190476190476,105,2,2024,-3.889083587529795,40.871020540000046
29,Málaga,29087,Sedella,426.0,292.0,600.0,308.0,14,1,2024,-4.038417119360394,36.872296629500056
21,Huelva,21055,Palos de la Frontera,426.0,377.04347826086956,523.9130434782609,146.8695652173913,138,2,2024,-6.890294810275256,37.16978824900005
01,Araba/Álava,01009,Asparrena,426.0,402.0,465.0,63.0,38,1,2024,-2.2861592970850113,42.88577138750003
45,Toledo,45165,Talavera de la Reina,425.9148000837346,347.9903705254344,506.7684739376177,158.77810341218333,4777,2,2024,-4.88137031635862,39.95310059250005
39,Cantabria,39074,Santa María de Cayón,425.56451612903226,358.33870967741933,492.2903225806452,133.95161290322585,496,2,2024,-3.870735298549126,43.304150383000064
12,Castellón/Castelló,12031,Borriol,425.5431754874652,340.06963788300834,520.6128133704735,180.5431754874652,359,2,2024,-0.0650314466423777,40.05280509650004
29,Málaga,29072,Mollina,425.1748251748252,309.53146853146853,494.3076923076923,184.7762237762238,143,2,2024,-4.652169023113854,37.139975558500055
41,Sevilla,41005,Alcalá del Río,425.103734439834,369.07883817427387,503.6473029045643,134.56846473029043,241,2,2024,-5.964439691604884,37.552644526500046
30,Murcia,30035,San Javier,425.0686070686071,365.6964656964657,528.8814968814969,163.18503118503122,1924,2,2024,-0.8513233613190782,37.82049899800006
39,Cantabria,39100,Villafufre,425.0,309.0,610.0,301.0,13,1,2024,-3.8819038751554436,43.259152953500035
04,Almería,04022,Bédar,425.0,225.0,588.0,363.0,12,1,2024,-1.9911816477198634,37.175218145500054
03,Alicante,03029,Benigembla,425.0,300.0,525.0,225.0,23,1,2024,-0.11656517729059497,38.74395769550006
27,Lugo,27023,Guntín,425.0,316.0,654.0,338.0,13,1,2024,-7.658291152325122,42.89895824900006
15,"Coruña, A",15001,Abegondo,425.0,345.0,631.0,286.0,69,1,2024,-8.28956101221694,43.21235574100004
22,Huesca,22221,Sesué,425.0,352.0,497.0,145.0,11,1,2024,0.4717848341562444,42.55366576600005
39,Cantabria,39066,Ruente,425.0,325.0,558.0,233.0,15,1,2024,-4.2327133961911905,43.23608019300005
37,Salamanca,37023,Aldeatejada,424.95454545454544,341.0681818181818,570.0,228.9318181818182,88,2,2024,-5.721548235550353,40.90598027400006
25,Lleida,25209,Sort,424.82716049382714,352.34567901234567,498.0246913580247,145.67901234567904,243,2,2024,1.0666299589809634,42.45223541550004
31,Navarra,31202,Peralta/Azkoien,424.82278481012656,342.0379746835443,499.0,156.9620253164557,158,2,2024,-1.8008596247289765,42.36015010350005
03,Alicante,03055,Catral,424.63157894736844,350.0,533.3684210526316,183.36842105263156,190,2,2024,-0.8020036658619556,38.15360164450004
36,Pontevedra,36045,Redondela,424.46926829268295,358.79414634146343,524.8975609756097,166.1034146341463,1025,2,2024,-8.615943557821224,42.27986029200005
46,Valencia/Valéncia,46031,Alginet,424.4594594594595,345.4054054054054,532.1621621621622,186.75675675675677,555,2,2024,-0.46136186261572193,39.261127499000054
29,Málaga,29079,Periana,424.25,322.9375,493.03125,170.09375,32,2,2024,-4.199026381966183,36.93181613600004
26,"Rioja, La",26013,Anguciana,424.0,296.0,491.0,195.0,10,1,2024,-2.9031002604564455,42.572495513000035
45,Toledo,45031,Camarena,423.98130841121497,353.1588785046729,514.9532710280374,161.79439252336454,321,2,2024,-4.114493673092067,40.10102011700005
41,Sevilla,41102,"Viso del Alcor, El",423.7351351351351,328.9189189189189,497.1459459459459,168.22702702702702,185,2,2024,-5.705139632530605,37.38383774900004
17,Girona,17102,Maçanet de Cabrenys,423.3673469387755,321.7142857142857,495.1224489795918,173.4081632653061,49,2,2024,2.7252343906391356,42.38281683400007
45,Toledo,45036,Carmena,423.1111111111111,377.77777777777777,494.22222222222223,116.44444444444446,27,2,2024,-4.398931994764744,39.934202655000064
18,Granada,18165,Pulianas,422.94505494505495,356.04395604395603,520.7912087912088,164.74725274725273,91,2,2024,-3.608833129628401,37.22478275450007
31,Navarra,31084,Etxarri Aranatz,422.0,377.0,469.0,92.0,34,1,2024,-2.092661047583353,42.92386150900006
17,Girona,17064,Espolla,422.0,322.0,600.0,278.0,18,1,2024,3.0016163435233665,42.42095378600007
50,Zaragoza,50123,Grisén,422.0,353.0,500.0,147.0,28,1,2024,-1.1622911529410902,41.745464491000064
25,Lleida,25011,Alcarràs,421.5966587112172,363.1491646778043,484.1766109785203,121.02744630071595,838,2,2024,0.446278789220132,41.603687612000044
08,Barcelona,08048,Carme,421.5,258.0,473.0,215.0,32,2,2024,1.6269040143489288,41.527942269500045
25,Lleida,25110,Guissona,421.4117647058824,375.8235294117647,494.4117647058824,118.58823529411768,374,2,2024,1.289422953158033,41.791701150500046
47,Valladolid,47175,Tudela de Duero,421.34567901234567,356.84156378600824,485.5761316872428,128.73456790123458,486,2,2024,-4.584087259149195,41.59677576200005
17,Girona,17138,Portbou,421.2112676056338,352.056338028169,517.1971830985915,165.14084507042247,71,2,2024,3.134271338966424,42.42752085750004
18,Granada,18057,Cúllar Vega,421.14285714285717,358.85714285714283,498.4,139.54285714285714,280,2,2024,-3.671734793240705,37.15731440400006
37,Salamanca,37362,Villares de la Reina,420.8333333333333,357.9166666666667,482.3958333333333,124.47916666666663,432,2,2024,-5.649137723643548,41.00688272550005
30,Murcia,30003,Águilas,420.51419800460474,346.68073676132,511.2854950115119,164.60475825019188,1303,2,2024,-1.581766940530723,37.470288188500064
29,Málaga,29013,Alozaina,420.0,320.0,659.0,339.0,15,1,2024,-4.859651357913756,36.737446464000044
28,Madrid,28034,Canencia,420.0,383.0,912.0,529.0,22,1,2024,-3.756316246120166,40.89294540500006
33,Asturias,33030,Illas,420.0,348.0,500.0,152.0,23,1,2024,-5.967389701407385,43.496225131000045
08,Barcelona,08229,Sant Mateu de Bages,420.0,315.7142857142857,492.0,176.28571428571428,21,2,2024,1.675238261765029,41.82007611700004
27,Lugo,27014,"Corgo, O",420.0,320.0,566.0,246.0,30,1,2024,-7.41690556474307,42.933877061500056
01,Araba/Álava,01043,Oyón-Oion,420.0,356.0,474.0,118.0,85,1,2024,-2.4212285092058914,42.54715575250006
36,Pontevedra,36051,Sanxenxo,419.54954954954957,350.0,520.4684684684685,170.46846846846847,555,2,2024,-8.834757307507974,42.42116776100005
08,Barcelona,08018,Balsareny,419.3921568627451,334.2549019607843,500.0,165.7450980392157,153,2,2024,1.8597673306402953,41.86177340800003
21,Huelva,21005,Almonte,419.36842105263156,354.3157894736842,518.0631578947368,163.7473684210526,285,2,2024,-6.551794588376286,37.06078833250007
33,Asturias,33036,Llanes,419.06976744186045,350.0,521.7209302325581,171.7209302325581,688,2,2024,-4.8388261287996155,43.40325457800006
50,Zaragoza,50150,Lumpiaque,419.0,307.0,500.0,193.0,24,1,2024,-1.3576071462874615,41.64203706850006
46,Valencia/Valéncia,46248,Turís,418.95604395604397,317.2087912087912,553.5164835164835,236.30769230769232,273,2,2024,-0.6982251584863959,39.36132814700005
39,Cantabria,39025,"Corrales de Buelna, Los",418.90909090909093,340.961038961039,490.75324675324674,149.79220779220776,385,2,2024,-4.100807670027656,43.25940440800005
38,Santa Cruz de Tenerife,38050,Vallehermoso,418.741935483871,331.0,578.0322580645161,247.0322580645161,31,2,2024,-17.26699903672922,28.135135245000043
24,León,24142,San Andrés del Rabanedo,418.3631284916201,347.1173184357542,489.7977653631285,142.6804469273743,1790,2,2024,-5.684823836761819,42.62975899700007
39,Cantabria,39091,Valdáliga,418.3333333333333,319.0,502.5,183.5,30,2,2024,-4.352320954661035,43.331151845500045
28,Madrid,28135,Santa María de la Alameda,418.3333333333333,331.6666666666667,643.0,311.3333333333333,66,2,2024,-4.239612666231643,40.579894036500036
03,Alicante,03070,Formentera del Segura,418.2,348.5,497.65,149.14999999999998,220,2,2024,-0.7461617690191633,38.09790476300003
03,Alicante,03104,Petrer,418.1438645980254,343.2552891396333,504.95063469675597,161.69534555712266,709,2,2024,-0.720366626526987,38.49479135450005
25,Lleida,25124,Lladurs,418.0,170.0,525.0,355.0,10,1,2024,1.4764225469046097,42.06049548450005
24,León,24065,Chozas de Abajo,418.0,350.0,500.0,150.0,32,1,2024,-5.682150407524744,42.49337566150004
47,Valladolid,47218,Villanueva de Duero,418.0,337.0,554.0,217.0,14,1,2024,-4.851904538328027,41.510617999500035
25,Lleida,25193,Sant Llorenç de Morunys,417.6666666666667,314.1333333333333,509.1111111111111,194.97777777777776,90,2,2024,1.5891666253513894,42.13742600450007
26,"Rioja, La",26005,Albelda de Iregua,417.3191489361702,347.0496453900709,459.1489361702128,112.09929078014187,141,2,2024,-2.469922872757452,42.35958104550005
46,Valencia/Valéncia,46048,Bellreguard,417.24242424242425,345.6363636363636,536.1212121212121,190.4848484848485,165,2,2024,-0.15889907241479345,38.94907549900006
31,Navarra,31176,Murchante,417.2,314.2,505.8,191.60000000000002,80,2,2024,-1.668266759139943,42.04508387650006
15,"Coruña, A",15002,Ames,417.1020408163265,356.74120082815733,490.7586512866016,134.01745045844427,3381,2,2024,-8.671387661259956,42.89178775000005
46,Valencia/Valéncia,46217,Rotglà i Corberà,417.0,251.0,528.0,277.0,10,1,2024,-0.5684727742653697,39.01067393750003
31,Navarra,31138,Lakuntza,417.0,299.0,478.0,179.0,23,1,2024,-2.0245415820563615,42.93282696150004
46,Valencia/Valéncia,46233,Sollana,416.86486486486484,343.72972972972974,500.0,156.27027027027026,185,2,2024,-0.37243131481767333,39.28422558300005
14,Córdoba,14067,Villafranca de Córdoba,416.7391304347826,376.4492753623188,478.0289855072464,101.57971014492756,69,2,2024,-4.552382676689765,37.950421412000054
08,Barcelona,08016,Bagà,416.65822784810126,333.34177215189874,529.1139240506329,195.7721518987342,158,2,2024,1.6954718445479495,42.28238124900005
21,Huelva,21021,Cartaya,416.59528907922913,338.6423982869379,535.1948608137045,196.5524625267666,467,2,2024,-7.136801045093005,37.31075131900005
25,Lleida,25029,Arbeca,416.54545454545456,300.0,538.0,238.0,33,2,2024,0.9386542643443305,41.53080959500005
18,Granada,18905,"Gabias, Las",416.51542152159016,358.60178204249485,496.5044551062372,137.90267306374233,1459,2,2024,-3.69447018547494,37.13271699900005
04,Almería,04103,Zurgena,416.4516129032258,341.1290322580645,528.0645161290323,186.9354838709678,62,2,2024,-2.0316199331337472,37.36129163450005
28,Madrid,28109,Pelayos de la Presa,416.44444444444446,325.8169934640523,557.7124183006536,231.89542483660125,153,2,2024,-4.328679651775515,40.35798850200004
25,Lleida,25027,Anglesola,416.2352941176471,368.11764705882354,468.0,99.88235294117646,34,2,2024,1.060798542302249,41.66138028800006
36,Pontevedra,36028,Meis,416.2280701754386,317.63157894736844,515.5964912280701,197.9649122807017,57,2,2024,-8.72404476704206,42.49785701850004
08,Barcelona,08012,Avinyó,416.15841584158414,300.56435643564356,519.9306930693069,219.36633663366337,101,2,2024,1.9695067696415323,41.86744840100005
46,Valencia/Valéncia,46077,Buñol,416.1225806451613,309.19032258064516,506.3,197.10967741935485,310,2,2024,-0.8165126718288311,39.43320905600004
25,Lleida,25912,Gimenells i el Pla de la Font,416.0,400.0,462.0,62.0,14,1,2024,0.38410612311770753,41.66847049900005
47,Valladolid,47182,Valdestillas,416.0,350.0,520.0,170.0,14,1,2024,-4.79009001399828,41.478483213500056
30,Murcia,30902,"Alcázares, Los",415.84353214562356,343.7722695584818,493.1959721146398,149.423702556158,1291,2,2024,-0.8681378781985511,37.742711409000066
47,Valladolid,47217,Villanubla,415.7608695652174,345.4130434782609,482.9347826086956,137.52173913043475,138,2,2024,-4.844578495306506,41.70381296050007
08,Barcelona,08212,Sant Feliu Sasserra,415.6774193548387,266.7741935483871,499.0967741935484,232.32258064516134,31,2,2024,1.9928197388055457,41.93574604250006
25,Lleida,25047,Bellcaire d'Urgell,415.44444444444446,341.77777777777777,505.55555555555554,163.77777777777777,27,2,2024,0.8878745964268651,41.761300492500055
43,Tarragona,43139,Santa Coloma de Queralt,415.4166666666667,323.3333333333333,469.5833333333333,146.25,108,2,2024,1.4194024546896522,41.55001639550005
17,Girona,17145,Ribes de Freser,415.3503184713376,330.68152866242036,552.6687898089172,221.9872611464968,157,2,2024,2.171771591367939,42.29913595450006
08,Barcelona,08171,Prats de Lluçanès,415.1783783783784,315.8162162162162,494.64324324324326,178.82702702702704,185,2,2024,2.026103962753627,42.00184346550006
45,Toledo,45012,Almonacid de Toledo,415.1020408163265,376.0,448.3469387755102,72.34693877551018,49,2,2024,-3.837881743037497,39.80657657900005
46,Valencia/Valéncia,46143,Xeraco,415.0,345.0,513.8333333333334,168.83333333333337,186,2,2024,-0.22861313059666635,39.033871815000055
43,Tarragona,43155,Tortosa,414.96136962247584,338.1299385425812,505.6435469710272,167.513608428446,2278,2,2024,0.5680534494015852,40.81695374900005
50,Zaragoza,50262,Torres de Berrellén,414.6341463414634,331.8048780487805,529.5121951219512,197.7073170731707,41,2,2024,-1.1347717085931444,41.82001851050006
46,Valencia/Valéncia,46195,Piles,414.2384105960265,343.5298013245033,546.3576158940398,202.82781456953649,151,2,2024,-0.1266444629530383,38.94508574900004
40,Segovia,40077,Espirdo,414.1837837837838,321.38378378378377,483.6,162.21621621621625,185,2,2024,-4.071394443112606,41.005771788500056
40,Segovia,40170,Riaza,414.1475409836066,360.8032786885246,464.75409836065575,103.95081967213116,122,2,2024,-3.3549361006221776,41.30681043650006
43,Tarragona,43136,Sant Carles de la Ràpita,413.9900299102692,347.9361914257228,506.87936191425723,158.9431704885344,1003,2,2024,0.606687107199706,40.629409749000075
37,Salamanca,37092,Castellanos de Moriscos,413.9501779359431,345.34163701067615,473.1886120996441,127.84697508896795,281,2,2024,-5.5860892401476265,41.02267100700007
36,Pontevedra,36055,Tui,413.54852320675104,335.65400843881855,511.9198312236287,176.26582278481015,711,2,2024,-8.663658087343377,42.06707774900005
45,Toledo,45025,Cabañas de la Sagra,413.5049504950495,321.7821782178218,483.7722772277228,161.99009900990097,101,2,2024,-3.9521160057273272,40.004420583500035
45,Toledo,45002,Alameda de la Sagra,413.49693251533745,349.60122699386505,516.5214723926381,166.92024539877303,163,2,2024,-3.804144968072001,40.00463586800004
03,Alicante,03048,Callosa d'En Sarrià,413.39285714285717,340.48214285714283,492.85714285714283,152.375,280,2,2024,-0.10588888943852465,38.656422665000036
11,Cádiz,11039,Vejer de la Frontera,413.2262443438914,316.6425339366516,522.3981900452488,205.75565610859724,221,2,2024,-5.939726158533876,36.29346277850004
29,Málaga,29055,Fuente de Piedra,413.2083333333333,340.4166666666667,510.5,170.08333333333331,72,2,2024,-4.7573323951499695,37.12414073150006
25,Lleida,25211,Sudanell,413.0,395.0,470.0,75.0,14,1,2024,0.5645222531515278,41.556648618000054
31,Navarra,31038,Artajona,412.8095238095238,327.5952380952381,480.42857142857144,152.83333333333337,42,2,2024,-1.7584018954057044,42.585567499000035
08,Barcelona,08226,Sant Martí de Tous,412.70588235294116,321.0,484.6470588235294,163.6470588235294,34,2,2024,1.4981328397464537,41.550944249000054
45,Toledo,45118,Novés,412.5,325.89130434782606,525.4782608695652,199.58695652173918,92,2,2024,-4.262937614579261,40.033592235500066
25,Lleida,25217,Tàrrega,412.35792349726773,349.51502732240436,494.3483606557377,144.83333333333331,1464,2,2024,1.1544533016417793,41.67551714800007
31,Navarra,31006,Ablitas,412.3,336.0,516.15,180.14999999999998,40,2,2024,-1.5990165566531482,41.96209561300006
17,Girona,17224,Vilallonga de Ter,412.29787234042556,304.1063829787234,528.2127659574468,224.1063829787234,47,2,2024,2.2788981120631524,42.34485018700005
47,Valladolid,47090,Mojados,412.0232558139535,330.0,508.6744186046512,178.67441860465118,86,2,2024,-4.683720173251034,41.43097674900008
25,Lleida,25251,Vilanova de Segrià,411.7391304347826,307.30434782608694,612.8695652173913,305.5652173913043,23,2,2024,0.6163329395308952,41.71120129350007
08,Barcelona,08175,Puig-reig,411.69278996865205,339.9373040752351,494.90595611285266,154.96865203761757,319,2,2024,1.8764651521905318,41.95106638200005
50,Zaragoza,50095,Ejea de los Caballeros,411.62393162393164,341.51404151404154,474.41269841269843,132.8986568986569,819,2,2024,-1.206839005903413,42.13052698650006
25,Lleida,25002,Àger,411.60869565217394,358.7826086956522,533.5652173913044,174.7826086956522,23,2,2024,0.7361549523711898,42.00291519050003
39,Cantabria,39002,Ampuero,411.4347826086956,368.2173913043478,463.04347826086956,94.82608695652175,138,2,2024,-3.3808684836549907,43.325774564000056
33,Asturias,33019,Colunga,411.36842105263156,336.63157894736844,543.3684210526316,206.73684210526312,114,2,2024,-5.28025605482393,43.476674232500045
25,Lleida,25058,"Borges Blanques, Les",411.06887052341597,346.90358126721765,468.5234159779614,121.61983471074376,363,2,2024,0.8785845437790949,41.48956660650006
17,Girona,17164,Sant Hilari Sacalm,410.92134831460675,329.6741573033708,548.5730337078652,218.8988764044944,356,2,2024,2.5076358277366366,41.91466984600004
03,Alicante,03903,"Montesinos, Los",410.80213903743316,350.45454545454544,487.01604278074865,136.5614973262032,187,2,2024,-0.7441292972560534,38.02811193900007
36,Pontevedra,36004,Bueu,410.625,341.38513513513516,500.0,158.61486486486484,296,2,2024,-8.782808767544985,42.31502134100006
50,Zaragoza,50204,Pedrola,410.0507614213198,349.497461928934,476.61928934010155,127.12182741116754,197,2,2024,-1.2730946575417956,41.75838090900007
46,Valencia/Valéncia,46227,Senyera,410.0,300.0,496.0,196.0,15,1,2024,-0.5073412546690774,39.065670215500035
30,Murcia,30041,"Unión, La",409.87748851454825,341.1102603369066,487.63093415007654,146.52067381316994,653,2,2024,-0.8749400983915874,37.612960865000076
49,Zamora,49275,Zamora,409.813200498132,348.13200498132005,490.560398505604,142.42839352428393,4015,2,2024,-5.772539266492471,41.514627901500035
13,Ciudad Real,13015,Almodóvar del Campo,409.61538461538464,314.84615384615387,502.2307692307692,187.38461538461536,52,2,2024,-4.544017517845774,38.63906424900006
40,Segovia,40031,Bernuy de Porreros,409.4736842105263,325.94736842105266,464.89473684210526,138.9473684210526,133,2,2024,-4.113475240453019,41.00141378750004
43,Tarragona,43055,Falset,409.0,336.4142857142857,536.3714285714286,199.9571428571429,140,2,2024,0.8222732877859306,41.16340032250005
30,Murcia,30037,Torre-Pacheco,408.9266842800528,336.6875825627477,490.6340819022457,153.94649933949802,1514,2,2024,-0.9665143787711468,37.780416184000075
38,Santa Cruz de Tenerife,38030,Puntallana,408.46153846153845,330.2153846153846,500.7076923076923,170.4923076923077,65,2,2024,-17.781758497400027,28.744886441500057
32,Ourense,32054,Ourense,408.2749003984064,347.84362549800795,500.0,152.15637450199205,10040,2,2024,-7.860441928254019,42.34423824900006
03,Alicante,03102,Pego,408.2142857142857,340.5,537.1428571428571,196.6428571428571,266,2,2024,-0.10118302111166205,38.841815161000056
12,Castellón/Castelló,12085,Oropesa del Mar/Orpesa,408.17622950819674,343.5598360655738,510.9016393442623,167.34180327868853,1220,2,2024,0.12770220357036804,40.09420419450004
46,Valencia/Valéncia,46120,Estivella,408.09090909090907,345.27272727272725,563.0454545454545,217.77272727272725,44,2,2024,-0.36992703735838783,39.712758539500044
31,Navarra,31010,Altsasu/Alsasua,408.0,332.0,499.0,167.0,183,1,2024,-2.1790297014496574,42.90980520650007
46,Valencia/Valéncia,46064,Benimuslem,408.0,264.0,499.0,235.0,16,1,2024,-0.49458612753565784,39.13694662800006
39,Cantabria,39084,Solórzano,408.0,367.0,519.0,152.0,13,1,2024,-3.5881534501605703,43.36122149900007
15,"Coruña, A",15027,Coirós,408.0,298.0,600.0,302.0,24,1,2024,-8.145135348548244,43.24563962350007
46,Valencia/Valéncia,46026,Alfarp,407.9714285714286,358.0857142857143,547.6857142857143,189.60000000000002,35,2,2024,-0.516138238003235,39.28471617050005
33,Asturias,33041,Navia,407.7886597938144,349.12371134020617,483.39690721649487,134.2731958762887,388,2,2024,-6.67771672051833,43.52929147750004
41,Sevilla,41019,Burguillos,407.5401069518717,339.96791443850265,487.7005347593583,147.73262032085563,187,2,2024,-5.9606876728317095,37.59923454550005
04,Almería,04049,Garrucha,407.51557093425606,346.97231833910035,501.21107266435985,154.2387543252595,578,2,2024,-1.8289555787876242,37.18827999900006
46,Valencia/Valéncia,46235,Sueca,407.4125113327289,344.50045330915685,515.3544877606528,170.85403445149592,1103,2,2024,-0.3024499454616305,39.24047994700004
17,Girona,17036,Campdevànol,407.3979591836735,328.9387755102041,528.3673469387755,199.42857142857144,196,2,2024,2.143657085892609,42.23714479100008
46,Valencia/Valéncia,46083,Carcaixent,407.3880813953488,325.1598837209302,507.0668604651163,181.90697674418607,688,2,2024,-0.4414238822235052,39.10259892850007
21,Huelva,21042,Isla Cristina,407.3188405797101,350.0,494.1449275362319,144.14492753623188,552,2,2024,-7.276044604461313,37.228452544500044
03,Alicante,03025,Benferri,407.02777777777777,328.75,487.25,158.5,36,2,2024,-0.988782368870647,38.15375548500006
49,Zamora,49125,Moraleja del Vino,407.0,369.0,450.0,81.0,20,1,2024,-5.646474494873363,41.44880638850006
41,Sevilla,41069,"Palacios y Villafranca, Los",406.8727272727273,331.27272727272725,482.3454545454546,151.07272727272732,275,2,2024,-5.924235975185084,37.15353575650005
35,"Palmas, Las",35032,Valleseco,406.8524590163934,283.39344262295083,501.60655737704917,218.21311475409834,61,2,2024,-15.582188059397208,28.043779187500064
38,Santa Cruz de Tenerife,38042,"Silos, Los",406.83505154639175,323.2886597938144,570.9278350515464,247.63917525773195,97,2,2024,-16.815895124543246,28.344884381500037
22,Huesca,22066,Boltaña,406.8313253012048,338.43373493975906,526.3253012048193,187.89156626506025,83,2,2024,0.03173386760076295,42.42089506150006
17,Girona,17054,Colera,406.75,330.2291666666667,568.3333333333334,238.10416666666669,48,2,2024,3.125486146524678,42.40382605900007
16,Cuenca,16134,Motilla del Palancar,406.5800865800866,349.3982683982684,500.0,150.60173160173161,231,2,2024,-1.9074647068723392,39.56268982550006
03,Alicante,03904,San Isidro,406.46153846153845,340.61538461538464,464.15384615384613,123.53846153846149,91,2,2024,-0.8417624124112011,38.17937799900005
38,Santa Cruz de Tenerife,38013,Frontera,406.41911764705884,343.1029411764706,592.9044117647059,249.80147058823525,136,2,2024,-18.007635509409972,27.76553089150005
47,Valladolid,47050,Cigales,406.34328358208955,351.94029850746267,470.14925373134326,118.2089552238806,335,2,2024,-4.703047430234541,41.77176559600005
10,Cáceres,10148,Plasencia,406.3432494279176,339.2356979405034,486.0503432494279,146.81464530892447,2185,2,2024,-6.178210151863272,39.98403811600005
41,Sevilla,41018,Brenes,406.0973451327434,350.0,468.46017699115043,118.46017699115043,226,2,2024,-5.873900554799427,37.552644526500046
43,Tarragona,43054,"Espluga de Francolí, L'",406.0,351.5,481.25,129.75,160,2,2024,1.1058345874258517,41.41505380800004
25,Lleida,25242,Verdú,406.0,356.0,450.0,94.0,14,1,2024,1.127010712142308,41.59829049900006
36,Pontevedra,36002,Barro,405.27906976744185,304.4651162790698,531.8604651162791,227.39534883720933,43,2,2024,-8.639117983073545,42.522583216000044
04,Almería,04075,Pulpí,405.199203187251,300.57768924302786,487.33067729083666,186.7529880478088,251,2,2024,-1.7100139650061688,37.389834249000074
03,Alicante,03061,Daya Nueva,405.0,338.0,550.0,212.0,25,1,2024,-0.7610662591680486,38.112458281000045
17,Girona,17167,Sant Joan de les Abadesses,404.69465648854964,299.3854961832061,486.77862595419845,187.39312977099235,262,2,2024,2.2990274726423827,42.239333465000044
22,Huesca,22199,Sabiñánigo,404.2440318302387,326.2122015915119,476.7055702917772,150.49336870026525,754,2,2024,-0.34469304591998284,42.51209188850004
45,Toledo,45091,Maqueda,404.0,392.0,455.0,63.0,16,1,2024,-4.3671671863646875,40.07674067000005
45,Toledo,45171,"Torre de Esteban Hambrán, La",403.8181818181818,315.05454545454546,485.09090909090907,170.0363636363636,55,2,2024,-4.216372792066858,40.16632041450006
30,Murcia,30005,Alcantarilla,403.80132450331126,301.21854304635764,500.0,198.78145695364236,1510,2,2024,-1.2303077626774381,37.972272242500054
15,"Coruña, A",15015,Cabanas,403.66101694915255,306.66101694915255,527.0338983050848,220.37288135593224,118,2,2024,-8.1338953226775,43.43612542650004
46,Valencia/Valéncia,46184,Ontinyent,403.6281050390348,301.153300212917,470.42441447835347,169.2711142654365,1409,2,2024,-0.6448535411420346,38.81340799900005
26,"Rioja, La",26018,Arnedo,403.6216216216216,336.43243243243245,495.4594594594595,159.02702702702703,592,2,2024,-2.1041698171582026,42.22025196650006
30,Murcia,30036,San Pedro del Pinatar,403.474762253109,346.0848573518654,489.7293343087052,143.64447695683975,1367,2,2024,-0.7848347015959982,37.82842919300006
40,Segovia,40216,Valverde del Majano,403.2258064516129,337.0967741935484,489.9032258064516,152.80645161290317,93,2,2024,-4.216056560511896,40.94237468400007
32,Ourense,32008,Barbadás,403.0681818181818,351.70454545454544,459.03409090909093,107.3295454545455,704,2,2024,-7.888419117664264,42.304115151000076
38,Santa Cruz de Tenerife,38047,Tijarafe,403.0,300.0,546.0,246.0,40,1,2024,-17.944763307691435,28.702578746000057
47,Valladolid,47104,Olmedo,402.78225806451616,349.1532258064516,455.1693548387097,106.0161290322581,124,2,2024,-4.7070580140624205,41.281817323500064
50,Zaragoza,50165,Mequinenza,402.741935483871,340.51612903225805,479.2903225806452,138.77419354838713,62,2,2024,0.23703740932541018,41.34174196700005
45,Toledo,45173,Torrijos,402.6752767527675,343.75645756457567,464.28044280442805,120.52398523985238,813,2,2024,-4.289293523802,39.98580929800005
03,Alicante,03066,Elda,402.6326666666667,339.788,490.2126666666667,150.42466666666667,1500,2,2024,-0.8270278313876137,38.473092999000045
18,Granada,18079,Fuente Vaqueros,402.4146341463415,336.3414634146341,483.2926829268293,146.95121951219517,41,2,2024,-3.774985244766853,37.22063454100007
25,Lleida,25038,Aitona,402.2093023255814,313.4186046511628,580.7674418604652,267.34883720930236,43,2,2024,0.46930088423621524,41.47922695500006
25,Lleida,25043,"Vall de Boí, La",402.0,350.0,479.0,129.0,64,1,2024,0.8738206167057,42.545586618000044
46,Valencia/Valéncia,46122,Faura,402.0,340.1333333333333,482.6666666666667,142.53333333333336,150,2,2024,-0.2554672693090197,39.73020883300006
27,Lugo,27028,Lugo,401.9000391491583,336.50006524859714,500.816651441994,164.31658619339686,7663,2,2024,-7.590062558792328,42.99211350650006
36,Pontevedra,36053,Soutomaior,401.6132075471698,345.5188679245283,485.4811320754717,139.96226415094338,424,2,2024,-8.57315792116743,42.339281530500074
39,Cantabria,39059,Reinosa,401.4268585131895,345.4724220623501,486.0335731414868,140.56115107913666,417,2,2024,-4.136014510524218,43.00246890200006
33,Asturias,33012,Cangas de Onís,401.14018691588785,343.58644859813086,474.27570093457945,130.6892523364486,428,2,2024,-5.067065670133557,43.31521307000003
42,Soria,42134,Ólvega,401.1046511627907,330.43023255813955,455.5232558139535,125.09302325581393,172,2,2024,-2.003300811011967,41.788549749000026
19,Guadalajara,19053,Brihuega,401.0472972972973,323.7162162162162,504.18918918918916,180.47297297297297,148,2,2024,-2.8595238616219705,40.74423974900006
01,Araba/Álava,01017,Campezo/Kanpezu,401.0,361.0,497.0,136.0,10,1,2024,-2.370015418855214,42.68660425050007
12,Castellón/Castelló,12074,"Llosa, la",401.0,300.0,414.0,114.0,22,1,2024,-0.20109348636944568,39.76539224900006
01,Araba/Álava,01033,Lapuebla de Labarca,401.0,301.0,429.0,128.0,10,1,2024,-2.569810412413628,42.496382730500045
09,Burgos,09406,Valdorros,401.0,357.0,542.0,185.0,13,1,2024,-3.705772371776728,42.171659884000036
01,Araba/Álava,01028,Labastida/Bastida,401.0,381.0,473.0,92.0,15,1,2024,-2.796646207586935,42.599592441000055
50,Zaragoza,50251,Tarazona,400.76957494407156,331.6510067114094,490.11633109619686,158.46532438478744,447,2,2024,-1.6891839287502362,41.89211449900006
03,Alicante,03093,Novelda,400.70588235294116,342.88235294117646,489.47058823529414,146.58823529411768,680,2,2024,-0.7922637956945112,38.39538185950008
50,Zaragoza,50025,"Almunia de Doña Godina, La",400.7003816793893,339.7080152671756,475.48664122137404,135.77862595419845,524,2,2024,-1.339432329954441,41.474748595500046
50,Zaragoza,50067,Calatayud,400.64516129032256,323.8709677419355,463.06451612903226,139.19354838709677,1333,2,2024,-1.6173739476545261,41.38256335750003
39,Cantabria,39055,Potes,400.4186046511628,350.9767441860465,468.0,117.02325581395348,86,2,2024,-4.622584087644316,43.152979499000054
08,Barcelona,08128,Monistrol de Calders,400.2857142857143,305.7142857142857,516.4285714285714,210.71428571428572,28,2,2024,2.0178324276948008,41.75791749900006
12,Castellón/Castelló,12126,"Vall d'Uixó, la",400.1197110423117,338.0918472652219,496.5562435500516,158.46439628482972,969,2,2024,-0.2250132970346072,39.817339005000036
18,Granada,18916,Torrenueva Costa,400.0,351.0,477.0,126.0,118,1,2024,-3.4769769975845555,36.70326981700006
41,Sevilla,41063,"Molares, Los",400.0,350.0,529.0,179.0,40,1,2024,-5.691681449809176,37.15589676150006
41,Sevilla,41075,Pilas,400.0,347.6111111111111,483.05555555555554,135.44444444444446,216,2,2024,-6.313176210566455,37.30528308600006
45,Toledo,45189,Villamiel de Toledo,400.0,345.03846153846155,483.65384615384613,138.61538461538458,26,2,2024,-4.131869470212682,39.98414308550005
18,Granada,18138,Moraleda de Zafayona,400.0,200.0,800.0,600.0,15,1,2024,-3.9532365384434858,37.17951702450006
05,Ávila,05245,Tornadizos de Ávila,400.0,300.0,478.0,178.0,11,1,2024,-4.616077646830815,40.60311057650006
25,Lleida,25126,Llavorsí,400.0,350.0,508.0,158.0,10,1,2024,1.203035387189568,42.47990482350005
41,Sevilla,41003,Albaida del Aljarafe,400.0,350.0,500.0,150.0,39,1,2024,-6.181765143488231,37.445927960000034
25,Lleida,25062,Camarasa,400.0,267.0,550.0,283.0,11,1,2024,0.8789013865005718,41.92510162350004
45,Toledo,45181,Velada,400.0,300.0,409.0,109.0,27,1,2024,-5.004994326118453,40.02900611550007
41,Sevilla,41025,Carrión de los Céspedes,400.0,319.0,476.0,157.0,37,1,2024,-6.328502951010232,37.36364516450004
03,Alicante,03091,Murla,400.0,250.0,796.0,546.0,11,1,2024,-0.07988798835760139,38.766868499000054
25,Lleida,25033,Artesa de Lleida,400.0,306.0,550.0,244.0,26,1,2024,0.7001667426004841,41.53687109000006
47,Valladolid,47098,Mucientes,400.0,350.0,446.0,96.0,19,1,2024,-4.7800294603572056,41.75748631000005
48,Bizkaia,48028,Ea,400.0,315.0,500.0,185.0,19,1,2024,-2.58833343131567,43.376504578000066
25,Lleida,25073,Cervià de les Garrigues,400.0,380.0,488.0,108.0,12,1,2024,0.8436632449999496,41.43564355950005
50,Zaragoza,50199,Osera de Ebro,400.0,358.0,433.0,75.0,14,1,2024,-0.5896338523431612,41.534208499000044
02,Albacete,02009,Almansa,400.0,327.0,462.5,135.5,780,2,2024,-1.1118256948894376,38.84241226800006
17,Girona,17116,Osor,400.0,309.0,685.0,376.0,18,1,2024,2.564306796490898,41.95038372500005
22,Huesca,22103,Estadilla,400.0,306.0,483.0,177.0,12,1,2024,0.2549541739820653,42.046512499000045
46,Valencia/Valéncia,46085,Carlet,400.0,322.84991568296795,500.0,177.15008431703205,593,2,2024,-0.5316912025925907,39.23512474900005
02,Albacete,02029,Chinchilla de Monte-Aragón,400.0,338.963963963964,469.86486486486484,130.90090090090087,222,2,2024,-1.5882574771050497,38.877815249000065
25,Lleida,25050,Bellpuig,400.0,353.4366197183099,465.6866197183099,112.25,284,2,2024,1.0095592490230327,41.63229332150004
33,Asturias,33055,Ribadedeva,400.0,349.0,450.0,101.0,37,1,2024,-4.567183853863659,43.37120259150004
21,Huelva,21072,Valverde del Camino,400.0,330.16022099447514,487.0662983425414,156.90607734806628,181,2,2024,-6.738349110912486,37.560926380500035
36,Pontevedra,36022,"Grove, O",400.0,333.09141274238226,485.3573407202216,152.26592797783934,361,2,2024,-8.898839253827104,42.46918598800005
50,Zaragoza,50053,Boquiñeni,400.0,306.0,421.0,115.0,12,1,2024,-1.2929650794314953,41.831725894000044
08,Barcelona,08160,Perafita,400.0,299.0,476.0,177.0,21,1,2024,2.1053783661367502,42.04423598050005
25,Lleida,25052,Bellvís,400.0,352.1333333333333,478.6666666666667,126.53333333333336,75,2,2024,0.8017108787116131,41.67633449900006
45,Toledo,45032,Camarenilla,400.0,400.0,466.0,66.0,15,1,2024,-4.083564405111048,40.00807292750005
19,Guadalajara,19138,Hita,400.0,278.0,450.0,172.0,11,1,2024,-3.037320198770955,40.84084243850003
25,Lleida,25019,Almacelles,400.0,350.0,452.1512605042017,102.15126050420167,357,2,2024,0.45373602053172046,41.72872427600004
29,Málaga,29009,Almáchar,400.0,300.0,450.0,150.0,17,1,2024,-4.22146299311683,36.80061655350005
46,Valencia/Valéncia,46037,"Alqueria de la Comtessa, l'",400.0,300.0,603.0,303.0,11,1,2024,-0.1535710264338012,38.93454643700005
22,Huesca,22234,Torrente de Cinca,400.0,324.72727272727275,464.72727272727275,140.0,22,2,2024,0.2997257322905902,41.44708712950006
40,Segovia,40179,Sanchonuño,400.0,353.0,435.0,82.0,21,1,2024,-4.302620159660227,41.33133459950005
40,Segovia,40173,Roda de Eresma,400.0,378.0,488.0,110.0,12,1,2024,-4.179219051608653,41.03201566350003
39,Cantabria,39043,Meruelo,400.0,350.0,450.0,100.0,66,1,2024,-3.5818988772201887,43.44375748050004
26,"Rioja, La",26105,Navarrete,400.0,330.0,460.0,130.0,79,1,2024,-2.556156079133589,42.425680631000034
28,Madrid,28076,Lozoya,400.0,318.62068965517244,509.17241379310343,190.551724137931,58,2,2024,-3.7835788962382715,40.95546335600005
25,Lleida,25901,Vall de Cardós,400.0,285.0,486.0,201.0,21,1,2024,1.203049177525735,42.59448448550006
45,Toledo,45154,San Román de los Montes,400.0,340.0,519.0,179.0,56,1,2024,-4.730470199102199,40.04300876000005
33,Asturias,33067,Sobrescobio,400.0,300.0,480.0,180.0,11,1,2024,-5.462230520853279,43.19442692900006
32,Ourense,32079,Taboadela,400.0,302.0,544.0,242.0,17,1,2024,-7.8263298945644,42.246751749000055
15,"Coruña, A",15064,Paderne,400.0,246.0,509.0,263.0,32,1,2024,-8.155948398101948,43.29655649800003
36,Pontevedra,36006,Cambados,400.0,350.0,482.7169811320755,132.7169811320755,371,2,2024,-8.796529880590743,42.51650308850006
35,"Palmas, Las",35025,Tejeda,400.0,312.0,533.0,221.0,14,1,2024,-15.676328788100456,27.964196813000058
32,Ourense,32052,Nogueira de Ramuín,400.0,300.0,482.0,182.0,13,1,2024,-7.7061800775988525,42.402107566500035
41,Sevilla,41101,Villaverde del Río,400.0,350.0,437.0,87.0,30,1,2024,-5.892715182022112,37.60190774950004
26,"Rioja, La",26061,Ezcaray,400.0,350.0,450.0,100.0,67,1,2024,-3.0287833519738987,42.26143763050004
26,"Rioja, La",26042,Casalarreina,400.0,300.0,475.0,175.0,17,1,2024,-2.9036922526633138,42.54400880850005
41,Sevilla,41013,Aznalcóllar,400.0,303.0,482.0,179.0,27,1,2024,-6.301257132331555,37.54069855500006
39,Cantabria,39064,Riotuerto,400.0,308.95,485.75,176.8,40,2,2024,-3.695785334127294,43.33941249800006
21,Huelva,21044,Lepe,400.0,329.46014492753625,491.47463768115944,162.0144927536232,552,2,2024,-7.226306448557789,37.29931602900007
40,Segovia,40225,Villacastín,400.0,329.93150684931504,493.67123287671234,163.7397260273973,73,2,2024,-4.407488775587109,40.745534837000065
46,Valencia/Valéncia,46212,Real,400.0,332.4271844660194,478.3203883495146,145.89320388349518,103,2,2024,-0.6108053510843181,39.31753924900005
46,Valencia/Valéncia,46109,Cheste,400.0,327.88535031847135,504.98301486199574,177.0976645435244,471,2,2024,-0.6755409133395716,39.51542799900005
36,Pontevedra,36037,Pazos de Borbén,400.0,345.0,500.0,155.0,27,1,2024,-8.530388682335388,42.28336764800005
21,Huelva,21033,Fuenteheridos,400.0,258.0,550.0,292.0,27,1,2024,-6.6609486751720794,37.90496179150006
21,Huelva,21035,Gibraleón,400.0,325.6,450.0,124.39999999999998,170,2,2024,-6.981782014155428,37.38362124900007
21,Huelva,21046,Lucena del Puerto,400.0,256.0,472.0,216.0,16,1,2024,-6.745497518440858,37.208641935500054
16,Cuenca,16106,Horcajo de Santiago,400.0,339.1111111111111,473.3703703703704,134.2592592592593,81,2,2024,-3.0171558531317895,39.842666749000045
45,Toledo,45018,Barcience,400.0,325.0,500.0,175.0,55,1,2024,-4.232995272197167,39.97719297450004
46,Valencia/Valéncia,46146,Xeresa,400.0,318.22033898305085,514.0338983050848,195.81355932203394,59,2,2024,-0.21666032603766955,39.01513525650003
46,Valencia/Valéncia,46222,Sant Joanet,400.0,300.0,448.0,148.0,16,1,2024,-0.4879788269040949,39.07228674900006
36,Pontevedra,36031,Mondariz-Balneario,400.0,300.0,450.0,150.0,39,1,2024,-8.470241906368297,42.21725249900004
50,Zaragoza,50137,Leciñena,400.0,349.0,500.0,151.0,11,1,2024,-0.5822234067434249,41.857831747000034
24,León,24115,Ponferrada,399.7960163186945,331.5929925605952,464.7333813294936,133.14038876889845,4167,2,2024,-6.564753957008801,42.496986962500046
13,Ciudad Real,13071,Puertollano,399.7739463601533,343.2183908045977,454.52107279693485,111.30268199233717,1044,2,2024,-4.087641314699064,38.641479989500056
46,Valencia/Valéncia,46139,Guadassuar,399.6857142857143,324.25714285714287,458.0571428571429,133.8,105,2,2024,-0.5764886390216577,39.167008999000075
14,Córdoba,14005,Almodóvar del Río,399.5974025974026,330.83116883116884,481.12987012987014,150.2987012987013,77,2,2024,-5.002678845435787,37.835474319500065
15,"Coruña, A",15009,Betanzos,399.590099009901,328.1059405940594,469.57722772277225,141.47128712871285,1010,2,2024,-8.229532020594094,43.27350815300005
32,Ourense,32075,San Cibrao das Viñas,399.5031847133758,324.8407643312102,518.9872611464968,194.14649681528664,157,2,2024,-7.846478219792829,42.278841504500036
12,Castellón/Castelló,12901,Alquerías del Niño Perdido,399.46078431372547,310.2450980392157,483.98039215686276,173.73529411764707,102,2,2024,-0.13361780600109632,39.88727886250004
41,Sevilla,41068,Osuna,399.4503816793893,301.09923664122135,486.70992366412213,185.61068702290078,262,2,2024,-5.1201673716612035,37.23517253250006
19,Guadalajara,19192,Mondéjar,399.3543307086614,322.9685039370079,473.33858267716533,150.37007874015745,127,2,2024,-3.1199288515905463,40.31791595000004
12,Castellón/Castelló,12084,Onda,399.1006346328196,321.58476881233,460.7488667271079,139.16409791477787,1103,2,2024,-0.21768205127226709,39.99382654600004
47,Valladolid,47184,Valoria la Buena,399.0,326.0,503.0,177.0,10,1,2024,-4.527538043104419,41.80883531450007
25,Lleida,25046,Belianes,399.0,328.0,422.0,94.0,12,1,2024,0.9902153979742374,41.57394807600005
31,Navarra,31049,Basaburua,399.0,359.0,464.0,105.0,18,1,2024,-1.7999537992436343,43.027075827500056
31,Navarra,31169,Milagro,399.0,349.0,495.77777777777777,146.77777777777777,72,2,2024,-1.771674274940112,42.23983308500007
31,Navarra,31251,Viana,399.0,308.0,477.0,169.0,96,1,2024,-2.3517555407067774,42.519552594500055
31,Navarra,31159,Lumbier,399.0,349.0,449.0,100.0,39,1,2024,-1.2620878600502605,42.648339351500056
29,Málaga,29902,Villanueva de la Concepción,399.0,278.0,506.0,228.0,14,1,2024,-4.528609169399723,36.93622864800005
46,Valencia/Valéncia,46028,Algar de Palancia,399.0,268.0,613.0,345.0,14,1,2024,-0.36763546296305305,39.78396569500006
06,Badajoz,06158,Zafra,398.9294117647059,335.6823529411765,461.2576470588235,125.57529411764705,850,2,2024,-6.435921937055628,38.434344252000045
46,Valencia/Valéncia,46063,Benimodo,398.83720930232556,330.4418604651163,487.0,156.5581395348837,43,2,2024,-0.5463871173943569,39.20897041400005
18,Granada,18157,Pinos Genil,398.7068965517241,315.8103448275862,468.7241379310345,152.91379310344826,58,2,2024,-3.503760669355346,37.157882131000065
03,Alicante,03009,Alcoy/Alcoi,398.6961699388478,320.76601223044736,470.28001287415515,149.5140006437078,3107,2,2024,-0.5306573995935383,38.67974758300005
45,Toledo,45102,Mocejón,398.6933333333333,300.6533333333333,475.82666666666665,175.17333333333335,150,2,2024,-3.9075411760322396,39.92168449900004
30,Murcia,30018,Ceutí,398.45871559633025,317.3302752293578,461.4678899082569,144.13761467889907,327,2,2024,-1.2821967251575774,38.08839778150005
46,Valencia/Valéncia,46029,Algemesí,398.36469221835074,327.77003484320556,471.8583042973287,144.08826945412312,861,2,2024,-0.43274482895282124,39.21067324900005
45,Toledo,45014,Añover de Tajo,398.3644859813084,297.86915887850466,535.6915887850467,237.82242990654208,107,2,2024,-3.764119789331011,39.985801432000045
25,Lleida,25040,Balaguer,398.31863186318634,324.68046804680466,458.77587758775877,134.0954095409541,1111,2,2024,0.7815832483697825,41.77817068650006
22,Huesca,22213,Sariñena,398.26589595375725,296.1849710982659,450.0,153.81502890173408,173,2,2024,-0.17599288411532218,41.77004575750004
04,Almería,04902,"Ejido, El",398.03549319026,342.9839042509286,487.3338836153529,144.34997936442426,2423,2,2024,-2.8002766723917327,36.75390746700006
03,Alicante,03075,"Castell de Guadalest, el",398.0,288.0,484.0,196.0,14,1,2024,-0.1760679253650842,38.67252264600006
15,"Coruña, A",15003,Aranga,398.0,258.0,424.0,166.0,18,1,2024,-8.012230545392836,43.22185906800007
46,Valencia/Valéncia,46155,Llaurí,397.72,273.52,499.84,226.32,25,2,2024,-0.323880539722292,39.13074699900005
08,Barcelona,08131,Montesquiu,397.4651162790698,275.4186046511628,504.6046511627907,229.18604651162786,86,2,2024,2.2096311509593196,42.11588254700004
12,Castellón/Castelló,12082,Nules,397.2299065420561,313.6672897196262,498.6654205607477,184.9981308411215,535,2,2024,-0.14552560730240172,39.85422364500005
46,Valencia/Valéncia,46058,Benifairó de les Valls,397.2,338.9529411764706,471.15294117647056,132.2,85,2,2024,-0.2786485100055286,39.72510993950007
36,Pontevedra,36026,Marín,397.1752837326608,332.7402269861286,459.10718789407315,126.36696090794453,793,2,2024,-8.71132597622079,42.35930501400006
42,Soria,42020,Almazán,397.0108695652174,323.9402173913044,452.9891304347826,129.04891304347825,184,2,2024,-2.5335423664711474,41.47792807150006
15,"Coruña, A",15036,Ferrol,396.5931034482759,308.49655172413793,498.4758620689655,189.97931034482758,4060,2,2024,-8.261206705159843,43.51373789600004
25,Lleida,25048,Bell-lloc d'Urgell,396.54901960784315,316.37254901960785,467.0980392156863,150.72549019607845,102,2,2024,0.7789208086764927,41.626122274500034
46,Valencia/Valéncia,46123,Favara,396.42857142857144,311.04761904761904,508.85714285714283,197.8095238095238,84,2,2024,-0.29948420957701793,39.11959043850004
15,"Coruña, A",15021,Carral,396.2133333333333,337.952,464.4746666666667,126.52266666666668,375,2,2024,-8.373638590556038,43.20564036150006
08,Barcelona,08049,Casserres,396.2043010752688,275.0430107526882,559.6666666666666,284.62365591397844,93,2,2024,1.839624302560508,42.01169199900005
10,Cáceres,10131,Navalmoral de la Mata,396.07814045499504,320.06132542037585,453.90702274975274,133.8456973293769,1011,2,2024,-5.5513579251121765,39.92682921200006
23,Jaén,23092,Úbeda,396.01157742402313,323.16931982633866,454.1837916063676,131.01447178002894,1382,2,2024,-3.3554035820668693,37.99897115350004
47,Valladolid,47114,Peñafiel,396.0,346.9178082191781,442.1095890410959,95.1917808219178,219,2,2024,-4.101809165529549,41.59638825350004
25,Lleida,25215,Talarn,396.0,300.0,431.0,131.0,14,1,2024,0.9116274089483853,42.16634398050007
28,Madrid,28070,Horcajo de la Sierra-Aoslos,396.0,338.0,550.0,212.0,25,1,2024,-3.5823499144466435,41.08395502050004
45,Toledo,45143,Quismondo,396.0,337.39130434782606,480.1304347826087,142.73913043478262,46,2,2024,-4.317497783083361,40.10197765050003
45,Toledo,45015,Arcicóllar,396.0,361.0,588.0,227.0,12,1,2024,-4.09697540538134,40.06068532400005
03,Alicante,03015,Almoradí,395.9139784946237,328.36021505376345,464.0376344086022,135.67741935483872,744,2,2024,-0.793478978945159,38.097213749000076
21,Huelva,21064,San Juan del Puerto,395.30864197530866,336.4567901234568,480.21604938271605,143.75925925925924,162,2,2024,-6.8512299504307865,37.33334161350004
23,Jaén,23060,Martos,395.09018036072143,340.18036072144287,454.90981963927857,114.7294589178357,499,2,2024,-3.9946071678632,37.67151760100006
30,Murcia,30007,Alguazas,395.0451612903226,300.0,455.98064516129034,155.98064516129034,155,2,2024,-1.2749602435536485,38.057600249000046
32,Ourense,32025,Cenlle,395.0,304.0,512.0,208.0,10,1,2024,-8.093690404203958,42.343019004500064
22,Huesca,22904,"Sotonera, La",395.0,352.0,462.0,110.0,10,1,2024,-0.5440501876949556,42.254770163000046
24,León,24225,Villasabariego,395.0,250.0,458.0,208.0,20,1,2024,-5.3827359866671,42.549232999000054
36,Pontevedra,36027,Meaño,394.9382716049383,338.85185185185185,463.7654320987654,124.91358024691357,81,2,2024,-8.793274432646427,42.45181017050004
33,Asturias,33042,Noreña,394.8753462603878,334.39058171745154,472.0886426592798,137.69806094182826,361,2,2024,-5.708283359782005,43.39785029600006
18,Granada,18099,Huétor de Santillán,394.67391304347825,291.7391304347826,505.3478260869565,213.60869565217388,46,2,2024,-3.445200333827694,37.28703384900007
39,Cantabria,39095,Val de San Vicente,394.5833333333333,310.4166666666667,428.3333333333333,117.91666666666663,120,2,2024,-4.477849272404798,43.36553571300004
33,Asturias,33039,Muros de Nalón,394.53125,330.4166666666667,532.2916666666666,201.87499999999994,96,2,2024,-6.102170207677402,43.548589931000066
33,Asturias,33069,Soto del Barco,394.2173913043478,322.5217391304348,458.60869565217394,136.08695652173913,184,2,2024,-6.052297709057507,43.524647432500046
46,Valencia/Valéncia,46218,Rótova,394.03846153846155,298.84615384615387,513.0,214.15384615384613,26,2,2024,-0.26756729746719393,38.94043972950004
25,Lleida,25223,Torà,393.83116883116884,323.61038961038963,461.5584415584416,137.94805194805195,77,2,2024,1.4427001578608523,41.83866591250006
36,Pontevedra,36050,Salvaterra de Miño,393.6491935483871,340.633064516129,442.875,102.24193548387098,496,2,2024,-8.489117296043055,42.10865724750005
33,Asturias,33018,Coaña,393.4725274725275,338.02197802197804,470.94505494505495,132.9230769230769,91,2,2024,-6.759745160540852,43.51300944150006
45,Toledo,45070,Guadamur,393.2258064516129,335.03225806451616,441.93548387096774,106.90322580645159,31,2,2024,-4.155490348558628,39.80939478500005
30,Murcia,30039,Totana,393.2230273752013,316.0829307568438,453.56682769726245,137.48389694041867,1242,2,2024,-1.5079717767159777,37.77980849900004
03,Alicante,03079,Ibi,393.1022222222222,327.20444444444445,452.37333333333333,125.16888888888889,900,2,2024,-0.5572509957423997,38.62206074900007
30,Murcia,30008,Alhama de Murcia,393.04605263157896,329.2050438596491,450.0,120.7949561403509,912,2,2024,-1.3866300440782013,37.81259274900006
37,Salamanca,37156,Guijuelo,393.0188679245283,327.4339622641509,455.3056603773585,127.87169811320757,265,2,2024,-5.69471898207372,40.580237532500064
25,Lleida,25903,"Guingueta d'Àneu, La",393.0,342.0,420.0,78.0,11,1,2024,1.1596330119306906,42.60961328400006
02,Albacete,02046,Mahora,393.0,310.0,458.0,148.0,26,1,2024,-1.716534568384345,39.20633324900004
49,Zamora,49127,Morales del Vino,392.7631578947368,332.89473684210526,446.05263157894734,113.15789473684208,76,2,2024,-5.720828982160558,41.433483249000034
18,Granada,18175,Santa Fe,392.258064516129,315.59139784946234,460.06451612903226,144.47311827956992,465,2,2024,-3.7373112031817115,37.18204537650007
29,Málaga,29059,Humilladero,392.0,300.0,467.0,167.0,42,1,2024,-4.699936359160073,37.13335495650006
28,Madrid,28020,Berzosa del Lozoya,392.0,293.0,502.0,209.0,15,1,2024,-3.5258722059612575,40.97511967650007
25,Lleida,25122,Linyola,392.0,325.0,450.0,125.0,82,1,2024,0.8915222596515135,41.708773499000074
33,Asturias,33045,Parres,391.96078431372547,291.96078431372547,477.20392156862744,185.24313725490197,255,2,2024,-5.18802195915429,43.36070377950003
44,Teruel,44263,Villastar,391.8709677419355,363.6774193548387,454.51612903225805,90.83870967741933,31,2,2024,-1.1562674659635073,40.25956935600007
41,Sevilla,41011,Arahal,391.85858585858585,330.83838383838383,446.020202020202,115.18181818181819,99,2,2024,-5.593436406452476,37.17358839900004
46,Valencia/Valéncia,46019,"Alcúdia, l'",391.7792207792208,318.6818181818182,463.5194805194805,144.83766233766232,462,2,2024,-0.5138730119903185,39.19637324900006
28,Madrid,28102,Orusco de Tajuña,391.53846153846155,272.2153846153846,497.2923076923077,225.0769230769231,65,2,2024,-3.2069773831094137,40.28412764750004
47,Valladolid,47165,Tordesillas,391.4713216957606,335.5860349127182,434.1197007481297,98.53366583541145,401,2,2024,-5.015002719209962,41.51112426950007
40,Segovia,40063,Cuéllar,391.26153846153846,343.6,445.7076923076923,102.10769230769228,390,2,2024,-4.294113179518172,41.35268650750007
03,Alicante,03140,Villena,391.2304900181488,322.66424682395643,452.4065335753176,129.74228675136118,1102,2,2024,-0.9174594267181138,38.64002469600004
43,Tarragona,43004,Alcanar,391.2298136645963,309.9130434782609,489.80124223602485,179.88819875776397,483,2,2024,0.5305848068788965,40.573331542000034
36,Pontevedra,36049,Salceda de Caselas,391.17427385892114,340.7883817427386,461.298755186722,120.51037344398344,482,2,2024,-8.561630134754093,42.106817249000045
25,Lleida,25021,Almenar,390.99159663865544,303.2773109243698,456.7226890756302,153.44537815126046,119,2,2024,0.5428603774021152,41.77995402250005
08,Barcelona,08166,"Pobla de Lillet, La",390.76271186440675,283.76271186440675,467.79661016949154,184.0338983050848,59,2,2024,1.9767051017511095,42.22695200900006
33,Asturias,33020,Corvera de Asturias,390.58383233532936,308.48802395209583,491.6377245508982,183.14970059880238,668,2,2024,-5.888185468026511,43.517852243500045
31,Navarra,31108,Fustiñana,390.42857142857144,314.0,437.57142857142856,123.57142857142856,28,2,2024,-1.4367507818495329,42.031820444500056
18,Granada,18048,Cijuela,390.40677966101697,328.49152542372883,451.35593220338984,122.86440677966101,118,2,2024,-3.8156671967132176,37.175020044000064
04,Almería,04046,Fondón,390.0,300.0,406.0,106.0,11,1,2024,-2.848118567143729,36.99430734950005
29,Málaga,29090,Tolox,390.0,312.5,499.5,187.0,26,2,2024,-4.947194653964122,36.67636075050004
45,Toledo,45160,Segurilla,390.0,329.0,500.0,171.0,26,1,2024,-4.8648705747024525,40.03093149900005
33,Asturias,33021,Cudillero,389.9375,301.0625,498.25,197.1875,128,2,2024,-6.194952643382205,43.543431069000036
18,Granada,18011,Alfacar,389.9372197309417,325.0,461.2690582959641,136.2690582959641,223,2,2024,-3.560965660503025,37.247551476500064
47,Valladolid,47085,Medina del Campo,389.80757420675536,335.8085977482088,455.15864892528145,119.35005117707266,977,2,2024,-4.916643267783385,41.33326808900006
03,Alicante,03053,Castalla,389.44303797468353,312.1518987341772,454.37974683544303,142.2278481012658,395,2,2024,-0.6839249981284611,38.553251499000055
30,Murcia,30010,Beniel,389.31451612903226,337.31451612903226,434.2741935483871,96.95967741935482,248,2,2024,-0.9938128320903588,38.02962313700007
15,"Coruña, A",15089,Vedra,389.28,282.08,632.8,350.71999999999997,50,2,2024,-8.427796104148161,42.78711995750007
34,Palencia,34901,Osorno la Mayor,389.0,349.0,445.0,96.0,13,1,2024,-4.383554454642579,42.394574369000054
31,Navarra,31908,Lekunberri,389.0,353.0,463.0,110.0,31,1,2024,-1.9089435006308253,43.012864603000054
15,"Coruña, A",15007,"Baña, A",389.0,286.0,408.0,122.0,22,1,2024,-8.752670348373819,42.96148717650004
46,Valencia/Valéncia,46127,"Font d'En Carròs, la",388.8938053097345,306.9026548672566,476.34513274336285,169.44247787610624,113,2,2024,-0.1627624593657513,38.91071005550006
43,Tarragona,43133,Roquetes,388.8101265822785,320.8185654008439,472.32067510548524,151.50210970464133,237,2,2024,0.39174957657672627,40.79153849900007
31,Navarra,31077,Corella,388.7857142857143,295.42857142857144,463.64285714285717,168.21428571428572,294,2,2024,-1.786092711322689,42.11144071000004
46,Valencia/Valéncia,46089,Casinos,388.6448598130841,302.8411214953271,450.0,147.15887850467288,107,2,2024,-0.7420368214760138,39.70140624900006
36,Pontevedra,36054,Tomiño,388.6,325.4594594594595,457.97297297297297,132.5135135135135,370,2,2024,-8.731839373611738,41.99494419450005
18,Granada,18150,Padul,388.42,300.0,477.34,177.33999999999997,200,2,2024,-3.67108187657513,37.01227692400005
46,Valencia/Valéncia,46208,Rafelcofer,388.4,285.2,488.0,202.8,30,2,2024,-0.16877183279553867,38.93683394850004
31,Navarra,31042,Azagra,388.3048780487805,316.6219512195122,420.0365853658537,103.41463414634148,82,2,2024,-1.8739144050742316,42.29503992300005
46,Valencia/Valéncia,46213,Requena,388.1942196531792,308.5907514450867,459.71098265895955,151.12023121387284,865,2,2024,-1.1299622873680377,39.43592464750003
24,León,24061,Cuadros,388.0,285.0,587.0,302.0,24,1,2024,-5.669430192709763,42.72249576350006
14,Córdoba,14065,"Victoria, La",388.0,315.0,451.0,136.0,22,1,2024,-4.854013453839503,37.70278153550004
30,Murcia,30042,Villanueva del Río Segura,387.7674418604651,326.3488372093023,455.83720930232556,129.48837209302326,129,2,2024,-1.3296453796209695,38.09925808750003
02,Albacete,02035,"Gineta, La",387.7014925373134,310.6865671641791,507.53731343283584,196.85074626865674,67,2,2024,-2.009186509128954,39.12412938600005
08,Barcelona,08144,Olvan,387.4146341463415,251.65853658536585,527.8048780487804,276.1463414634146,41,2,2024,1.9016214533156104,42.04635046900006
31,Navarra,31065,Caparroso,387.39506172839504,319.98765432098764,449.0,129.01234567901236,81,2,2024,-1.667616343111634,42.32568025300006
18,Granada,18066,Deifontes,387.0,249.0,489.0,240.0,17,1,2024,-3.595734366202737,37.35290084600004
29,Málaga,29032,Campillos,386.73873873873873,324.6216216216216,453.3333333333333,128.7117117117117,111,2,2024,-4.851657310773688,37.02199549750006
25,Lleida,25240,Vallfogona de Balaguer,386.188679245283,333.24528301886795,478.3018867924528,145.05660377358487,53,2,2024,0.8219314554446385,41.748844096000056
31,Navarra,31027,Arbizu,386.0,341.0,633.0,292.0,16,1,2024,-2.0496204844325336,42.93470395450004
46,Valencia/Valéncia,46197,Polinyà de Xúquer,385.9375,287.828125,438.5,150.671875,64,2,2024,-0.36495726884082536,39.189818317500055
30,Murcia,30025,Lorquí,385.7806451612903,310.7032258064516,484.65806451612906,173.95483870967746,155,2,2024,-1.2496290281292595,38.100286442000055
31,Navarra,31215,San Adrián,385.7647058823529,222.02941176470588,468.29411764705884,246.26470588235296,170,2,2024,-1.9228778228565488,42.345566637000076
45,Toledo,45196,Villaseca de la Sagra,385.609756097561,327.1463414634146,503.8658536585366,176.71951219512198,82,2,2024,-3.863401745004378,39.963433267000056
30,Murcia,30901,Santomera,385.6043956043956,335.6043956043956,467.8021978021978,132.19780219780216,455,2,2024,-1.058073008115512,38.082329029500045
19,Guadalajara,19245,Sacedón,385.5844155844156,296.5584415584416,461.84415584415586,165.28571428571428,77,2,2024,-2.7143436073565974,40.46818993200006
50,Zaragoza,50115,Fuentes de Ebro,385.5527638190955,315.3115577889447,492.2110552763819,176.8994974874372,199,2,2024,-0.6215218643789511,41.47355824500005
03,Alicante,03059,Crevillent,385.4516640253566,296.3946117274168,464.4215530903328,168.02694136291598,631,2,2024,-0.815612257418858,38.22991332650005
25,Lleida,25155,Organyà,385.0,300.0,492.0,192.0,40,1,2024,1.3180237572615967,42.21388391800005
46,Valencia/Valéncia,46002,Ador,384.8484848484849,301.09090909090907,628.3939393939394,327.3030303030303,33,2,2024,-0.21881498677800026,38.91665644300005
03,Alicante,03123,Sax,384.3469387755102,325.40816326530614,428.88775510204084,103.4795918367347,196,2,2024,-0.8075834537301922,38.553251499000055
43,Tarragona,43093,Móra d'Ebre,384.0506329113924,314.3544303797468,457.0759493670886,142.72151898734177,237,2,2024,0.5903172771080842,41.10472228450004
12,Castellón/Castelló,12049,Costur,384.0,312.0,417.0,105.0,10,1,2024,-0.1647460997604924,40.11421844350005
45,Toledo,45061,Escalona,383.9622641509434,301.10377358490564,513.9716981132076,212.86792452830196,106,2,2024,-4.394267337236705,40.15405639600007
42,Soria,42043,Burgo de Osma-Ciudad de Osma,383.82608695652175,335.04347826086956,457.60869565217394,122.56521739130437,207,2,2024,-3.0520039266937493,41.587355172500054
15,"Coruña, A",15066,"Pino, O",383.7821782178218,285.84158415841586,456.6039603960396,170.76237623762376,101,2,2024,-8.350877211424795,42.94426128600006
38,Santa Cruz de Tenerife,38033,San Andrés y Sauces,383.63358778625957,306.6412213740458,464.10687022900765,157.46564885496184,131,2,2024,-17.79576833113002,28.776859550500035
23,Jaén,23055,Linares,383.53846153846155,320.3931623931624,458.33504273504275,137.94188034188033,1755,2,2024,-3.640682205614123,38.085242624000074
49,Zamora,49166,Puebla de Sanabria,383.5348837209302,320.5813953488372,448.6279069767442,128.04651162790702,86,2,2024,-6.601828688923479,42.02168557550007
45,Toledo,45069,Gerindote,383.27927927927925,315.5765765765766,473.4234234234234,157.8468468468468,111,2,2024,-4.255595443808381,39.94273171450004
41,Sevilla,41053,Lebrija,383.2388663967611,330.4736842105263,436.417004048583,105.94331983805671,247,2,2024,-6.083565550999357,36.961257499000055
49,Zamora,49261,Villaralbo,383.06451612903226,354.5806451612903,455.0967741935484,100.5161290322581,31,2,2024,-5.666870076129793,41.495447492500034
25,Lleida,25234,Tremp,382.8063872255489,300.0,452.3512974051896,152.3512974051896,501,2,2024,0.8057509764662594,42.228399575000026
49,Zamora,49122,Monfarracinos,382.62068965517244,331.0344827586207,435.17241379310343,104.13793103448273,29,2,2024,-5.698363233261256,41.56548225950007
40,Segovia,40134,Mozoncillo,382.60869565217394,294.5652173913044,424.8695652173913,130.30434782608694,23,2,2024,-4.1870272054464115,41.14475665350005
29,Málaga,29040,Casarabonela,382.5,287.0,540.0,253.0,28,2,2024,-4.825442018577789,36.78880751400004
25,Lleida,25207,Solsona,382.48908296943233,307.3973799126638,466.8122270742358,159.41484716157203,687,2,2024,1.5222542564716333,41.992625616000055
47,Valladolid,47086,Medina de Rioseco,382.18978102189783,338.9051094890511,431.18978102189783,92.28467153284674,137,2,2024,-5.059092978483312,41.87386526350005
26,"Rioja, La",26002,Agoncillo,382.0,313.3636363636364,461.45454545454544,148.09090909090907,55,2,2024,-2.304125183502354,42.441786021500036
43,Tarragona,43902,Sant Jaume d'Enveja,381.94405594405595,314.57342657342656,463.5104895104895,148.93706293706293,143,2,2024,0.7316130932717605,40.69660655650006
45,Toledo,45115,Noblejas,381.7647058823529,308.25882352941176,477.50588235294117,169.24705882352941,85,2,2024,-3.4419138459346748,39.98796318250007
15,"Coruña, A",15048,Miño,381.75,307.76785714285717,455.73214285714283,147.96428571428567,560,2,2024,-8.184264360771525,43.35711596400006
46,Valencia/Valéncia,46011,Alberic,381.6280701754386,316.70175438596493,464.6771929824561,147.9754385964912,285,2,2024,-0.5405061750158051,39.11668052200005
18,Granada,18059,Chauchina,381.1111111111111,312.02222222222224,490.7111111111111,178.68888888888887,90,2,2024,-3.789756173894797,37.170827292500064
26,"Rioja, La",26064,Fuenmayor,381.0,332.0,450.0,118.0,126,1,2024,-2.5789903461617207,42.47052141700004
43,Tarragona,43150,Tivissa,381.0,350.0,518.0,168.0,11,1,2024,0.7202215539568416,41.020158101500044
30,Murcia,30009,Archena,380.884476534296,298.70758122743683,449.8176895306859,151.1101083032491,554,2,2024,-1.2930770006593675,38.11166377600006
45,Toledo,45040,"Casar de Escalona, El",380.63829787234044,289.27659574468083,552.7234042553191,263.4468085106383,47,2,2024,-4.530148877435726,40.05410748300005
08,Barcelona,08092,Gironella,380.54635761589407,294.3377483443709,490.1788079470199,195.841059602649,302,2,2024,1.8822934930067565,42.02332194250005
25,Lleida,25072,Cervera,380.5379746835443,317.0253164556962,454.96835443037975,137.94303797468353,632,2,2024,1.2772762254136776,41.67959209450004
38,Santa Cruz de Tenerife,38901,"Pinar de El Hierro, El",380.1764705882353,326.7647058823529,449.70588235294116,122.94117647058823,51,2,2024,-18.000870583059708,27.68243042700007
12,Castellón/Castelló,12107,Sot de Ferrer,380.0,300.0,412.0,112.0,15,1,2024,-0.3983924365959367,39.79516309550007
18,Granada,18143,Nigüelas,380.0,295.0,486.0,191.0,12,1,2024,-3.5060688210736,36.985174747500054
32,Ourense,32081,Toén,380.0,300.0,418.0,118.0,21,1,2024,-7.96279974290746,42.29733545800005
25,Lleida,25173,"Pont de Suert, El",380.0,320.0,450.0,130.0,183,1,2024,0.7847571218981122,42.388295526000064
03,Alicante,03124,Sella,380.0,312.0,488.0,176.0,12,1,2024,-0.27554109202285093,38.61066921500006
25,Lleida,25070,Castellserà,380.0,350.0,479.0,129.0,11,1,2024,0.9944252478778979,41.752099696000045
31,Navarra,31029,"Arcos, Los",380.0,332.0,449.0,117.0,15,1,2024,-2.1869251177796176,42.54707268700005
36,Pontevedra,36061,Vilanova de Arousa,379.88957055214723,306.3803680981595,481.90184049079755,175.52147239263803,163,2,2024,-8.799864640601552,42.55334765750007
21,Huelva,21013,Bollullos Par del Condado,379.8780487804878,329.4756097560976,451.7926829268293,122.3170731707317,164,2,2024,-6.528431137496972,37.32400416100003
12,Castellón/Castelló,12027,Benicarló,379.79776247848537,300.0,459.59552495697073,159.59552495697073,2324,2,2024,0.4082568592870242,40.44651102550006
16,Cuenca,16263,Villar de Olalla,379.6078431372549,304.05882352941177,427.6862745098039,123.62745098039215,51,2,2024,-2.3087898107045954,40.00602804300007
25,Lleida,25008,Albesa,379.375,297.6875,546.8125,249.125,32,2,2024,0.6735086177694316,41.75650418750007
04,Almería,04102,Vícar,379.3568075117371,300.8392018779343,456.36150234741785,155.52230046948358,852,2,2024,-2.64531379362446,36.798034015500065
24,León,24105,Onzonilla,378.93617021276594,316.0851063829787,459.0425531914894,142.95744680851067,47,2,2024,-5.568868005211998,42.52275492800004
36,Pontevedra,36042,Ponteareas,378.87958115183244,330.4188481675393,439.65968586387436,109.24083769633506,1146,2,2024,-8.503772928522707,42.186888678500054
45,Toledo,45197,Villasequilla,378.83720930232556,300.0,393.5348837209302,93.53488372093022,43,2,2024,-3.701379794477299,39.86056884350006
45,Toledo,45066,Fuensalida,378.8258785942492,313.1645367412141,453.2140575079872,140.04952076677313,626,2,2024,-4.183268349951485,40.074130159500044
21,Huelva,21070,Trigueros,378.80434782608694,328.80434782608694,456.8804347826087,128.07608695652175,92,2,2024,-6.839558359645448,37.41316145050004
39,Cantabria,39022,Cillorigo de Liébana,378.05194805194805,307.94805194805195,457.5064935064935,149.55844155844153,77,2,2024,-4.610730454817952,43.20616426400005
41,Sevilla,41065,Morón de la Frontera,378.04977375565613,309.8755656108597,433.88235294117646,124.00678733031674,442,2,2024,-5.439517245597116,37.11110594650006
36,Pontevedra,36902,Cerdedo-Cotobade,378.0,300.0,500.0,200.0,71,1,2024,-8.458732443237265,42.506750437500045
15,"Coruña, A",15086,Trazo,378.0,250.0,490.0,240.0,19,1,2024,-8.529501557112729,43.01057134800007
29,Málaga,29044,Comares,378.0,194.0,597.0,403.0,18,1,2024,-4.253340228027486,36.85813724900004
31,Navarra,31072,Cintruénigo,377.92436974789916,308.03361344537814,463.0924369747899,155.05882352941177,238,2,2024,-1.7949563537940203,42.06447015300006
03,Alicante,03111,Redován,377.8156028368794,290.2695035460993,422.8510638297872,132.5815602836879,141,2,2024,-0.9106736596879597,38.11746591950006
15,"Coruña, A",15054,Narón,377.73478055686644,294.26616328456817,455.39782916470034,161.13166588013218,2119,2,2024,-8.156162922621606,43.53281174050005
45,Toledo,45163,Sonseca,377.67336683417085,301.40201005025125,464.9145728643216,163.51256281407035,199,2,2024,-3.9977312241128806,39.643428100500046
14,Córdoba,14038,Lucena,377.65089722675367,302.6818923327896,428.4828711256117,125.80097879282215,1226,2,2024,-4.532613802447587,37.35576506550004
10,Cáceres,10116,Malpartida de Plasencia,377.61538461538464,310.7692307692308,470.0,159.23076923076923,104,2,2024,-6.039599632846776,39.94964296300006
04,Almería,04032,Carboneras,377.54672897196264,300.0,477.5700934579439,177.57009345794393,214,2,2024,-1.9468799226912465,36.99280492550005
04,Almería,04066,Níjar,377.4529058116232,300.0,501.63326653306615,201.63326653306615,499,2,2024,-2.105078430849481,36.86681617350004
43,Tarragona,43903,Camarles,377.28,297.6,506.72,209.12,125,2,2024,0.6537926705105771,40.78031308600006
25,Lleida,25003,Agramunt,377.2587412587413,306.75524475524475,425.4125874125874,118.65734265734267,286,2,2024,1.083527750784378,41.78600699900005
25,Lleida,25165,Peramola,377.0,300.0,407.0,107.0,12,1,2024,1.2500204669559047,42.084647610000076
43,Tarragona,43014,Amposta,377.0,317.8,443.6,125.80000000000001,1100,2,2024,0.6168659873570248,40.68779216650006
45,Toledo,45202,Yepes,376.9325842696629,300.0,461.2584269662921,161.25842696629212,178,2,2024,-3.6766702398208375,39.91782289500006
26,"Rioja, La",26117,Pradejón,376.47058823529414,321.29411764705884,442.94117647058823,121.64705882352939,136,2,2024,-2.025656356469694,42.315835056000054
43,Tarragona,43901,Deltebre,376.47058823529414,308.83193277310926,455.3613445378151,146.52941176470586,476,2,2024,0.7377007897236073,40.74294179750004
45,Toledo,45901,Santo Domingo-Caudilla,376.25,293.325,486.375,193.05,40,2,2024,-4.323709451773329,40.01239831750004
18,Granada,18089,Guadix,376.24622030237583,312.6868250539957,451.65658747300216,138.96976241900649,463,2,2024,-3.0695089340159685,37.374814234500064
45,Toledo,45106,Mora,376.1798561151079,298.0863309352518,462.57553956834533,164.48920863309354,278,2,2024,-3.7562437812477754,39.68710329600006
15,"Coruña, A",15004,Ares,376.1711711711712,318.8198198198198,458.14414414414415,139.32432432432432,333,2,2024,-8.265214618882371,43.43836643300003
19,Guadalajara,19212,Pastrana,376.0416666666667,304.4791666666667,383.7083333333333,79.22916666666663,48,2,2024,-2.9120028361652213,40.403892835500045
04,Almería,04016,Antas,375.5,275.0,475.0,200.0,68,2,2024,-1.9446632431728579,37.24438882250004
46,Valencia/Valéncia,46093,Catadau,375.4736842105263,318.55263157894734,447.89473684210526,129.34210526315792,76,2,2024,-0.6117224668595133,39.25535374900005
08,Barcelona,08031,Calaf,375.2654867256637,294.7345132743363,478.01769911504425,183.28318584070797,226,2,2024,1.5126689006295062,41.722685603500054
25,Lleida,25119,Juneda,375.09638554216866,296.9879518072289,473.0,176.0120481927711,83,2,2024,0.8254435468816502,41.50679468700005
09,Burgos,09438,Villalba de Duero,375.0,275.0,400.0,125.0,13,1,2024,-3.7582455324866855,41.686771213500066
45,Toledo,45204,Yunclillos,375.0,353.3333333333333,564.25,210.91666666666669,24,2,2024,-4.0015743220930995,40.014639399500055
18,Granada,18024,Beas de Granada,375.0,300.0,519.0,219.0,12,1,2024,-3.460784978661092,37.23701544100007
03,Alicante,03037,Benimantell,375.0,338.0,432.0,94.0,21,1,2024,-0.20210050454969763,38.65073848050005
34,Palencia,34158,Salinas de Pisuerga,375.0,337.0,500.0,163.0,11,1,2024,-4.380922559056091,42.85727944100006
22,Huesca,22150,Loporzano,375.0,262.0,476.0,214.0,12,1,2024,-0.2805854788912732,42.20967137350007
22,Huesca,22200,Sahún,375.0,354.0,450.0,96.0,20,1,2024,0.4475910955808478,42.603957761500055
46,Valencia/Valéncia,46198,Potríes,375.0,339.0,498.0,159.0,21,1,2024,-0.19161062594601577,38.91476015300006
46,Valencia/Valéncia,46030,Algimia de Alfara,375.0,325.0,450.0,125.0,19,1,2024,-0.3798474954035286,39.74773433150003
21,Huelva,21054,"Palma del Condado, La",374.7916666666667,306.2291666666667,440.2083333333333,133.97916666666663,144,2,2024,-6.557605355264764,37.40653767550006
36,Pontevedra,36043,Ponte Caldelas,374.5357142857143,290.17857142857144,441.60714285714283,151.4285714285714,140,2,2024,-8.518829556431694,42.386211636500036
35,"Palmas, Las",35020,"Aldea de San Nicolás, La",374.2056074766355,300.0,450.5607476635514,150.5607476635514,107,2,2024,-15.782226553515097,27.942418071500043
14,Córdoba,14018,"Carpio, El",374.078431372549,289.5686274509804,459.5882352941176,170.01960784313724,51,2,2024,-4.491340606247443,37.93928894950005
25,Lleida,25133,Maials,374.0,300.0,450.0,150.0,16,1,2024,0.5064815885660314,41.33819624900005
18,Granada,18126,"Malahá, La",374.0,252.52631578947367,464.8421052631579,212.31578947368425,38,2,2024,-3.7290446913946207,37.10065491550006
43,Tarragona,43021,Barberà de la Conca,374.0,306.0,514.0,208.0,16,1,2024,1.238364312027558,41.41188449900005
41,Sevilla,41032,Cazalla de la Sierra,373.9130434782609,295.8695652173913,474.0869565217391,178.2173913043478,46,2,2024,-5.826090946156529,37.92978878450003
26,"Rioja, La",26011,Alfaro,373.8421052631579,289.39473684210526,451.0,161.60526315789474,342,2,2024,-1.9012590083024248,42.14579679950006
45,Toledo,45158,Santa Olalla,373.03370786516854,304.85393258426967,446.0674157303371,141.2134831460674,89,2,2024,-4.444086347044751,40.01229975500007
02,Albacete,02012,Balazote,372.94117647058823,314.20588235294116,627.9411764705883,313.73529411764713,34,2,2024,-2.1346082868511855,38.89224624900007
21,Huelva,21053,Niebla,372.2,312.0,497.6,185.60000000000002,25,2,2024,-6.706737563096079,37.41182085050005
26,"Rioja, La",26046,Cenicero,372.0,326.0,400.0,74.0,63,1,2024,-2.6568731442417364,42.47311693800006
08,Barcelona,08047,Cardona,371.61306532663315,268.54773869346735,472.25125628140705,203.7035175879397,199,2,2024,1.6692101237101453,41.910827579000056
50,Zaragoza,50038,Ateca,371.6041666666667,287.3333333333333,452.875,165.54166666666669,48,2,2024,-1.8034195014772814,41.33468034550006
27,Lugo,27051,Ribadeo,371.511013215859,294.79295154185024,450.6035242290749,155.81057268722464,681,2,2024,-7.125461116619608,43.50948091300003
46,Valencia/Valéncia,46238,Tavernes de la Valldigna,371.2838589981447,296.77179962894246,450.0,153.22820037105754,539,2,2024,-0.2471856755784044,39.07035431300005
32,Ourense,32001,Allariz,371.19941348973606,316.68035190615836,443.91788856304987,127.2375366568915,341,2,2024,-7.806065720770349,42.19402412300005
40,Segovia,40138,Nava de la Asunción,371.171875,312.6015625,412.21875,99.6171875,128,2,2024,-4.47515753641538,41.147479568500046
04,Almería,04053,Huércal-Overa,371.0315186246418,304.12607449856733,433.3323782234957,129.20630372492838,698,2,2024,-1.9182523114448378,37.411133210500054
19,Guadalajara,19151,Humanes,370.45454545454544,288.8636363636364,424.54545454545456,135.6818181818182,66,2,2024,-3.1563484250033724,40.84551217900005
46,Valencia/Valéncia,46261,Yátova,370.45454545454544,300.0,432.72727272727275,132.72727272727275,44,2,2024,-0.8994604215753883,39.35980999900005
04,Almería,04003,Adra,370.2315436241611,293.4563758389262,434.3456375838926,140.8892617449664,298,2,2024,-3.06180442357065,36.78196094100005
44,Teruel,44013,Alcañiz,370.110383536015,304.79887745556596,431.7661365762395,126.96725912067353,1069,2,2024,-0.15949900564347536,41.077165388000054
02,Albacete,02007,Alcalá del Júcar,370.0,328.0,429.0,101.0,20,1,2024,-1.4071497112145845,39.19197554750005
15,"Coruña, A",15024,Cerceda,370.0,308.0,462.5,154.5,152,2,2024,-8.502840417423776,43.16271031000005
03,Alicante,03017,"Alqueria d'Asnar, l'",370.0,262.0,508.0,246.0,13,1,2024,-0.4227108167492575,38.770452028500074
18,Granada,18039,Caniles,370.0,330.0,381.0,51.0,11,1,2024,-2.6872176724147585,37.40426922550006
15,"Coruña, A",15012,Boqueixón,370.0,305.69620253164555,574.0759493670886,268.37974683544303,79,2,2024,-8.444524385748851,42.830977000000075
43,Tarragona,43049,Cornudella de Montsant,370.0,300.0,432.0,132.0,23,1,2024,0.9261019308730529,41.26943639800004
15,"Coruña, A",15060,Oroso,369.9343629343629,313.003861003861,440.6795366795367,127.67567567567568,518,2,2024,-8.378574246007451,43.000202440000066
30,Murcia,30033,Puerto Lumbreras,369.46869070208726,314.2561669829222,414.2770398481973,100.02087286527512,527,2,2024,-1.83797211760531,37.53310166850005
36,Pontevedra,36010,Catoira,369.38775510204084,291.0204081632653,478.55102040816325,187.53061224489795,49,2,2024,-8.70401669482034,42.65702036800005
44,Teruel,44045,Bronchales,369.3666666666667,338.8666666666667,500.0,161.13333333333333,30,2,2024,-1.5643055835674455,40.538395611000055
33,Asturias,33057,Ribera de Arriba,369.2307692307692,255.3846153846154,449.2307692307692,193.84615384615384,39,2,2024,-5.911151589282833,43.30356463200005
15,"Coruña, A",15069,Pontedeume,369.22857142857146,306.8,445.57142857142856,138.77142857142854,315,2,2024,-8.160170732142362,43.40126394750004
06,Badajoz,06128,Talavera la Real,369.0618556701031,334.10309278350513,456.96907216494844,122.86597938144331,97,2,2024,-6.752200595835291,38.86491473500007
41,Sevilla,41071,Paradas,369.0,250.0,400.0,150.0,14,1,2024,-5.505188591658515,37.29215700550006
26,"Rioja, La",26138,Santo Domingo de la Calzada,369.0,300.0,416.0,116.0,254,1,2024,-2.9540945670221195,42.43535024800005
30,Murcia,30023,Librilla,368.978102189781,315.1824817518248,460.6569343065693,145.47445255474452,137,2,2024,-1.344975936937226,37.90285296350004
13,Ciudad Real,13056,Miguelturra,368.6764705882353,310.98615916955015,428.9498269896194,117.96366782006925,578,2,2024,-3.960037194462666,39.083804032000046
03,Alicante,03044,Bigastro,368.609375,289.453125,445.984375,156.53125,128,2,2024,-0.8973763705130079,38.05704290050005
18,Granada,18184,Vélez de Benaudalla,368.3050847457627,298.1694915254237,454.5762711864407,156.40677966101697,59,2,2024,-3.4919781021670713,36.832174500000036
46,Valencia/Valéncia,46203,"Pobla Llarga, la",368.2260869565217,289.6608695652174,446.7304347826087,157.0695652173913,115,2,2024,-0.46635296209659677,39.08033378750005
26,"Rioja, La",26006,Alberite,368.22147651006713,299.06040268456377,461.46308724832215,162.40268456375838,149,2,2024,-2.409016394429713,42.40636477000007
30,Murcia,30026,Mazarrón,368.12633451957294,305.13434163701066,443.5017793594306,138.36743772241994,1124,2,2024,-1.3361399936896956,37.62063278250005
50,Zaragoza,50181,Muel,368.10526315789474,294.8421052631579,529.078947368421,234.23684210526312,76,2,2024,-1.1156935568159974,41.47491270850006
22,Huesca,22110,Fonz,368.0,234.0,622.0,388.0,16,1,2024,0.23906808255883238,42.00436603350005
46,Valencia/Valéncia,46024,Alfara de la Baronia,368.0,283.0,462.0,179.0,10,1,2024,-0.3382232112211554,39.774683476000064
03,Alicante,03080,Jacarilla,367.96875,294.34375,419.84375,125.5,64,2,2024,-0.8479145687795588,38.04799728200004
14,Córdoba,14017,"Carlota, La",367.94520547945206,314.95433789954336,446.0,131.04566210045664,219,2,2024,-4.925098833762318,37.66957802400003
40,Segovia,40041,Cantimpalos,367.6923076923077,270.71794871794873,460.79487179487177,190.07692307692304,39,2,2024,-4.170066903488683,41.07666672700003
06,Badajoz,06044,Don Benito,367.38069498069495,314.92509652509654,421.47335907335906,106.54826254826253,1295,2,2024,-5.860996963368619,38.90980977450005
25,Lleida,25220,Térmens,367.0,332.5,404.5,72.0,36,2,2024,0.7914005721327588,41.71847774900007
18,Granada,18093,Gualchos,366.8527918781726,320.0862944162437,420.6294416243655,100.54314720812181,197,2,2024,-3.389147664124155,36.73768668550005
34,Palencia,34023,Venta de Baños,366.7111111111111,288.25925925925924,429.2148148148148,140.95555555555558,270,2,2024,-4.463993903682853,41.934873720500036
14,Córdoba,14036,Hornachuelos,366.3448275862069,308.3448275862069,438.0,129.65517241379308,29,2,2024,-5.265085212127327,37.93030697450007
10,Cáceres,10195,Trujillo,366.1146953405018,297.6200716845878,416.3620071684588,118.74193548387098,279,2,2024,-5.8588995077286175,39.51717993850008
36,Pontevedra,36046,Ribadumia,365.8914728682171,289.984496124031,422.48062015503876,132.49612403100775,129,2,2024,-8.753521684374219,42.51691415500005
05,Ávila,05002,"Adrada, La",365.8333333333333,296.0833333333333,465.8333333333333,169.75,180,2,2024,-4.638570930647829,40.30929926100006
46,Valencia/Valéncia,46191,Pedralba,365.80645161290323,276.51612903225805,505.51612903225805,229.0,93,2,2024,-0.7228427092305947,39.60091749600005
46,Valencia/Valéncia,46132,Genovés,365.69767441860466,298.13953488372096,516.2093023255813,218.0697674418604,43,2,2024,-0.4598247966438713,38.98844276300005
25,Lleida,25096,"Fuliola, La",365.65384615384613,335.96153846153845,420.38461538461536,84.4230769230769,26,2,2024,1.0042216105535289,41.71532170900005
14,Córdoba,14056,Puente Genil,365.644,300.0,434.56,134.56,500,2,2024,-4.764654225221717,37.405348180500056
40,Segovia,40208,Turégano,365.34375,334.375,468.8125,134.4375,32,2,2024,-4.005732110447895,41.144334118000046
31,Navarra,31032,Arguedas,365.30434782608694,299.0,434.8695652173913,135.8695652173913,46,2,2024,-1.568334338213088,42.195600498500056
03,Alicante,03116,Salinas,365.0,322.0,516.0,194.0,14,1,2024,-0.9149940015049679,38.510522078000065
23,Jaén,23002,Alcalá la Real,365.0,300.10516252390056,411.26386233269596,111.1586998087954,523,2,2024,-3.93512817256769,37.46282878300005
45,Toledo,45147,Rielves,365.0,300.0,499.0,199.0,17,1,2024,-4.188079766671066,39.94370654550005
19,Guadalajara,19161,Lupiana,365.0,243.0,444.0,201.0,12,1,2024,-3.041591026985309,40.60784537200004
24,León,24201,Vegas del Condado,365.0,246.0,450.0,204.0,10,1,2024,-5.390511805528521,42.664896399500066
29,Málaga,29020,Arriate,364.8,283.27272727272725,478.6909090909091,195.41818181818184,55,2,2024,-5.134670620529224,36.79697498900006
40,Segovia,40057,Coca,364.5833333333333,326.0416666666667,432.125,106.08333333333331,48,2,2024,-4.5409386007437185,41.216967141000055
04,Almería,04093,Turre,364.4295302013423,300.0,432.4161073825503,132.4161073825503,149,2,2024,-1.9445532136572579,37.10927406800005
47,Valladolid,47122,Portillo,364.3939393939394,285.6060606060606,428.7878787878788,143.1818181818182,66,2,2024,-4.575774006098076,41.47644587650004
30,Murcia,30015,Caravaca de la Cruz,364.21035058430715,293.06510851419034,427.79632721202006,134.73121869782972,599,2,2024,-2.0442132382832705,38.00629400500006
17,Girona,17192,Setcases,364.0,319.0,479.0,160.0,14,1,2024,2.294470727587646,42.40224901250005
28,Madrid,28088,Montejo de la Sierra,363.95652173913044,330.82608695652175,437.5652173913044,106.73913043478262,23,2,2024,-3.5076457993073635,41.10260652350004
39,Cantabria,39027,Campoo de Enmedio,363.8095238095238,321.23809523809524,449.3015873015873,128.06349206349205,63,2,2024,-4.106842561704779,43.004102055500056
13,Ciudad Real,13087,Valdepeñas,363.5420439844761,313.7031047865459,426.1824062095731,112.47930142302721,1546,2,2024,-3.427479658955071,38.80818074900003
15,"Coruña, A",15087,Valdoviño,363.42857142857144,259.18367346938777,486.0204081632653,226.83673469387753,147,2,2024,-8.114489754198775,43.60935802900005
03,Alicante,03064,Dolores,363.28125,293.875,460.9375,167.0625,128,2,2024,-0.7515282281148856,38.13783400550005
31,Navarra,31249,Valtierra,363.1025641025641,291.1025641025641,416.56410256410254,125.46153846153845,39,2,2024,-1.6416279751563714,42.20378943850005
08,Barcelona,08299,Vilada,363.0,263.0,544.0,281.0,36,2,2024,1.930161700690557,42.140504506500065
46,Valencia/Valéncia,46008,Albalat de la Ribera,362.4657534246575,287.5342465753425,426.3150684931507,138.78082191780823,73,2,2024,-0.374578545283658,39.221902999000065
23,Jaén,23086,Torre del Campo,362.41078838174275,293.52697095435684,436.51452282157675,142.9875518672199,241,2,2024,-3.904659769991186,37.833679423000035
46,Valencia/Valéncia,46098,Corbera,362.18840579710144,286.95652173913044,418.1159420289855,131.15942028985506,69,2,2024,-0.35770048625353634,39.151726577000034
26,"Rioja, La",26099,Murillo de Río Leza,362.05454545454546,274.4727272727273,485.45454545454544,210.98181818181814,55,2,2024,-2.308875886579677,42.40496249900005
29,Málaga,29056,Gaucín,362.0,307.0,525.0,218.0,18,1,2024,-5.3481524560225715,36.49097947100006
25,Lleida,25227,"Torre de Cabdella, La",362.0,322.0,478.0,156.0,22,1,2024,0.9740840158173039,42.439449745000076
03,Alicante,03083,Jijona/Xixona,361.7,285.975,477.675,191.7,160,2,2024,-0.47488383852548577,38.560855503000056
08,Barcelona,08268,Cercs,361.5774647887324,290.14084507042253,447.1830985915493,157.04225352112678,71,2,2024,1.8295034606772922,42.14087147400005
47,Valladolid,47075,Íscar,361.5579399141631,300.0,423.9227467811159,123.9227467811159,233,2,2024,-4.529596152904892,41.34413374750005
09,Burgos,09194,Lerma,361.43307086614175,301.4173228346457,419.70866141732284,118.29133858267716,127,2,2024,-3.703893081446192,41.98656326200006
26,"Rioja, La",26008,Aldeanueva de Ebro,361.42857142857144,274.44444444444446,406.031746031746,131.58730158730157,63,2,2024,-1.9082145425718826,42.222243466000066
04,Almería,04006,Albox,361.3888888888889,289.8888888888889,424.3222222222222,134.43333333333328,360,2,2024,-2.1381370062775007,37.44700324900003
26,"Rioja, La",26059,Entrena,361.3076923076923,309.61538461538464,438.7692307692308,129.15384615384613,52,2,2024,-2.5155048594731517,42.39303288850007
22,Huesca,22225,Tamarite de Litera,361.0945945945946,307.43243243243245,424.6081081081081,117.17567567567568,148,2,2024,0.3578027751079824,41.79966612800004
46,Valencia/Valéncia,46040,Antella,361.0,248.0,410.0,162.0,16,1,2024,-0.6021823575739109,39.092696418500054
45,Toledo,45133,Polán,360.6730769230769,304.03846153846155,457.9230769230769,153.88461538461536,104,2,2024,-4.260133808884749,39.79976871750006
36,Pontevedra,36048,"Rosal, O",360.6666666666667,286.56666666666666,430.2888888888889,143.72222222222223,180,2,2024,-8.82549723458554,41.93590875500004
24,León,24010,"Bañeza, La",360.59016393442624,300.21311475409834,429.9836065573771,129.77049180327873,488,2,2024,-5.904449859645181,42.29114731450005
25,Lleida,25230,Torregrossa,360.5,266.9166666666667,441.0833333333333,174.16666666666663,36,2,2024,0.827274496014311,41.58225552650006
05,Ávila,05240,Sotillo de la Adrada,360.46801346801345,279.4983164983165,421.1178451178451,141.61952861952858,297,2,2024,-4.587413960448585,40.30207971200005
25,Lleida,25134,Menàrguens,360.35714285714283,310.14285714285717,420.57142857142856,110.42857142857139,28,2,2024,0.7266121728858841,41.74506662200005
22,Huesca,22117,Graus,360.2926829268293,301.0731707317073,436.6829268292683,135.609756097561,205,2,2024,0.3379898359059587,42.203755106000045
33,Asturias,33011,Cangas del Narcea,360.03846153846155,293.36538461538464,448.1923076923077,154.82692307692304,416,2,2024,-6.56904918620034,43.11513514600006
08,Barcelona,08228,Sant Martí Sesgueioles,360.0,288.0,586.0,298.0,10,1,2024,1.5018073173780249,41.701806665500044
39,Cantabria,39029,Escalante,360.0,300.0,470.0,170.0,11,1,2024,-3.5087534368151183,43.440870749000055
16,Cuenca,16149,Palomera,360.0,246.0,485.0,239.0,13,1,2024,-2.0270447947759633,40.06999828800005
08,Barcelona,08168,Pontons,360.0,300.0,633.0,333.0,17,1,2024,1.5122671616250225,41.40842076250007
15,"Coruña, A",15034,Dumbría,360.0,341.0,472.0,131.0,16,1,2024,-9.083606399344749,42.98150468400004
25,Lleida,25210,Soses,360.0,295.0,459.0,164.0,10,1,2024,0.47344061025199424,41.539954280000046
50,Zaragoza,50045,Belchite,360.0,300.0,448.0,148.0,37,1,2024,-0.7805832536823138,41.328536555000056
50,Zaragoza,50059,Bujaraloz,360.0,300.0,500.0,200.0,15,1,2024,-0.14799694061857324,41.45041074900004
40,Segovia,40123,Matabuena,360.0,310.0,565.0,255.0,13,1,2024,-3.747139884662394,41.08610149900005
23,Jaén,23058,Mancha Real,359.9504950495049,306.5742574257426,388.18811881188117,81.61386138613858,202,2,2024,-3.6046746870043496,37.86030403750007
41,Sevilla,41092,Tocina,359.75,313.3125,436.0,122.6875,144,2,2024,-5.733425408401381,37.61109286300004
13,Ciudad Real,13064,Poblete,359.6578947368421,309.2631578947368,438.4736842105263,129.21052631578948,114,2,2024,-3.987668004768674,38.92922611000006
31,Navarra,31165,Mendavia,359.63829787234044,292.40425531914894,430.70212765957444,138.2978723404255,47,2,2024,-2.2002027493611327,42.45162983350005
18,Granada,18115,Láchar,359.55056179775283,294.1573033707865,434.8314606741573,140.6741573033708,89,2,2024,-3.8442491445236877,37.18630090500005
50,Zaragoza,50208,Pina de Ebro,359.38775510204084,316.734693877551,385.48979591836735,68.75510204081633,98,2,2024,-0.4448918481331134,41.52669354950007
15,"Coruña, A",15041,"Laracha, A",359.33806146572107,292.15602836879435,439.6099290780142,147.45390070921985,423,2,2024,-8.549241406549744,43.24379549900004
04,Almería,04029,Berja,359.20353982300884,291.2566371681416,419.4070796460177,128.15044247787608,113,2,2024,-2.9609724709117837,36.85448823200005
03,Alicante,03089,Monóvar/Monòver,359.0813953488372,272.72093023255815,419.7674418604651,147.04651162790697,258,2,2024,-0.8975557061395691,38.43976224900004
26,"Rioja, La",26102,Nájera,359.0,300.0,439.0,139.0,328,1,2024,-2.737383631645388,42.42761681850007
41,Sevilla,41009,Almadén de la Plata,359.0,275.0,430.0,155.0,19,1,2024,-6.0353428948481405,37.843628707500045
41,Sevilla,41902,Isla Mayor,359.0,305.0,441.0,136.0,13,1,2024,-6.195695618850758,37.11858439300005
10,Cáceres,10008,Alcántara,359.0,268.0,574.0,306.0,20,1,2024,-6.913297633941937,39.68694418150005
44,Teruel,44050,Calamocha,358.7644927536232,296.29347826086956,435.5072463768116,139.21376811594206,276,2,2024,-1.2380394464477602,40.94132024900006
49,Zamora,49219,Toro,358.75757575757575,312.91818181818184,435.330303030303,122.41212121212118,330,2,2024,-5.422538445648116,41.47092233400005
15,"Coruña, A",15074,Rois,358.75384615384615,269.5692307692308,428.0,158.43076923076922,65,2,2024,-8.721667852479555,42.787177074000056
03,Alicante,03092,Muro de Alcoy,358.1241379310345,300.0,439.1310344827586,139.1310344827586,290,2,2024,-0.44508447053479644,38.79271504850004
13,Ciudad Real,13031,Carrión de Calatrava,358.12280701754383,296.57894736842104,462.719298245614,166.140350877193,57,2,2024,-3.8335013985642235,39.06383173650005
03,Alicante,03043,Biar,358.070796460177,300.0,423.070796460177,123.07079646017701,113,2,2024,-0.7517994530512917,38.64313644300006
12,Castellón/Castelló,12136,"Vilavella, la",358.0487804878049,284.1463414634146,459.5609756097561,175.41463414634148,41,2,2024,-0.19351458291237605,39.863942287500066
19,Guadalajara,19007,Albares,358.0,250.0,412.0,162.0,11,1,2024,-3.0376502570987354,40.30444341300006
46,Valencia/Valéncia,46154,Llanera de Ranes,358.0,289.0,488.0,199.0,18,1,2024,-0.5946352843238945,39.00018674900008
40,Segovia,40162,Prádena,358.0,300.0,565.0,265.0,20,1,2024,-3.6908092735075897,41.14873704350006
39,Cantabria,39057,Ramales de la Victoria,358.0,300.0,448.0,148.0,98,1,2024,-3.4384237836926292,43.26243160000007
31,Navarra,31068,Cascante,357.92561983471074,282.55371900826447,449.0,166.44628099173553,121,2,2024,-1.7165930562557787,42.00383362700006
46,Valencia/Valéncia,46183,"Olleria, l'",357.92349726775956,281.0218579234973,456.60109289617486,175.57923497267757,183,2,2024,-0.5459929116433473,38.91580166150004
03,Alicante,03096,Onil,357.87368421052633,291.85263157894735,416.5578947368421,124.70526315789476,285,2,2024,-0.6618077989714679,38.63205699900004
12,Castellón/Castelló,12094,"Pobla Tornesa, la",357.7142857142857,290.57142857142856,452.85714285714283,162.28571428571428,35,2,2024,-0.005373422749540346,40.10817324900003
30,Murcia,30022,Jumilla,357.6985981308411,294.2464953271028,407.6985981308411,113.45210280373828,856,2,2024,-1.3309876019881401,38.49495124900005
46,Valencia/Valéncia,46192,Petrés,357.6923076923077,288.0,571.6923076923077,283.69230769230774,39,2,2024,-0.3110901971851995,39.68360806950005
03,Alicante,03109,Rafal,357.53846153846155,298.84615384615387,420.3076923076923,121.46153846153845,104,2,2024,-0.8504642793121818,38.10671930200007
31,Navarra,31070,Castejón,357.47457627118644,278.23728813559325,460.3220338983051,182.08474576271186,118,2,2024,-1.6674310142691975,42.15296608050005
03,Alicante,03105,"Pinós, el/Pinoso",357.4325842696629,296.7696629213483,435.39325842696627,138.62359550561797,178,2,2024,-1.0340967484463472,38.41553856650006
45,Toledo,45059,Dosbarrios,357.38775510204084,269.2448979591837,461.8775510204082,192.63265306122452,49,2,2024,-3.522172744619751,39.84424652700005
40,Segovia,40032,Boceguillas,357.2631578947368,342.10526315789474,436.5263157894737,94.42105263157896,57,2,2024,-3.6105088970806745,41.32966007600004
05,Ávila,05168,"Navas del Marqués, Las",357.0935960591133,289.11330049261085,455.5960591133005,166.48275862068965,406,2,2024,-4.340395513660537,40.59485999900005
24,León,24034,Camponaraya,357.02298850574715,293.5632183908046,431.264367816092,137.70114942528738,87,2,2024,-6.680601192185204,42.58185937250005
46,Valencia/Valéncia,46162,Massalavés,357.0,293.0,463.0,170.0,48,1,2024,-0.5151563883465554,39.15403799300006
40,Segovia,40065,Chañe,357.0,342.0,419.0,77.0,16,1,2024,-4.4325764910179295,41.33887173150006
08,Barcelona,08190,Saldes,356.9230769230769,303.46153846153845,501.9230769230769,198.46153846153845,26,2,2024,1.7422073599808767,42.22715047300005
12,Castellón/Castelló,12104,Segorbe,356.839248434238,293.0062630480167,434.3945720250522,141.38830897703548,479,2,2024,-0.4732765903793099,39.798401139500044
33,Asturias,33070,Tapia de Casariego,356.8181818181818,296.3636363636364,420.72727272727275,124.36363636363637,121,2,2024,-6.909816353901643,43.517520568000066
43,Tarragona,43064,Gandesa,356.8181818181818,304.3636363636364,382.54545454545456,78.18181818181819,77,2,2024,0.42455412262142356,41.05184613550006
16,Cuenca,16251,Villanueva de la Jara,356.7313432835821,306.5970149253731,420.53731343283584,113.94029850746273,67,2,2024,-1.9266496718147519,39.429895499000054
25,Lleida,25204,Seròs,356.5853658536585,301.3658536585366,421.8780487804878,120.51219512195121,41,2,2024,0.446050270462641,41.41364732750003
04,Almería,04035,Cuevas del Almanzora,356.56349206349205,279.96031746031747,439.0079365079365,159.04761904761904,378,2,2024,-1.8167055377426136,37.31935368550003
06,Badajoz,06072,Lobón,356.0,238.0,464.0,226.0,18,1,2024,-6.602593616833568,38.83106243000006
14,Córdoba,14060,Santaella,356.0,271.0,438.0,167.0,16,1,2024,-4.852357630832279,37.510482921500056
18,Granada,18912,Cuevas del Campo,356.0,300.0,444.0,144.0,16,1,2024,-2.9205035224596454,37.61780748150005
30,Murcia,30017,Cehegín,355.86238532110093,269.7844036697248,409.4954128440367,139.71100917431193,218,2,2024,-1.7693294965585982,38.07048035500006
19,Guadalajara,19190,Molina de Aragón,355.6734693877551,296.1734693877551,432.984693877551,136.8112244897959,196,2,2024,-1.8175328115501554,40.87304067250005
18,Granada,18147,Órgiva,355.6388888888889,285.19444444444446,455.25,170.05555555555554,144,2,2024,-3.4073868048402147,36.86973396600007
03,Alicante,03005,Albatera,355.57275541795667,298.28173374613004,439.43343653250776,141.1517027863777,323,2,2024,-0.8857711830264208,38.211197117500035
11,Cádiz,11023,Medina-Sidonia,355.561797752809,291.19101123595505,442.6179775280899,151.42696629213486,178,2,2024,-5.888340679646628,36.374950305000056
19,Guadalajara,19086,Cifuentes,355.421686746988,300.0,447.34939759036143,147.34939759036143,83,2,2024,-2.539023962078363,40.74463155650005
42,Soria,42162,San Esteban de Gormaz,355.3424657534247,294.2945205479452,406.472602739726,112.17808219178085,146,2,2024,-3.215952857408893,41.55319166050003
15,"Coruña, A",15062,Outes,355.2894736842105,282.17105263157896,403.0394736842105,120.86842105263156,76,2,2024,-8.913949507364501,42.84622974900006
44,Teruel,44008,Albalate del Arzobispo,355.0,276.0,394.0,118.0,12,1,2024,-0.574148225716888,41.130172259000034
25,Lleida,25068,Castellnou de Seana,355.0,340.0,385.0,45.0,15,1,2024,0.9699003055257777,41.65111084800006
16,Cuenca,16130,Montalbo,355.0,329.0,415.0,86.0,18,1,2024,-2.651555610523598,39.86802674900005
12,Castellón/Castelló,12101,San Rafael del Río,355.0,326.0,446.0,120.0,10,1,2024,0.32439037990433994,40.592711776000044
09,Burgos,09056,Briviesca,354.7008547008547,303.7692307692308,391.4017094017094,87.63247863247864,234,2,2024,-3.3019225544561293,42.55414974900003
40,Segovia,40043,Carbonero el Mayor,354.6857142857143,311.7142857142857,420.7142857142857,109.0,70,2,2024,-4.274250736199236,41.145714486500054
36,Pontevedra,36901,"Illa de Arousa, A",354.57894736842104,319.82894736842104,455.60526315789474,135.7763157894737,76,2,2024,-8.866444756268411,42.54971459300006
11,Cádiz,11037,Trebujena,354.5,291.75,425.125,133.375,32,2,2024,-6.209542903956617,36.87224774900005
05,Ávila,05241,"Tiemblo, El",354.30555555555554,284.2361111111111,437.7916666666667,153.5555555555556,216,2,2024,-4.488489760651005,40.38995437950004
37,Salamanca,37046,Béjar,354.2763636363636,301.3090909090909,411.24727272727273,109.93818181818182,550,2,2024,-5.775329699127237,40.381766998000046
43,Tarragona,43142,Sarral,354.13461538461536,259.71153846153845,415.15384615384613,155.44230769230768,52,2,2024,1.2655497481566749,41.45604431150005
21,Huelva,21004,Almonaster la Real,354.0,300.0,409.0,109.0,18,1,2024,-6.771100520938891,37.799812916000064
14,Córdoba,14012,Bujalance,354.0,315.0,399.0,84.0,22,1,2024,-4.385206388615616,37.90677937550004
03,Alicante,03056,Cocentaina,353.89312977099235,289.4936386768448,426.62849872773535,137.13486005089055,393,2,2024,-0.44718140817034857,38.72963445550005
31,Navarra,31157,Lodosa,353.864406779661,254.59322033898306,430.0169491525424,175.42372881355934,118,2,2024,-2.084887626533694,42.39591200850006
14,Córdoba,14049,Palma del Río,353.76014760147604,300.0,403.0848708487085,103.08487084870848,271,2,2024,-5.306490173785684,37.669025636500066
33,Asturias,33031,Langreo,353.10281690140846,291.6901408450704,418.3380281690141,126.64788732394368,1420,2,2024,-5.700387979208196,43.28638603850007
03,Alicante,03132,"Torremanzanas/Torre de les Maçanes, la",353.0,284.0,500.0,216.0,10,1,2024,-0.4041846326824212,38.60748939150005
39,Cantabria,39004,Arenas de Iguña,353.0,304.0,574.0,270.0,16,1,2024,-4.095680242878969,43.17711174900006
26,"Rioja, La",26142,San Vicente de la Sonsierra,353.0,288.0,435.0,147.0,12,1,2024,-2.763126926291959,42.57035649900004
18,Granada,18095,Güevéjar,352.97872340425533,298.8085106382979,451.9148936170213,153.1063829787234,47,2,2024,-3.603842045108383,37.25569597900005
50,Zaragoza,50094,Daroca,352.9761904761905,299.4047619047619,439.6666666666667,140.26190476190476,84,2,2024,-1.4206958163386914,41.11475265800004
45,Toledo,45134,Portillo de Toledo,352.92857142857144,280.39285714285717,465.4642857142857,185.07142857142856,56,2,2024,-4.248313149966423,40.079817041500064
41,Sevilla,41020,"Cabezas de San Juan, Las",352.7304347826087,307.32173913043476,452.5652173913044,145.2434782608696,115,2,2024,-5.922744726440715,36.989154026500046
36,Pontevedra,36015,Cuntis,352.7027027027027,300.0,416.27027027027026,116.27027027027026,74,2,2024,-8.558146645871956,42.64390845250003
05,Ávila,05022,"Barraco, El",352.39130434782606,285.4782608695652,401.6521739130435,116.17391304347831,69,2,2024,-4.5862918081564565,40.44782639400006
16,Cuenca,16125,Minglanilla,352.0,295.0,554.0,259.0,22,1,2024,-1.5740756960814302,39.50618327750007
22,Huesca,22089,Castillonroy,352.0,295.0,400.0,105.0,10,1,2024,0.5477340129805167,41.88104049900005
43,Tarragona,43052,Xerta,352.0,251.0,444.0,193.0,13,1,2024,0.4710473281504878,40.902655769000035
31,Navarra,31107,Funes,351.95081967213116,299.0,414.40983606557376,115.40983606557376,61,2,2024,-1.8114653388884705,42.28568186350006
14,Córdoba,14042,Montilla,351.785,298.98,406.375,107.39499999999998,400,2,2024,-4.638788487707634,37.57125117350006
49,Zamora,49021,Benavente,351.68224299065423,298.10747663551405,394.1214953271028,96.01401869158877,856,2,2024,-5.656934015873989,42.00385436250005
09,Burgos,09330,Salas de los Infantes,351.4698795180723,315.421686746988,390.2409638554217,74.81927710843371,83,2,2024,-3.2901663806454184,42.02243860600004
06,Badajoz,06011,Almendralejo,351.3389121338912,296.65271966527195,406.8284518828452,110.17573221757323,956,2,2024,-6.411634601187359,38.70151375350005
15,"Coruña, A",15902,Oza-Cesuras,351.1641791044776,300.0,482.07462686567163,182.07462686567163,134,2,2024,-8.18139057697445,43.193665373000044
21,Huelva,21073,Villablanca,351.0,292.0,419.0,127.0,22,1,2024,-7.3318921952489955,37.30621341500006
21,Huelva,21038,Higuera de la Sierra,351.0,300.0,454.0,154.0,21,1,2024,-6.447639678334226,37.83988990700004
37,Salamanca,37038,Babilafuente,351.0,295.0,390.0,95.0,10,1,2024,-5.429966760047082,40.987263130500054
28,Madrid,28114,Piñuécar-Gandullas,351.0,300.0,508.0,208.0,21,1,2024,-3.5997901491229634,41.03657159150006
41,Sevilla,41099,Villanueva del Río y Minas,351.0,285.0,390.0,105.0,24,1,2024,-5.7316021709321125,37.64986299900005
39,Cantabria,39082,Selaya,351.0,300.0,400.0,100.0,45,1,2024,-3.772413864020071,43.204323051000074
46,Valencia/Valéncia,46158,Macastre,350.8474576271187,276.06779661016947,463.6271186440678,187.55932203389835,59,2,2024,-0.792021895049273,39.35539999900004
13,Ciudad Real,13028,Campo de Criptana,350.72727272727275,288.3636363636364,401.8181818181818,113.45454545454544,253,2,2024,-3.0640219917432168,39.33554148250005
33,Asturias,33037,Mieres,350.70871722182846,289.1438695960312,429.77250177179303,140.62863217576182,1411,2,2024,-5.768848438477631,43.23547415200005
03,Alicante,03002,Agost,350.6666666666667,300.0,428.6666666666667,128.66666666666669,120,2,2024,-0.6500132425158016,38.44967271650006
47,Valladolid,47112,Pedrajas de San Esteban,350.6231884057971,297.768115942029,406.7826086956522,109.01449275362319,69,2,2024,-4.592721106837862,41.35699649900005
11,Cádiz,11021,Jimena de la Frontera,350.5977011494253,275.632183908046,480.5632183908046,204.9310344827586,87,2,2024,-5.465581431056451,36.43747415750005
24,León,24188,Valencia de Don Juan,350.44444444444446,296.44444444444446,398.6666666666667,102.22222222222223,216,2,2024,-5.488642650270997,42.27683277350005
39,Cantabria,39098,Villacarriedo,350.3703703703704,279.4074074074074,435.18518518518516,155.77777777777777,27,2,2024,-3.8522467258456987,43.214856701500054
33,Asturias,33034,Valdés,350.07655502392345,287.17703349282294,423.7129186602871,136.53588516746413,418,2,2024,-6.471917120517119,43.48391881450007
28,Madrid,28031,Cadalso de los Vidrios,350.06666666666666,253.65833333333333,446.1166666666667,192.45833333333334,120,2,2024,-4.436455349368001,40.29362203200003
41,Sevilla,41027,Castilblanco de los Arroyos,350.0,300.0,429.0,129.0,42,1,2024,-5.96494612807998,37.707620179500054
41,Sevilla,41023,Cantillana,350.0,277.6811594202899,401.55797101449275,123.87681159420288,138,2,2024,-5.823567221516599,37.622722999000075
14,Córdoba,14066,Villa del Río,350.0,315.56626506024094,382.43373493975906,66.86746987951813,83,2,2024,-4.296146280313298,37.98163738050005
41,Sevilla,41055,Lora del Río,350.0,300.6885245901639,399.1475409836066,98.45901639344265,122,2,2024,-5.514079970438041,37.669025636500066
36,Pontevedra,36019,Fornelos de Montes,350.0,289.0,484.0,195.0,18,1,2024,-8.43615770880336,42.32805806250005
36,Pontevedra,36005,Caldas de Reis,350.0,295.65683646112603,408.5898123324397,112.93297587131366,373,2,2024,-8.660882935471232,42.613218879000044
03,Alicante,03052,Cañada,350.0,259.0,402.0,143.0,15,1,2024,-0.8179864429839573,38.68126013250006
40,Segovia,40040,Cantalejo,350.0,290.95652173913044,410.1449275362319,119.18840579710144,207,2,2024,-3.955813194049401,41.260676138000065
25,Lleida,25016,Alguaire,350.0,284.8,491.46666666666664,206.66666666666663,60,2,2024,0.5600164076010434,41.738846456500056
03,Alicante,03058,Cox,350.0,304.39344262295083,415.8469945355191,111.45355191256829,183,2,2024,-0.9071528765906796,38.143593957000064
24,León,24223,Villarejo de Órbigo,350.0,287.94520547945206,392.05479452054794,104.10958904109589,73,2,2024,-5.921069917177993,42.43263624900007
03,Alicante,03112,Relleu,350.0,300.0,610.0,310.0,22,1,2024,-0.3413891492086902,38.569054903500074
22,Huesca,22025,Altorricón,350.0,299.46268656716416,422.67164179104475,123.2089552238806,67,2,2024,0.41591629213577064,41.78292921400006
22,Huesca,22039,Ayerbe,350.0,288.0,400.0,112.0,34,1,2024,-0.6939967807029899,42.236875863500046
21,Huelva,21049,Minas de Riotinto,350.0,311.0,419.0,108.0,29,1,2024,-6.575673460394686,37.68875907600005
40,Segovia,40095,Gomezserracín,350.0,261.0,408.0,147.0,17,1,2024,-4.292746115571976,41.285441085500054
33,Asturias,33009,Cabranes,350.0,300.0,440.0,140.0,21,1,2024,-5.426241744689934,43.409487383000055
36,Pontevedra,36040,Portas,350.0,300.0,504.0,204.0,21,1,2024,-8.658828728374084,42.56286203800005
05,Ávila,05016,Arévalo,350.0,295.6162464985994,404.68347338935575,109.06722689075633,357,2,2024,-4.71735228909697,41.04486371650006
04,Almería,04038,Dalías,350.0,275.6756756756757,366.2972972972973,90.62162162162161,37,2,2024,-2.819244000864626,36.84893773200005
25,Lleida,25171,"Pobla de Segur, La",350.0,289.0,402.0,113.0,236,1,2024,0.9848296539204742,42.267671128000075
25,Lleida,25099,Golmés,350.0,298.0,613.0,315.0,18,1,2024,0.9287482401123974,41.62351599900006
21,Huelva,21061,Rociana del Condado,350.0,250.0,383.0,133.0,83,1,2024,-6.607963546569236,37.29215249900005
21,Huelva,21052,Nerva,350.0,250.0,448.0,198.0,31,1,2024,-6.526099169096863,37.694286992500054
21,Huelva,21017,Calañas,350.0,300.0,360.0,60.0,11,1,2024,-6.913559024766334,37.58843048900005
03,Alicante,03114,"Romana, la",350.0,300.0,494.0,194.0,18,1,2024,-0.9025560686227209,38.35832424900005
41,Sevilla,41083,"Ronquillo, El",350.0,299.0,480.0,181.0,23,1,2024,-6.179066893656692,37.741819171500055
41,Sevilla,41080,"Real de la Jara, El",350.0,300.0,400.0,100.0,19,1,2024,-6.056985521615484,37.95058396150003
16,Cuenca,16158,"Picazo, El",350.0,255.0,580.0,325.0,12,1,2024,-2.1080514586454178,39.440686851000066
43,Tarragona,43176,Vimbodí i Poblet,350.0,300.0,377.0,77.0,19,1,2024,1.0491326379640942,41.38282241050007
18,Granada,18100,Huétor Tájar,350.0,295.25,407.0,111.75,208,2,2024,-4.041014388885927,37.20529938450005
18,Granada,18144,Nívar,350.0,285.0,412.0,127.0,18,1,2024,-3.575347572083079,37.25581591550008
46,Valencia/Valéncia,46257,Villanueva de Castellón,350.0,300.0,426.47058823529414,126.47058823529414,153,2,2024,-0.5205085563447133,39.07424886300004
21,Huelva,21023,"Cerro de Andévalo, El",350.0,301.0,393.0,92.0,12,1,2024,-7.034648462542233,37.70269499900007
21,Huelva,21040,Hinojos,350.0,300.0,431.0,131.0,21,1,2024,-6.403186391274284,37.15650840200004
46,Valencia/Valéncia,46254,Venta del Moro,350.0,260.0,423.0,163.0,15,1,2024,-1.4018039148954002,39.454449471500055
11,Cádiz,11038,Ubrique,350.0,290.7096774193548,412.51612903225805,121.80645161290323,248,2,2024,-5.465483301346097,36.65831585600006
08,Barcelona,08903,Sant Julià de Cerdanyola,350.0,275.0,659.0,384.0,13,1,2024,1.9092466199422415,42.21835413000005
46,Valencia/Valéncia,46255,Villalonga,350.0,300.0,482.2251655629139,182.2251655629139,151,2,2024,-0.23022054617095372,38.884543249000046
18,Granada,18023,Baza,350.0,300.0,414.88030888030886,114.88030888030886,518,2,2024,-2.847962890393782,37.42886261550004
18,Granada,18027,Benalúa,350.0,288.0,408.0,120.0,10,1,2024,-3.166703556772873,37.35754471250007
43,Tarragona,43124,"Riba, La",350.0,285.0,395.0,110.0,21,1,2024,1.1688814713397175,41.307150249000074
26,"Rioja, La",26019,Arrúbal,350.0,315.0,449.0,134.0,17,1,2024,-2.2510414741371116,42.422930249000075
26,"Rioja, La",26120,Quel,350.0,282.0,400.0,118.0,38,1,2024,-2.050556836173295,42.20421718850005
39,Cantabria,39046,Molledo,350.0,249.0,511.0,262.0,21,1,2024,-4.000283171425653,43.13121019150006
16,Cuenca,16027,Barajas de Melo,350.0,250.0,533.0,283.0,13,1,2024,-2.957014939608789,40.114522959000055
15,"Coruña, A",15073,Ribeira,350.0,294.97011952191235,425.04183266932273,130.07171314741038,1004,2,2024,-9.00796809231181,42.575745272000034
15,"Coruña, A",15072,Rianxo,350.0,299.45454545454544,398.45454545454544,99.0,176,2,2024,-8.789102887702814,42.69039839300004
32,Ourense,32026,Coles,350.0,300.0,456.0,156.0,50,1,2024,-7.838952679105304,42.40466354600005
13,Ciudad Real,13083,Torralba de Calatrava,350.0,263.0,394.0,131.0,32,1,2024,-3.7536523677235563,39.06538799900005
13,Ciudad Real,13020,Argamasilla de Calatrava,350.0,304.56,415.29333333333335,110.73333333333335,75,2,2024,-4.02479112537093,38.75123173100005
44,Teruel,44246,Valderrobres,350.0,294.4601226993865,400.0,105.53987730061351,163,2,2024,0.12213827999293814,40.83593534650004
37,Salamanca,37278,San Cristóbal de la Cuesta,350.0,297.86516853932585,418.2022471910112,120.33707865168537,89,2,2024,-5.618929216678669,41.03581605750006
37,Salamanca,37207,Moriscos,350.0,300.0,418.0,118.0,39,1,2024,-5.567907615532408,41.00710299900004
15,"Coruña, A",15084,Tordoia,350.0,285.0,456.0,171.0,20,1,2024,-8.547669547507923,43.08767191800004
32,Ourense,32002,Amoeiro,350.0,276.0,456.0,180.0,36,1,2024,-7.956317013160364,42.39347534050006
12,Castellón/Castelló,12105,Sierra Engarcerán,350.0,283.0,402.0,119.0,26,1,2024,-0.018954435209361485,40.267479731000066
21,Huelva,21078,Zalamea la Real,350.0,250.0,407.0,157.0,23,1,2024,-6.643631745451119,37.61693461100006
33,Asturias,33051,Pravia,350.0,267.9845758354756,447.8149100257069,179.83033419023133,389,2,2024,-6.153322282824631,43.47574086550006
23,Jaén,23035,Fuerte del Rey,350.0,272.0,475.0,203.0,25,1,2024,-3.9015427727390035,37.90809328250006
13,Ciudad Real,13023,Bolaños de Calatrava,350.0,257.4451612903226,416.6193548387097,159.1741935483871,155,2,2024,-3.634710106204289,38.91669631800005
13,Ciudad Real,13039,Daimiel,350.0,290.78846153846155,412.0659340659341,121.27747252747253,364,2,2024,-3.5951556634175983,39.05297803000005
15,"Coruña, A",15080,Sobrado,350.0,300.0,400.0,100.0,15,1,2024,-7.986285492244803,43.05382324900003
29,Málaga,29048,Cuevas del Becerro,350.0,300.0,400.0,100.0,12,1,2024,-5.048757802859228,36.87004786700004
02,Albacete,02069,"Roda, La",350.0,294.86964618249533,415.83054003724396,120.96089385474863,537,2,2024,-2.162101622771555,39.16961874900005
02,Albacete,02081,Villarrobledo,350.0,286.0419161676647,410.63473053892216,124.59281437125748,668,2,2024,-2.563584080635198,39.19452907400006
50,Zaragoza,50190,Novallas,350.0,233.0,688.0,455.0,15,1,2024,-1.7110669250606028,41.94433897650006
50,Zaragoza,50240,Sástago,350.0,302.0,414.0,112.0,13,1,2024,-0.24581571964872723,41.351891650000056
50,Zaragoza,50222,Quinto,350.0,300.0,400.0,100.0,38,1,2024,-0.5332770757253359,41.41465949900007
24,León,24027,Cabañas Raras,350.0,300.0,400.0,100.0,11,1,2024,-6.630175058264247,42.62086499900008
29,Málaga,29097,Villanueva del Trabuco,350.0,300.0,525.0,225.0,37,1,2024,-4.322801627764286,37.03502449900003
45,Toledo,45084,Lillo,350.0,287.0,451.0,164.0,21,1,2024,-3.3244125402478364,39.700811154000036
30,Murcia,30019,Cieza,350.0,269.2043868394816,426.66999002991025,157.46560319042868,1003,2,2024,-1.4615341447760686,38.27194907200007
14,Córdoba,14013,Cabra,350.0,300.0,405.3855799373041,105.3855799373041,638,2,2024,-4.456921566284246,37.48732274900004
15,"Coruña, A",15071,Porto do Son,350.0,286.3354037267081,414.39130434782606,128.05590062111798,161,2,2024,-8.993757610435107,42.68691635850007
46,Valencia/Valéncia,46130,Gavarda,350.0,300.0,380.0,80.0,23,1,2024,-0.5597167514675931,39.09446274900006
14,Córdoba,14033,Guadalcázar,350.0,291.6666666666667,415.0,123.33333333333331,45,2,2024,-4.9639257879251355,37.75072785250006
15,"Coruña, A",15065,Padrón,350.0,294.4222222222222,409.4925925925926,115.07037037037037,270,2,2024,-8.623750612213822,42.75809263800005
15,"Coruña, A",15057,Noia,350.0,294.07265774378584,400.1185468451243,106.04588910133845,523,2,2024,-8.872885784617267,42.79777349050005
30,Murcia,30021,Fuente Álamo de Murcia,350.0,300.0,440.1264957264957,140.1264957264957,585,2,2024,-1.191711584323182,37.73562588750005
15,"Coruña, A",15011,Boiro,350.0,300.0,425.4035567715458,125.40355677154582,731,2,2024,-8.895683182342893,42.669019644500054
15,"Coruña, A",15044,Mañón,350.0,250.0,398.0,148.0,12,1,2024,-7.721573653972863,43.66498184400007
39,Cantabria,39015,Camaleño,350.0,300.0,599.0,299.0,11,1,2024,-4.742752922624158,43.14355069700005
45,Toledo,45116,Noez,350.0,262.0,365.0,103.0,12,1,2024,-4.156221172672065,39.732847722500054
30,Murcia,30043,Yecla,350.0,276.7139479905437,410.95350669818754,134.23955870764382,1269,2,2024,-1.1409044930568952,38.599608280500064
12,Castellón/Castelló,12021,Betxí,350.0,291.72661870503595,446.9424460431655,155.21582733812954,139,2,2024,-0.20000805808662042,39.922758131500046
15,"Coruña, A",15051,Mugardos,350.0,287.1920529801325,464.5298013245033,177.33774834437082,151,2,2024,-8.232907938521283,43.44805277400005
34,Palencia,34080,Guardo,349.92424242424244,298.7121212121212,431.3636363636364,132.65151515151518,198,2,2024,-4.83562072418445,42.77450955550003
40,Segovia,40195,Sepúlveda,349.8888888888889,272.6666666666667,392.3333333333333,119.66666666666663,54,2,2024,-3.7485825046865027,41.28847528700004
12,Castellón/Castelló,12005,"Alcora, l'",349.84935064935064,269.84935064935064,426.62857142857143,156.7792207792208,385,2,2024,-0.23035673022655445,40.068440536000054
27,Lugo,27020,Friol,349.64516129032256,280.64516129032256,422.5806451612903,141.93548387096774,31,2,2024,-7.803589734052162,43.03389549900004
03,Alicante,03024,Benejúzar,349.56164383561645,300.0,421.90410958904107,121.90410958904107,73,2,2024,-0.8340239320750333,38.07484263000006
41,Sevilla,41077,"Puebla de Cazalla, La",349.55555555555554,289.0,420.8888888888889,131.8888888888889,72,2,2024,-5.280767612692394,37.16237527700005
44,Teruel,44009,Albarracín,349.5,309.75,559.5,249.75,48,2,2024,-1.425034358063182,40.367285895000066
26,"Rioja, La",26021,Autol,349.3455497382199,288.6910994764398,442.9319371727749,154.24083769633512,191,2,2024,-1.97697134968801,42.20566259750004
25,Lleida,25192,Sant Guim de Freixenet,349.2758620689655,301.08045977011494,437.17241379310343,136.0919540229885,87,2,2024,1.4016384866187361,41.65921224900006
13,Ciudad Real,13082,Tomelloso,349.1788756388416,300.0,408.1226575809199,108.1226575809199,1174,2,2024,-2.9788089494046397,39.220820563000046
45,Toledo,45200,"Yébenes, Los",349.1363636363636,296.97727272727275,420.45454545454544,123.47727272727269,88,2,2024,-3.9454927480481343,39.443663927000074
43,Tarragona,43904,"Aldea, L'",349.125,277.8125,429.96875,152.15625,192,2,2024,0.6192741528059608,40.757447620500045
46,Valencia/Valéncia,46249,Utiel,349.0769230769231,297.53846153846155,415.2307692307692,117.69230769230768,364,2,2024,-1.2186206379210591,39.618884999000045
31,Navarra,31163,Marcilla,349.0,299.0,419.0,120.0,73,1,2024,-1.7094341321368822,42.349562330000055
31,Navarra,31128,Isaba/Izaba,349.0,299.0,496.0,197.0,15,1,2024,-0.8741265765681692,42.897503079000046
22,Huesca,22077,Candasnos,349.0,300.0,357.0,57.0,11,1,2024,0.06669719693605096,41.49123330650008
43,Tarragona,43125,Riba-roja d'Ebre,349.0,292.0,419.0,127.0,18,1,2024,0.44239329799677246,41.26611508100004
31,Navarra,31177,Murieta,349.0,253.0,399.0,146.0,17,1,2024,-2.147954477408416,42.660786591500056
31,Navarra,31015,Andosilla,349.0,299.0,400.0,101.0,33,1,2024,-1.9244670827578374,42.39015489550005
18,Granada,18906,"Guajares, Los",349.0,190.0,569.0,379.0,11,1,2024,-3.6007920045064035,36.85150697800006
37,Salamanca,37073,Calzada de Valdunciel,349.0,275.0,434.0,159.0,17,1,2024,-5.7065488373769115,41.09245229700005
13,Ciudad Real,13013,Almagro,348.94520547945206,300.0,431.7716894977169,131.77168949771692,219,2,2024,-3.7209561540440133,38.88404939150004
44,Teruel,44158,Mora de Rubielos,348.8775510204082,300.16326530612247,395.40816326530614,95.24489795918367,98,2,2024,-0.7382190789685625,40.24453098150008
15,"Coruña, A",15035,Fene,348.8359550561798,291.685393258427,412.8044943820225,121.1191011235955,445,2,2024,-8.167598018051212,43.454560630500055
46,Valencia/Valéncia,46081,Canals,348.8235294117647,293.3333333333333,430.88235294117646,137.54901960784315,357,2,2024,-0.5861027432875611,38.950986749000066
26,"Rioja, La",26125,Rincón de Soto,348.5104895104895,285.1048951048951,424.46153846153845,139.35664335664336,143,2,2024,-1.8458047424108717,42.227328944500044
31,Navarra,31152,Lerín,348.48275862068965,314.51724137931035,399.0,84.48275862068965,29,2,2024,-1.9625828465022863,42.47662124900003
45,Toledo,45198,Villatobas,348.3783783783784,285.94594594594594,408.8378378378378,122.89189189189187,74,2,2024,-3.318838526471523,39.873106249000045
41,Sevilla,41060,Marchena,348.3636363636364,296.72727272727275,382.90909090909093,86.18181818181819,242,2,2024,-5.366758508792341,37.32532297700004
25,Lleida,25013,Alfarràs,348.34653465346537,277.61386138613864,398.2475247524753,120.63366336633663,101,2,2024,0.5633305335781034,41.82892049900005
09,Burgos,09124,Espinosa de los Monteros,348.28125,284.375,427.03125,142.65625,32,2,2024,-3.6202978857092503,43.11091366100004
24,León,24008,Astorga,348.23801369863014,288.8253424657534,405.888698630137,117.0633561643836,584,2,2024,-6.119768289300868,42.46478274900005
15,"Coruña, A",15006,Arzúa,348.1953488372093,290.2325581395349,399.7581395348837,109.52558139534881,215,2,2024,-8.152994370459428,42.92636968100004
13,Ciudad Real,13054,Membrilla,348.1111111111111,296.44444444444446,395.55555555555554,99.11111111111109,54,2,2024,-3.3193923263234297,38.90173315000004
27,Lugo,27011,Castroverde,348.0,199.0,400.0,201.0,15,1,2024,-7.346563134467782,43.028458849500055
47,Valladolid,47139,Rueda,348.0,300.0,381.0,81.0,23,1,2024,-4.9939306065615465,41.41147422350005
43,Tarragona,43076,Marçà,348.0,289.0,389.0,100.0,12,1,2024,0.794678343428252,41.12303224900006
23,Jaén,23005,Andújar,347.96928746928745,297.8992628992629,411.05036855036855,113.15110565110564,814,2,2024,-4.044648698392088,38.18875646850006
36,Pontevedra,36034,"Neves, As",347.5,260.0,455.5,195.5,32,2,2024,-8.396519674403123,42.121305088500065
09,Burgos,09209,Medina de Pomar,347.44943820224717,303.65168539325845,406.4269662921348,102.77528089887636,178,2,2024,-3.4089150234990617,42.95042488750005
25,Lleida,25172,Ponts,347.27659574468083,283.88652482269504,400.0,116.11347517730496,141,2,2024,1.1702913633786185,41.91992448350007
45,Toledo,45053,Consuegra,347.19101123595505,273.0112359550562,400.0,126.98876404494382,178,2,2024,-3.6330311666583928,39.45667883500005
34,Palencia,34069,Dueñas,347.1,292.96666666666664,430.73333333333335,137.7666666666667,90,2,2024,-4.560038363097998,41.86820356100006
22,Huesca,22254,Zaidín,347.06976744186045,308.0,432.93023255813955,124.93023255813955,43,2,2024,0.2772860140020029,41.62638465550006
50,Zaragoza,50055,Borja,347.0671936758893,290.9881422924901,410.85375494071144,119.86561264822132,253,2,2024,-1.546575446566965,41.82380113100007
33,Asturias,33026,Grado,347.0496894409938,293.98136645962734,410.14906832298135,116.16770186335401,483,2,2024,-6.1452032360375535,43.29813468300003
37,Salamanca,37069,Calvarrasa de Abajo,346.74418604651163,288.5232558139535,402.19767441860466,113.67441860465118,86,2,2024,-5.538768410955433,40.947516680000064
04,Almería,04904,Balanegra,346.72727272727275,300.45454545454544,400.0,99.54545454545456,55,2,2024,-2.9343749404068666,36.773759274500065
41,Sevilla,41903,"Cuervo de Sevilla, El",346.5975609756098,302.8048780487805,448.9268292682927,146.1219512195122,82,2,2024,-6.021040201288049,36.866076098000036
13,Ciudad Real,13053,Manzanares,346.58792650918633,293.1758530183727,400.0,106.82414698162728,762,2,2024,-3.4213788031900814,38.993950427000044
04,Almería,04044,Fines,346.51162790697674,279.06976744186045,402.5813953488372,123.51162790697674,43,2,2024,-2.2662006376909147,37.364588464000065
11,Cádiz,11006,Arcos de la Frontera,346.48723897911833,282.3712296983759,421.3109048723898,138.93967517401393,431,2,2024,-5.749338132451719,36.75076962600005
23,Jaén,23061,Mengíbar,346.45669291338584,292.6377952755906,382.6771653543307,90.03937007874015,127,2,2024,-3.8048126386849748,37.96010301700005
15,"Coruña, A",15014,Cabana de Bergantiños,346.15384615384613,217.69230769230768,402.46153846153845,184.76923076923077,39,2,2024,-8.913621051677955,43.19030748450004
33,Asturias,33032,Laviana,346.03960396039605,291.74917491749176,403.6303630363036,111.88118811881185,303,2,2024,-5.545985810120389,43.23220976650006
37,Salamanca,37192,Miranda de Azán,346.0,306.0,441.0,135.0,10,1,2024,-5.697909280003386,40.878132542500055
22,Huesca,22009,Albelda,346.0,295.0,409.0,114.0,10,1,2024,0.49287069263777566,41.85594749900005
43,Tarragona,43132,Rodonyà,346.0,300.0,550.0,250.0,12,1,2024,1.4104508124354098,41.27631449400005
06,Badajoz,06153,Villanueva de la Serena,345.94674556213016,280.18934911242604,405.49112426035504,125.30177514792899,676,2,2024,-5.723597197011,38.99937213250004
44,Teruel,44025,Andorra,345.784140969163,292.58590308370043,422.7973568281938,130.21145374449338,227,2,2024,-0.43285076934261846,41.01541367950006
12,Castellón/Castelló,12016,Artana,345.74074074074076,289.85185185185185,472.6666666666667,182.81481481481484,27,2,2024,-0.23804472598326937,39.89444549900006
14,Córdoba,14053,Posadas,345.6238532110092,297.56880733944956,387.2477064220183,89.67889908256876,109,2,2024,-5.118151304223268,37.828465943000026
46,Valencia/Valéncia,46039,Anna,345.45454545454544,250.03030303030303,448.1060606060606,198.0757575757576,66,2,2024,-0.669352828384804,39.01760474900004
04,Almería,04069,Olula del Río,345.4437869822485,290.9112426035503,427.4378698224852,136.5266272189349,169,2,2024,-2.3022202893366943,37.38379259350006
27,Lugo,27066,Viveiro,345.442536327609,292.89035667107004,400.9088507265522,108.01849405548217,757,2,2024,-7.594971395478055,43.64404061400006
09,Burgos,09289,Quintanar de la Sierra,345.1388888888889,281.94444444444446,424.30555555555554,142.3611111111111,36,2,2024,-3.0164842967348084,42.00201024900005
28,Madrid,28055,Estremera,345.03225806451616,251.61290322580646,514.9354838709677,263.3225806451612,31,2,2024,-3.1148082096199627,40.14126224250006
15,"Coruña, A",15076,San Sadurniño,345.0,294.0,450.0,156.0,38,1,2024,-8.049139759312688,43.52877503500005
09,Burgos,09903,Villarcayo de Merindad de Castilla la Vieja,345.0,280.0,385.0,105.0,115,1,2024,-3.5866328916811607,42.933602313500074
34,Palencia,34056,Cervera de Pisuerga,344.94405594405595,285.034965034965,395.76223776223776,110.72727272727275,143,2,2024,-4.5583392451863745,42.89017030300005
31,Navarra,31142,Larraga,344.94117647058823,260.29411764705884,416.47058823529414,156.1764705882353,68,2,2024,-1.8640971739634953,42.54721093450004
03,Alicante,03049,Callosa de Segura,344.92048192771085,286.2819277108434,405.5710843373494,119.28915662650604,415,2,2024,-0.8500524288237246,38.13442649250007
12,Castellón/Castelló,12902,Sant Joan de Moró,344.71751412429376,262.909604519774,410.3502824858757,147.4406779661017,177,2,2024,-0.12529836894876617,40.064281471000044
23,Jaén,23010,Bailén,344.6511627906977,300.0,397.6744186046512,97.67441860465118,215,2,2024,-3.7663443763481754,38.09311660500006
08,Barcelona,08099,Guardiola de Berguedà,344.5,272.84722222222223,485.94444444444446,213.09722222222223,72,2,2024,1.8369777810939927,42.29661098550005
02,Albacete,02045,Madrigueras,344.49074074074076,293.19444444444446,397.4074074074074,104.21296296296293,108,2,2024,-1.816752521745978,39.22718799900005
02,Albacete,02037,Hellín,344.3233082706767,281.890440386681,408.109559613319,126.21911922663799,931,2,2024,-1.6700635908213441,38.500330424000055
45,Toledo,45054,Corral de Almaguer,344.3157894736842,296.2105263157895,413.63157894736844,117.42105263157896,76,2,2024,-3.167898778537263,39.76095992300003
45,Toledo,45185,Villacañas,344.29347826086956,287.44565217391306,408.5597826086956,121.11413043478257,184,2,2024,-3.3567471275960727,39.585169902000075
15,"Coruña, A",15059,Ordes,344.12534818941504,273.4373259052925,408.2841225626741,134.84679665738162,718,2,2024,-8.399930884716937,43.082401056000066
09,Burgos,09427,Villadiego,344.0,281.0,399.0,118.0,20,1,2024,-4.043618727445871,42.544603917000046
34,Palencia,34123,Paredes de Nava,344.0,300.0,350.0,50.0,17,1,2024,-4.690441023672392,42.16852316650005
18,Granada,18094,Güejar Sierra,343.8666666666667,276.46666666666664,399.76666666666665,123.30000000000001,60,2,2024,-3.3709406449204944,37.143187867500046
12,Castellón/Castelló,12004,Alcalà de Xivert,343.85354691075514,290.9610983981693,427.0846681922197,136.12356979405035,437,2,2024,0.24245231532239553,40.296695749000065
05,Ávila,05014,Arenas de San Pedro,343.8076923076923,285.53846153846155,428.03846153846155,142.5,312,2,2024,-5.067582855727064,40.175931398000074
45,Toledo,45140,Pulgar,343.56363636363636,263.90909090909093,441.8909090909091,177.98181818181814,55,2,2024,-4.145118996993052,39.67093490100004
42,Soria,42004,Ágreda,343.167701863354,273.30434782608694,416.6832298136646,143.37888198757764,161,2,2024,-1.9054956549287998,41.869535443000046
05,Ávila,05187,Piedralaves,343.05555555555554,277.3333333333333,440.5,163.16666666666669,108,2,2024,-4.704306358230278,40.314479639500064
31,Navarra,31067,Carcastillo,343.0,220.78571428571428,436.85714285714283,216.07142857142856,28,2,2024,-1.4141298078222184,42.34893224900006
34,Palencia,34206,Villada,343.0,296.0,362.0,66.0,10,1,2024,-4.961655680719833,42.276864999000054
02,Albacete,02075,Valdeganga,343.0,254.52173913043478,417.6521739130435,163.13043478260872,46,2,2024,-1.6728586501580216,39.11493674900004
45,Toledo,45136,"Puebla de Montalbán, La",342.9681818181818,270.6818181818182,446.32272727272726,175.64090909090908,220,2,2024,-4.413877409120637,39.80307055350005
22,Huesca,22007,Albalate de Cinca,342.84615384615387,284.5897435897436,397.79487179487177,113.20512820512818,39,2,2024,0.16430315827524178,41.74294673650007
14,Córdoba,14027,Fernán-Núñez,342.6714285714286,286.42857142857144,398.15714285714284,111.7285714285714,70,2,2024,-4.7335874709946655,37.68426031300004
31,Navarra,31057,Buñuel,342.6666666666667,299.0,411.15686274509807,112.15686274509807,51,2,2024,-1.4472156052721696,41.97319388400007
27,Lugo,27019,Foz,342.57602862254026,285.1520572450805,420.4364937388193,135.28443649373878,559,2,2024,-7.31629378858005,43.58065991600003
25,Lleida,25113,Ivars d'Urgell,342.5,250.5,416.5,166.0,20,2,2024,0.960522665462975,41.690436351000045
36,Pontevedra,36023,"Guarda, A",342.1923076923077,294.49038461538464,393.97115384615387,99.48076923076923,416,2,2024,-8.856281512457736,41.90660475800004
09,Burgos,09321,Roa,342.17525773195877,291.62886597938143,400.35051546391753,108.7216494845361,97,2,2024,-3.9304925475560717,41.68886659300003
33,Asturias,33068,Somiedo,342.0,288.0,450.0,162.0,22,1,2024,-6.251657835425796,43.103764547000054
27,Lugo,27010,Castro de Rei,341.869918699187,250.28455284552845,375.0081300813008,124.72357723577235,123,2,2024,-7.413973084096119,43.175568540500024
25,Lleida,25149,Oliana,341.77464788732397,265.83098591549293,402.3380281690141,136.50704225352115,71,2,2024,1.3100398632125203,42.09348006500005
06,Badajoz,06103,Puebla de la Calzada,341.5121951219512,301.1707317073171,386.6585365853659,85.48780487804879,82,2,2024,-6.629590050720434,38.88316924900005
34,Palencia,34047,Carrión de los Condes,341.4516129032258,307.4193548387097,430.7096774193548,123.29032258064512,62,2,2024,-4.601854142986181,42.316801610000056
41,Sevilla,41041,Estepa,341.34615384615387,276.0576923076923,375.63461538461536,99.57692307692304,156,2,2024,-4.9191879070619695,37.28741071150006
50,Zaragoza,50118,Gallur,341.31111111111113,223.06666666666666,441.46666666666664,218.39999999999998,90,2,2024,-1.314009418133574,41.86298324150005
50,Zaragoza,50073,Cariñena,341.0379146919431,288.53554502369667,411.3744075829384,122.8388625592417,211,2,2024,-1.200593129080648,41.35874963550003
46,Valencia/Valéncia,46215,Riola,341.0344827586207,260.6896551724138,523.8965517241379,263.2068965517241,29,2,2024,-0.3403278961741686,39.189104096500046
50,Zaragoza,50160,Mallén,341.0,303.9591836734694,400.0,96.0408163265306,98,2,2024,-1.4084970323070625,41.88957699300005
31,Navarra,31123,Uharte Arakil,341.0,255.0,429.0,174.0,10,1,2024,-1.9690201740715576,42.922650329500044
21,Huelva,21014,Bonares,340.9672131147541,296.26229508196724,400.0,103.73770491803276,61,2,2024,-6.685764043027646,37.26923014800005
50,Zaragoza,50252,Tauste,340.9509202453988,290.9509202453988,412.2852760736196,121.33435582822085,326,2,2024,-1.1736742615453428,41.93867468850004
15,"Coruña, A",15019,Carballo,340.8413001912046,272.54110898661565,406.225621414914,133.68451242829832,1569,2,2024,-8.668575462437138,43.21002775100004
46,Valencia/Valéncia,46209,Rafelguaraf,340.7142857142857,264.2857142857143,495.76190476190476,231.47619047619048,21,2,2024,-0.44605349133865557,39.04986974900007
31,Navarra,31254,Villafranca,340.70454545454544,246.95454545454547,399.0,152.04545454545453,88,2,2024,-1.7271484137618174,42.27341573900003
19,Guadalajara,19092,Cogolludo,340.7037037037037,247.25925925925927,386.77777777777777,139.5185185185185,27,2,2024,-3.0764887723270578,40.950980122500056
02,Albacete,02079,Villamalea,340.07142857142856,294.5,416.67857142857144,122.17857142857144,112,2,2024,-1.539877725441958,39.36149224900004
16,Cuenca,16086,Fuente de Pedro Naharro,340.0,250.0,500.0,250.0,11,1,2024,-3.042359545674156,39.926578499000044
14,Córdoba,14040,Montalbán de Córdoba,340.0,256.0,388.0,132.0,16,1,2024,-4.744446929375673,37.549579720000054
41,Sevilla,41031,"Castillo de las Guardas, El",340.0,300.0,400.0,100.0,23,1,2024,-6.3200337216447195,37.69190222600005
43,Tarragona,43138,Santa Bàrbara,339.88950276243094,288.5414364640884,415.9281767955801,127.3867403314917,181,2,2024,0.47539424430135857,40.72220149900005
46,Valencia/Valéncia,46004,Agullent,339.83673469387753,275.57142857142856,398.3265306122449,122.75510204081633,49,2,2024,-0.556818679286562,38.83466099900005
30,Murcia,30012,Bullas,339.5408163265306,276.7551020408163,400.0,123.24489795918367,196,2,2024,-1.6765156733506417,38.03241335250004
31,Navarra,31208,Ribaforada,339.2191780821918,287.6986301369863,392.013698630137,104.3150684931507,73,2,2024,-1.5166941762266593,41.98323101100007
46,Valencia/Valéncia,46157,"Llosa de Ranes, la",339.14285714285717,248.57142857142858,392.85714285714283,144.28571428571425,63,2,2024,-0.5374606244198601,39.03114477200006
31,Navarra,31189,Olazti/Olazagutía,339.0,299.0,455.0,156.0,21,1,2024,-2.197000265584127,42.88283297300006
12,Castellón/Castelló,12128,Vilafamés,338.9010989010989,274.72527472527474,390.967032967033,116.24175824175825,91,2,2024,-0.07453864518187565,40.11827649600005
06,Badajoz,06088,Montijo,338.9005235602094,282.7958115183246,375.27748691099475,92.48167539267013,382,2,2024,-6.57827190397138,38.95419922900004
18,Granada,18158,Pinos Puente,338.6857142857143,294.62857142857143,384.57142857142856,89.94285714285712,70,2,2024,-3.7589292455828462,37.23297500500004
24,León,24157,Santa María del Páramo,338.58947368421053,284.0736842105263,380.61052631578946,96.53684210526313,95,2,2024,-5.734571427347998,42.357407440500054
46,Valencia/Valéncia,46042,Aielo de Malferit,338.4561403508772,300.0,389.6666666666667,89.66666666666669,57,2,2024,-0.5979908544223791,38.89616974850003
30,Murcia,30029,Mula,338.3647798742138,288.3647798742138,399.7672955974843,111.40251572327048,318,2,2024,-1.5188119318002213,38.03013224900005
06,Badajoz,06095,Olivenza,338.2474226804124,288.2474226804124,391.30927835051546,103.06185567010306,291,2,2024,-7.132323441469897,38.615589728500055
24,León,24064,Cubillos del Sil,338.0,231.0,675.0,444.0,10,1,2024,-6.576498416537801,42.65279574900006
24,León,24148,San Justo de la Vega,338.0,270.0,400.0,130.0,12,1,2024,-6.007652987200278,42.462282249000054
26,"Rioja, La",26017,Arnedillo,338.0,299.0,399.0,100.0,12,1,2024,-2.242005727593992,42.21585252750006
19,Guadalajara,19113,Espinosa de Henares,338.0,295.0,427.0,132.0,14,1,2024,-3.0708287763449613,40.891434021000066
22,Huesca,22057,Bielsa,338.0,291.0,466.0,175.0,18,1,2024,0.1803897281007344,42.65799597550006
32,Ourense,32030,Entrimo,338.0,261.0,428.0,167.0,10,1,2024,-8.137757145662846,41.94784355200005
41,Sevilla,41022,"Campana, La",337.95238095238096,270.95238095238096,419.04761904761904,148.09523809523807,21,2,2024,-5.411611183717929,37.55930624900006
46,Valencia/Valéncia,46156,Llombai,337.92537313432837,281.1940298507463,416.95522388059703,135.76119402985074,67,2,2024,-0.5774659478942499,39.29880228850004
18,Granada,18162,Polopos,337.75409836065575,294.26229508196724,384.11475409836066,89.85245901639342,61,2,2024,-3.3019336110152055,36.78378695750004
43,Tarragona,43104,"Perelló, El",337.6744186046512,292.04651162790697,428.4651162790698,136.4186046511628,86,2,2024,0.6999672090144033,40.88651576950005
50,Zaragoza,50068,Calatorao,337.58666666666664,273.2133333333333,407.32,134.10666666666668,150,2,2024,-1.2922414961207547,41.52452010400006
32,Ourense,32009,"Barco de Valdeorras, O",337.3952618453865,283.1197007481297,398.21820448877804,115.09850374064837,802,2,2024,-6.983096491033562,42.43340093350005
41,Sevilla,41097,Villamanrique de la Condesa,337.3333333333333,289.23333333333335,377.3333333333333,88.09999999999997,60,2,2024,-6.3187412623613195,37.22824079150004
43,Tarragona,43060,Flix,337.30434782608694,253.0,406.0782608695652,153.0782608695652,115,2,2024,0.5601305379078398,41.26055875350005
31,Navarra,31078,Cortes,337.1904761904762,269.0,376.8095238095238,107.8095238095238,42,2,2024,-1.4531437065551878,41.93867657250004
29,Málaga,29017,Archidona,336.9724770642202,255.8348623853211,425.9449541284404,170.11009174311928,109,2,2024,-4.3890444909645545,37.09513149900005
14,Córdoba,14054,Pozoblanco,336.91803278688525,276.1475409836066,378.4590163934426,102.31147540983602,610,2,2024,-4.754133261572964,38.25945300750004
11,Cádiz,11019,Grazalema,336.8235294117647,300.94117647058823,400.29411764705884,99.35294117647061,34,2,2024,-5.387245576239488,36.767515996500066
33,Asturias,33040,Nava,336.79487179487177,286.13461538461536,433.63461538461536,147.5,156,2,2024,-5.483296639554762,43.34951300200004
37,Salamanca,37016,Aldealengua,336.7391304347826,278.69565217391306,418.0,139.30434782608694,23,2,2024,-5.549810756273495,40.98639996950007
13,Ciudad Real,13079,"Solana, La",336.60689655172416,265.4068965517241,405.55172413793105,140.14482758620693,145,2,2024,-3.215687295287609,38.942079158500036
27,Lugo,27040,Palas de Rei,336.59090909090907,273.27272727272725,388.3863636363636,115.11363636363637,44,2,2024,-7.839493929950497,42.89909949900007
33,Asturias,33049,Piloña,336.46305418719214,273.8029556650246,413.04433497536945,139.24137931034483,203,2,2024,-5.336542504410531,43.330443915000046
23,Jaén,23087,Torredonjimeno,336.242774566474,301.04046242774564,392.21965317919074,91.1791907514451,173,2,2024,-4.041105528253434,37.791627169000066
23,Jaén,23009,Baeza,336.0416666666667,282.2388888888889,391.0416666666667,108.8027777777778,360,2,2024,-3.4671110663772255,37.95339594400005
05,Ávila,05204,Sanchidrián,336.0,269.0,500.0,231.0,18,1,2024,-4.584783633897398,40.890757800000046
34,Palencia,34157,Saldaña,336.0,290.0,400.0,110.0,127,1,2024,-4.713371485850973,42.56973849900004
49,Zamora,49085,Galende,336.0,276.7894736842105,513.6315789473684,236.84210526315792,38,2,2024,-6.736073625825766,42.14428201650006
31,Navarra,31064,Cadreita,335.7647058823529,272.52941176470586,399.0,126.47058823529414,51,2,2024,-1.6900210058561576,42.222035466500074
36,Pontevedra,36017,"Estrada, A",335.6818181818182,266.7613636363636,407.5568181818182,140.79545454545456,616,2,2024,-8.435996630874659,42.68361110600006
12,Castellón/Castelló,12033,Cabanes,335.54901960784315,257.7843137254902,405.4901960784314,147.70588235294116,204,2,2024,0.09345647856450714,40.139939999000035
36,Pontevedra,36044,Pontecesures,335.5121951219512,284.0487804878049,390.9756097560976,106.92682926829269,123,2,2024,-8.644858239452281,42.71731446450005
27,Lugo,27031,Monforte de Lemos,335.09670987038885,264.64007976071787,405.4715852442672,140.83150548354934,1003,2,2024,-7.4869954845386575,42.50945071500007
18,Granada,18071,Dúrcal,335.0,295.0,400.0,105.0,182,2,2024,-3.5497790159679767,37.00980990200006
03,Alicante,03021,Banyeres de Mariola,334.96774193548384,273.0,405.5806451612903,132.5806451612903,155,2,2024,-0.6762755027832457,38.707040035000034
46,Valencia/Valéncia,46003,Atzeneta d'Albaida,334.8888888888889,295.1111111111111,364.22222222222223,69.11111111111114,27,2,2024,-0.49162521463096304,38.83156024900006
36,Pontevedra,36032,Moraña,334.86486486486484,297.0810810810811,409.5945945945946,112.51351351351349,74,2,2024,-8.586855766284136,42.56273245300005
04,Almería,04048,"Gallardos, Los",334.82142857142856,245.44642857142858,493.32142857142856,247.87499999999997,56,2,2024,-1.9304302720769897,37.16480977650005
05,Ávila,05041,Burgohondo,334.8076923076923,269.96153846153845,401.53846153846155,131.5769230769231,26,2,2024,-4.779236973645306,40.38841886450007
50,Zaragoza,50074,Caspe,334.782334384858,255.99053627760253,400.0473186119874,144.05678233438488,317,2,2024,-0.011384054577072873,41.259412141500064
16,Cuenca,16190,San Clemente,334.57142857142856,278.57142857142856,406.14285714285717,127.57142857142861,196,2,2024,-2.4391807670219503,39.40846229750005
11,Cádiz,11011,"Bosque, El",334.375,289.0625,389.1875,100.125,80,2,2024,-5.508567293884532,36.75210544750004
39,Cantabria,39026,Corvera de Toranzo,334.3235294117647,272.3529411764706,426.29411764705884,153.94117647058823,68,2,2024,-3.959863061647553,43.21455171900004
41,Sevilla,41039,Écija,334.21004566210047,254.1095890410959,410.027397260274,155.91780821917808,1095,2,2024,-5.062197437156869,37.53947574050005
14,Córdoba,14046,Nueva Carteya,333.9130434782609,278.2608695652174,425.30434782608694,147.04347826086956,23,2,2024,-4.455692914261769,37.61354281350006
46,Valencia/Valéncia,46020,"Alcúdia de Crespins, l'",333.8695652173913,293.17391304347825,413.9130434782609,120.73913043478262,115,2,2024,-0.6029412218466859,38.97224472150003
16,Cuenca,16113,Iniesta,333.3984375,286.71875,399.03125,112.3125,128,2,2024,-1.759905496662769,39.458696533500046
32,Ourense,32085,Verín,333.34538878842676,277.99276672694396,372.70524412296567,94.71247739602171,553,2,2024,-7.421402677304322,41.88920548050004
24,León,24021,Boñar,333.2162162162162,258.9189189189189,425.02702702702703,166.10810810810813,37,2,2024,-5.298165469552536,42.910661334000054
14,Córdoba,14043,Montoro,333.1521739130435,280.55434782608694,414.9782608695652,134.42391304347825,92,2,2024,-4.353047883762388,38.095628079500045
44,Teruel,44076,Cella,332.8767123287671,285.6164383561644,400.0,114.3835616438356,73,2,2024,-1.2995258856512266,40.43899273100004
23,Jaén,23028,Cazorla,332.65822784810126,280.22151898734177,383.9620253164557,103.74050632911394,158,2,2024,-2.9464778665087135,37.90464847150005
04,Almería,04903,"Mojonera, La",332.4871794871795,256.56410256410254,433.5897435897436,177.02564102564105,78,2,2024,-2.6923600279230255,36.76591178750007
46,Valencia/Valéncia,46006,Albaida,332.41206030150755,271.32663316582915,400.24120603015075,128.9145728643216,199,2,2024,-0.5209340049471094,38.84749569050004
04,Almería,04062,Macael,332.27272727272725,275.65909090909093,386.04545454545456,110.38636363636363,44,2,2024,-2.288339234896476,37.31250090000006
46,Valencia/Valéncia,46229,Siete Aguas,332.22535211267603,255.1267605633803,428.0281690140845,172.9014084507042,71,2,2024,-0.9109902059819772,39.48697763600006
36,Pontevedra,36030,Mondariz,332.2191780821918,275.3424657534247,403.28767123287673,127.94520547945206,73,2,2024,-8.45188050400191,42.238346249000045
21,Huelva,21011,Beas,332.09302325581393,290.2325581395349,395.06976744186045,104.83720930232556,43,2,2024,-6.8092150167896,37.461202439500056
46,Valencia/Valéncia,46084,Càrcer,332.0888888888889,283.8666666666667,406.35555555555555,122.48888888888888,45,2,2024,-0.5747264325179515,39.05968176700003
46,Valencia/Valéncia,46160,Manuel,332.0,289.54545454545456,425.8181818181818,136.27272727272725,66,2,2024,-0.49596875152175274,39.05288524900007
41,Sevilla,41073,"Pedroso, El",332.0,265.0,391.0,126.0,34,1,2024,-5.7924835645475685,37.78263120500006
29,Málaga,29001,Alameda,331.93548387096774,316.7096774193548,374.5806451612903,57.87096774193549,31,2,2024,-4.664132875592184,37.23110494800005
27,Lugo,27057,Sarria,331.90812720848055,276.6643109540636,402.4363957597173,125.77208480565372,566,2,2024,-7.435421557177175,42.76886232600006
43,Tarragona,43094,Móra la Nova,331.7894736842105,269.6842105263158,419.9298245614035,150.24561403508773,114,2,2024,0.6699501704675255,41.08873663900005
16,Cuenca,16154,"Pedroñeras, Las",331.7734375,290.9765625,385.765625,94.7890625,128,2,2024,-2.6700558908641616,39.44130450000006
12,Castellón/Castelló,12081,Navajas,331.05882352941177,264.0,396.70588235294116,132.70588235294116,68,2,2024,-0.4999750197413662,39.88116905150005
26,"Rioja, La",26124,Ribafrecha,331.0,295.0,367.0,72.0,10,1,2024,-2.373121990910675,42.357639691500054
02,Albacete,02024,Casas-Ibáñez,330.8994413407821,258.9664804469274,415.13966480446925,156.17318435754186,179,2,2024,-1.472946172196508,39.31118949800006
30,Murcia,30001,Abanilla,330.8857142857143,241.14285714285714,444.3142857142857,203.17142857142855,70,2,2024,-1.0510829732653377,38.244024768500054
27,Lugo,27065,Vilalba,330.69,252.625,400.0,147.375,400,2,2024,-7.691224328026271,43.32521340450003
06,Badajoz,06143,Valverde de Leganés,330.45454545454544,291.8636363636364,394.1363636363636,102.27272727272725,44,2,2024,-6.976152048991306,38.65984363800007
24,León,24030,Cacabelos,330.36842105263156,300.0,414.7368421052632,114.73684210526318,133,2,2024,-6.7345065634705925,42.63013242650007
22,Huesca,22099,Esplús,330.27272727272725,271.8181818181818,389.6363636363636,117.81818181818181,22,2,2024,0.29866165825245006,41.760627749000065
44,Teruel,44238,Utrillas,330.16,303.50666666666666,382.68,79.17333333333335,75,2,2024,-0.855532736086099,40.79980539550007
45,Toledo,45013,Almorox,330.05,241.725,402.85,161.12500000000003,80,2,2024,-4.391046725640008,40.255565972000056
21,Huelva,21063,San Bartolomé de la Torre,330.0,300.0,373.0,73.0,36,1,2024,-7.095602734546098,37.434518162000046
50,Zaragoza,50143,Longares,330.0,185.0,515.0,330.0,12,1,2024,-1.1542878080900532,41.387693371500035
41,Sevilla,41042,Fuentes de Andalucía,330.0,281.0,425.0,144.0,35,1,2024,-5.315826093470464,37.512046590500034
33,Asturias,33052,Proaza,330.0,237.0,488.0,251.0,10,1,2024,-6.047685207736472,43.230512983500034
34,Palencia,34005,Alar del Rey,330.0,293.0,369.0,76.0,21,1,2024,-4.301211376453125,42.67036655700005
45,Toledo,45167,"Toboso, El",330.0,242.0,470.0,228.0,12,1,2024,-2.9835517577479296,39.527881999000044
25,Lleida,25115,Isona i Conca Dellà,330.0,282.0,350.0,68.0,20,1,2024,1.0540975577168614,42.12855842800005
13,Ciudad Real,13098,Viso del Marqués,330.0,280.0,355.0,75.0,13,1,2024,-3.562053739200416,38.53381848500004
46,Valencia/Valéncia,46044,Ayora,329.99342105263156,251.56578947368422,384.3421052631579,132.7763157894737,152,2,2024,-1.068867801476131,39.03366184850006
04,Almería,04088,Tabernas,329.6875,259.875,473.8125,213.9375,32,2,2024,-2.3526086937571886,37.07051678500005
23,Jaén,23024,"Carolina, La",329.6868327402135,284.51957295373666,391.7153024911032,107.19572953736656,281,2,2024,-3.594541973725449,38.29929555750004
32,Ourense,32019,"Carballiño, O",329.4260089686099,270.7473841554559,394.49177877428997,123.74439461883406,669,2,2024,-8.063970225687585,42.44699393500005
06,Badajoz,06005,"Albuera, La",329.0,255.0,392.0,137.0,16,1,2024,-6.7983903636792755,38.71221200550005
46,Valencia/Valéncia,46016,Alcàntera de Xúquer,329.0,290.0,357.0,67.0,24,1,2024,-0.5589025304298045,39.06722016450004
45,Toledo,45067,Gálvez,328.6885245901639,278.6885245901639,384.42622950819674,105.73770491803282,61,2,2024,-4.288866001809778,39.726335499000044
45,Toledo,45087,Madridejos,328.6740331491713,277.8674033149171,379.2099447513812,101.3425414364641,181,2,2024,-3.5379049372809543,39.444278835000034
15,"Coruña, A",15020,Carnota,328.57142857142856,262.265306122449,449.7959183673469,187.53061224489795,49,2,2024,-9.080848723151743,42.83712795000005
30,Murcia,30020,Fortuna,328.3862068965517,281.9103448275862,400.0,118.08965517241381,145,2,2024,-1.1595536883618105,38.23050441150005
06,Badajoz,06025,Calamonte,328.3050847457627,224.61016949152543,399.08474576271186,174.47457627118644,59,2,2024,-6.381934873401717,38.87425284200006
33,Asturias,33010,Candamo,328.0,256.0,400.0,144.0,26,1,2024,-6.059091243118589,43.45365190350003
50,Zaragoza,50110,"Frasno, El",328.0,268.0,406.0,138.0,10,1,2024,-1.4972511920080043,41.40770612450004
21,Huelva,21056,Paterna del Campo,328.0,255.0,441.0,186.0,16,1,2024,-6.4746928820553205,37.47484764200004
22,Huesca,22060,Binaced,328.0,250.0,450.0,200.0,38,1,2024,0.21048310781544427,41.814926152000055
02,Albacete,02026,Cenizate,328.0,250.0,400.0,150.0,23,1,2024,-1.654640382745515,39.29780167600006
19,Guadalajara,19266,Tendilla,328.0,240.0,431.0,191.0,10,1,2024,-2.9519625238559746,40.54936024500006
18,Granada,18901,"Taha, La",328.0,200.0,400.0,200.0,14,1,2024,-3.3309317667364096,36.93326129400003
46,Valencia/Valéncia,46258,Villar del Arzobispo,327.92,262.56,398.56,136.0,100,2,2024,-0.8197304742614152,39.70934499900005
12,Castellón/Castelló,12080,Morella,327.8181818181818,265.90909090909093,381.54545454545456,115.63636363636363,132,2,2024,-0.0796962219606242,40.577985584500055
33,Asturias,33038,Morcín,327.6470588235294,248.01176470588234,442.5176470588235,194.50588235294117,85,2,2024,-5.903053403456036,43.26789475350003
23,Jaén,23053,Jódar,327.6222222222222,285.55555555555554,389.02222222222224,103.4666666666667,45,2,2024,-3.3326982507994583,37.834714999000056
18,Granada,18006,Albuñol,327.484375,291.9270833333333,396.0208333333333,104.09375,192,2,2024,-3.1880080594513256,36.78928949900006
43,Tarragona,43078,Masdenverge,327.2368421052632,239.3421052631579,373.0263157894737,133.6842105263158,38,2,2024,0.5304827653656934,40.716018432000055
36,Pontevedra,36056,Valga,327.2,283.88,424.92,141.04000000000002,50,2,2024,-8.65068645367278,42.689713270000055
41,Sevilla,41074,Peñaflor,327.0,300.0,350.0,50.0,15,1,2024,-5.365721879501292,37.72940461950006
09,Burgos,09048,Belorado,327.0,287.0,386.0,99.0,47,1,2024,-3.1947047920010583,42.42823522900005
14,Córdoba,14001,Adamuz,327.0,238.0,373.0,135.0,10,1,2024,-4.578226755019056,38.10913097300005
37,Salamanca,37135,"Fuente de San Esteban, La",327.0,251.5,450.0,198.5,26,2,2024,-6.222393416327748,40.78875081350006
08,Barcelona,08201,Sant Boi de Lluçanès,326.92857142857144,244.78571428571428,424.0,179.21428571428572,28,2,2024,2.15649402980033,42.05078219650005
22,Huesca,22074,Campo,326.8679245283019,266.188679245283,388.8301886792453,122.64150943396226,53,2,2024,0.400973256225971,42.43214512050005
43,Tarragona,43116,Prades,326.5652173913044,253.0,428.5652173913044,175.56521739130437,46,2,2024,1.0070884363218564,41.32285329650006
45,Toledo,45078,Huerta de Valdecarábanos,326.4782608695652,299.39130434782606,475.9130434782609,176.5217391304348,23,2,2024,-3.6197272616191785,39.83158474900006
05,Ávila,05227,Santa María del Tiétar,326.24,249.14,387.12,137.98000000000002,50,2,2024,-4.547190313462073,40.30132599900003
15,"Coruña, A",15067,"Pobra do Caramiñal, A",326.02941176470586,281.1764705882353,382.5147058823529,101.33823529411762,272,2,2024,-8.93664492506517,42.62859543600004
15,"Coruña, A",15032,Curtis,326.01463414634145,252.18048780487806,399.1219512195122,146.94146341463414,205,2,2024,-8.04437924547882,43.142873387000066
12,Castellón/Castelló,12121,Traiguera,326.0,238.0,425.0,187.0,14,1,2024,0.30845175537262715,40.54719174900006
45,Toledo,45137,"Pueblanueva, La",326.0,264.0,400.0,136.0,20,1,2024,-4.701034260497886,39.91512918650005
18,Granada,18151,Pampaneira,326.0,300.0,502.0,202.0,11,1,2024,-3.386774844147502,36.97079481050005
05,Ávila,05163,Navaluenga,325.64383561643837,254.97260273972603,423.972602739726,169.0,73,2,2024,-4.697926349159808,40.399362499000034
43,Tarragona,43156,Ulldecona,325.6363636363636,272.2181818181818,402.54545454545456,130.32727272727277,220,2,2024,0.43338149712939555,40.61801209250007
10,Cáceres,10067,Coria,325.421686746988,277.4096385542169,373.87951807228916,96.46987951807228,415,2,2024,-6.510312041569472,39.97838406650007
14,Córdoba,14030,Fuente Palmera,325.3333333333333,294.0,365.3333333333333,71.33333333333331,132,2,2024,-5.094601767847635,37.72181578100006
27,Lugo,27016,Chantada,325.2692307692308,269.4230769230769,372.5769230769231,103.15384615384619,260,2,2024,-7.806725229871136,42.617657069000046
06,Badajoz,06122,"Santos de Maimona, Los",325.2526315789474,270.0,388.88421052631577,118.88421052631577,95,2,2024,-6.330409390698663,38.47088800450004
25,Lleida,25245,Vilaller,325.0,278.0,415.0,137.0,10,1,2024,0.7495186211515186,42.53521386600005
40,Segovia,40141,Navalmanzano,325.0,282.0,368.0,86.0,17,1,2024,-4.254245318278148,41.21856674900005
44,Teruel,44049,Calaceite,325.0,252.0,745.0,493.0,13,1,2024,0.18637265919778762,41.01763054400007
43,Tarragona,43022,Batea,325.0,241.0,376.0,135.0,10,1,2024,0.29212851940262835,41.10637442050003
42,Soria,42113,Medinaceli,325.0,264.0,380.0,116.0,21,1,2024,-2.4347705860690207,41.16323327200004
14,Córdoba,14010,Benamejí,325.0,222.0,433.0,211.0,14,1,2024,-4.529282179126081,37.244508626000055
32,Ourense,32073,Rubiá,325.0,213.0,551.0,338.0,12,1,2024,-6.891323744518756,42.46537985850006
23,Jaén,23056,Lopera,325.0,257.0,443.5,186.5,20,2,2024,-4.227323730319172,37.962083902000046
19,Guadalajara,19060,Campillo de Ranas,325.0,287.0,500.0,213.0,12,1,2024,-3.31339551702423,41.06426811400004
11,Cádiz,11034,Setenil de las Bodegas,325.0,231.0,455.0,224.0,10,1,2024,-5.189430490169597,36.87949752900005
50,Zaragoza,50230,Sádaba,324.86486486486484,275.64864864864865,376.13513513513516,100.48648648648651,37,2,2024,-1.3125100026295649,42.27359525000006
06,Badajoz,06149,Villafranca de los Barros,324.5,300.0,358.53333333333336,58.53333333333336,210,2,2024,-6.336102710790939,38.588673203500036
45,Toledo,45142,Quintanar de la Orden,324.09022556390977,282.7268170426065,376.2706766917293,93.5438596491228,399,2,2024,-3.022941920991861,39.59533665650005
21,Huelva,21018,"Campillo, El",324.0,225.0,356.0,131.0,10,1,2024,-6.620837568391772,37.688146495500064
32,Ourense,32055,Paderne de Allariz,324.0,250.0,488.0,238.0,24,1,2024,-7.747171343660573,42.27203316200004
27,Lugo,27005,Barreiros,323.88,279.5,404.74,125.24000000000001,100,2,2024,-7.248249311848149,43.51427451650005
45,Toledo,45028,Calera y Chozas,323.87628865979383,237.0,419.3814432989691,182.3814432989691,97,2,2024,-5.02479064686638,39.86854196400006
33,Asturias,33023,"Franco, El",323.6223776223776,272.7972027972028,390.46853146853147,117.6713286713287,143,2,2024,-6.833253203167477,43.507636618500044
25,Lleida,25034,Artesa de Segre,323.50961538461536,274.59134615384613,380.40865384615387,105.81730769230774,208,2,2024,1.0983767623396365,41.93829303250004
24,León,24098,Matallana de Torío,323.0,228.0,425.0,197.0,16,1,2024,-5.520057940128715,42.84904896400005
24,León,24209,Villafranca del Bierzo,323.0,281.0,371.0,90.0,70,1,2024,-6.7940083660311235,42.696143584000055
15,"Coruña, A",15029,Coristanco,322.85714285714283,254.85714285714286,410.85714285714283,155.99999999999997,49,2,2024,-8.757562829230213,43.15840146250005
14,Córdoba,14058,Rute,322.7959183673469,231.89795918367346,366.83673469387753,134.93877551020407,98,2,2024,-4.352215880953642,37.34743781550003
33,Asturias,33074,Vegadeo,322.57055214723925,249.43558282208588,391.0920245398773,141.6564417177914,163,2,2024,-6.9999969624063505,43.41650688450005
15,"Coruña, A",15046,Melide,322.4342105263158,250.0,390.13157894736844,140.13157894736844,380,2,2024,-8.029406704964837,42.93330674050006
10,Cáceres,10021,Arroyo de la Luz,322.2368421052632,258.55263157894734,402.7105263157895,144.15789473684214,38,2,2024,-6.585120029705028,39.52527816750006
46,Valencia/Valéncia,46079,Calles,322.0,260.0,355.0,95.0,17,1,2024,-0.9419363016334787,39.73631004150005
12,Castellón/Castelló,12095,Ribesalbes,322.0,250.0,378.0,128.0,14,1,2024,-0.2829664721036186,40.03166974900006
37,Salamanca,37322,Terradillos,322.0,258.0,380.0,122.0,98,1,2024,-5.576481944365018,40.84977709200007
46,Valencia/Valéncia,46149,Losa del Obispo,322.0,250.0,364.0,114.0,14,1,2024,-0.862704716379276,39.70430749900004
36,Pontevedra,36024,Lalín,321.7469879518072,268.66064257028114,375.96787148594376,107.30722891566262,996,2,2024,-8.09576181060486,42.65710658900005
11,Cádiz,11024,Olvera,321.6,276.6,455.0,178.39999999999998,40,2,2024,-5.329227727670363,36.95286572800006
30,Murcia,30032,Pliego,321.50943396226415,276.79245283018867,375.47169811320754,98.67924528301887,53,2,2024,-1.5021477934210283,37.97787361600004
18,Granada,18177,Sorvilán,321.0,270.0,381.0,111.0,10,1,2024,-3.2605766542681573,36.792384358500044
14,Córdoba,14041,Montemayor,321.0,242.0,451.0,209.0,13,1,2024,-4.657964422582331,37.65372660750006
46,Valencia/Valéncia,46072,Bocairent,320.57142857142856,252.62857142857143,379.77142857142854,127.14285714285711,70,2,2024,-0.6108045231801635,38.74168767700007
06,Badajoz,06067,Higuera la Real,320.4347826086956,284.4782608695652,328.69565217391306,44.21739130434787,23,2,2024,-6.735352274583324,38.15731336250005
45,Toledo,45062,Escalonilla,320.0,241.0,378.0,137.0,14,1,2024,-4.352801985081991,39.917457589000065
21,Huelva,21006,Alosno,320.0,230.0,450.0,220.0,19,1,2024,-7.098879823864875,37.560581057000064
44,Teruel,44037,Beceite,320.0,288.0,355.0,67.0,13,1,2024,0.19537229883833074,40.80700863100006
28,Madrid,28128,Rozas de Puerto Real,320.0,175.0,475.0,300.0,13,1,2024,-4.505517847511873,40.30093878400004
03,Alicante,03074,Granja de Rocamora,320.0,277.05555555555554,384.94444444444446,107.88888888888891,54,2,2024,-0.8692034038388761,38.15757815750007
16,Cuenca,16023,Chillarón de Cuenca,320.0,275.0,390.0,115.0,19,1,2024,-2.2105603277912316,40.11722975950005
24,León,24121,Puebla de Lillo,320.0,285.0,531.0,246.0,10,1,2024,-5.301850262482018,43.031201528000054
46,Valencia/Valéncia,46118,Enguera,320.0,271.5744680851064,387.25531914893617,115.68085106382978,141,2,2024,-0.7988162349410455,38.96411899900005
15,"Coruña, A",15055,Neda,319.6923076923077,233.07692307692307,390.0769230769231,157.00000000000003,130,2,2024,-8.127247554663928,43.49914469950005
05,Ávila,05021,"Barco de Ávila, El",319.49152542372883,280.0,368.3220338983051,88.32203389830511,118,2,2024,-5.519000164489677,40.35617649900004
16,Cuenca,16175,Quintanar del Rey,319.3333333333333,272.6666666666667,389.3333333333333,116.66666666666663,171,2,2024,-1.934015676882533,39.33369895550004
32,Ourense,32086,Viana do Bolo,319.3243243243243,256.14864864864865,384.9594594594595,128.81081081081084,74,2,2024,-7.058993110995052,42.15355024900006
15,"Coruña, A",15023,Cee,319.09859154929575,272.9267605633803,387.48169014084505,114.55492957746475,355,2,2024,-9.197718326023779,42.96346907500006
46,Valencia/Valéncia,46062,Benigánim,319.06976744186045,253.72093023255815,398.90697674418607,145.18604651162792,86,2,2024,-0.45195377992959457,38.950723170500055
39,Cantabria,39013,Cabezón de Liébana,319.0,292.0,423.0,131.0,11,1,2024,-4.543425457202506,43.12845951500006
24,León,24139,Sahagún,318.95604395604397,279.45054945054943,368.2087912087912,88.75824175824175,91,2,2024,-5.017225947041607,42.35095920800006
06,Badajoz,06052,Fuente de Cantos,318.85,253.15,370.225,117.07500000000002,40,2,2024,-6.267139021078894,38.22481399550006
15,"Coruña, A",15043,Malpica de Bergantiños,318.83720930232556,257.2674418604651,420.4767441860465,163.2093023255814,86,2,2024,-8.822950870381531,43.29787973300006
33,Asturias,33047,Peñamellera Baja,318.68,242.88,368.72,125.84000000000003,25,2,2024,-4.587959588966649,43.30415158300005
18,Granada,18050,Cogollos de la Vega,318.55172413793105,273.62068965517244,474.3448275862069,200.72413793103448,29,2,2024,-3.5636363876487405,37.29734171450005
32,Ourense,32032,Xinzo de Limia,318.46534653465346,264.7821782178218,371.0668316831683,106.28465346534648,404,2,2024,-7.740644476604716,42.04305831050007
15,"Coruña, A",15037,Fisterra,318.3380281690141,250.59154929577466,423.943661971831,173.35211267605632,71,2,2024,-9.26285796452743,42.93371073700007
18,Granada,18116,Lanjarón,318.3333333333333,245.55555555555554,401.0833333333333,155.52777777777777,72,2,2024,-3.460197385734669,36.95772949900004
33,Asturias,33033,Lena,318.26244343891403,252.5339366515837,396.63574660633486,144.10180995475116,442,2,2024,-5.791492850336885,43.081853306000056
13,Ciudad Real,13093,Villanueva de los Infantes,318.1578947368421,263.1578947368421,387.57894736842104,124.42105263157896,57,2,2024,-3.0504917015735016,38.72391324900005
27,Lugo,27902,Burela,318.1469594594595,272.9054054054054,367.7432432432432,94.83783783783781,592,2,2024,-7.368271106191417,43.657392261500036
40,Segovia,40024,Ayllón,318.1267605633803,247.2394366197183,430.15492957746477,182.91549295774647,71,2,2024,-3.352498955051437,41.36480229700004
34,Palencia,34098,Magaz de Pisuerga,318.0,300.0,399.0,99.0,18,1,2024,-4.4395252901671025,41.98456387900006
06,Badajoz,06902,Pueblonuevo del Guadiana,318.0,267.0,400.0,133.0,22,1,2024,-6.759593202906464,38.91590084550003
02,Albacete,02025,Caudete,317.96875,262.03125,382.09375,120.0625,256,2,2024,-1.0262621086644876,38.722917388500036
22,Huesca,22053,Benabarre,317.6808510638298,257.36170212765956,376.468085106383,119.10638297872345,47,2,2024,0.47127483978379225,42.08741913250006
10,Cáceres,10212,Villanueva de la Vera,317.632183908046,271.5632183908046,366.8045977011494,95.24137931034483,87,2,2024,-5.432552990280524,40.163855033500056
04,Almería,04086,Sorbas,317.2631578947368,245.26315789473685,407.5263157894737,162.26315789473685,38,2,2024,-2.1008197547453142,37.107765477000044
09,Burgos,09211,Melgar de Fernamental,317.09090909090907,265.1515151515151,436.75757575757575,171.60606060606062,33,2,2024,-4.272047883428677,42.43679246600004
21,Huelva,21025,Cortegana,317.0731707317073,276.9512195121951,391.8292682926829,114.8780487804878,82,2,2024,-6.987501479304093,37.80945999550005
18,Granada,18122,Loja,317.0440251572327,261.27672955974845,381.37106918238993,120.09433962264148,318,2,2024,-4.205536512002379,37.151435201000055
27,Lugo,27059,Sober,317.0,250.0,496.0,246.0,17,1,2024,-7.572291796564533,42.44184633650005
27,Lugo,27047,"Pobra do Brollón, A",317.0,250.0,456.0,206.0,10,1,2024,-7.358629031445756,42.549299281500055
15,"Coruña, A",15049,Moeche,317.0,250.0,461.0,211.0,22,1,2024,-7.9710092919173405,43.56259301350005
18,Granada,18168,Quéntar,317.0,254.0,449.0,195.0,10,1,2024,-3.395921455644662,37.22918328000006
46,Valencia/Valéncia,46231,Simat de la Valldigna,316.7088607594937,262.9746835443038,374.36708860759495,111.39240506329116,79,2,2024,-0.3354385862547372,39.04098954950004
15,"Coruña, A",15022,Cedeira,316.60833333333335,242.20833333333334,386.9916666666667,144.78333333333333,240,2,2024,-8.012915123536773,43.67748041950006
45,Toledo,45156,Santa Cruz de la Zarza,316.60215053763443,297.0430107526882,384.8817204301075,87.83870967741933,93,2,2024,-3.175043027202695,39.966501081000075
10,Cáceres,10105,Jarandilla de la Vera,316.6,253.04,372.6,119.56000000000003,125,2,2024,-5.647101400998361,40.09448005200005
06,Badajoz,06074,Llerena,316.2358974358974,264.2871794871795,369.4871794871795,105.19999999999999,195,2,2024,-6.0408666247091185,38.23675038050007
33,Asturias,33059,Salas,316.2313432835821,269.4776119402985,383.1194029850746,113.64179104477608,134,2,2024,-6.232620956778689,43.408225851000054
02,Albacete,02051,Montealegre del Castillo,316.1290322580645,266.2258064516129,426.19354838709677,159.96774193548384,31,2,2024,-1.2887930215506713,38.758369499000054
14,Córdoba,14029,Fuente Obejuna,316.0,275.0,388.0,113.0,16,1,2024,-5.4161741706644,38.28755114550006
16,Cuenca,16198,Sisante,316.0,250.0,400.0,150.0,28,1,2024,-2.169410392121509,39.39087102700006
18,Granada,18192,Zafarraya,316.0,294.0,356.0,62.0,16,1,2024,-4.151155508754716,36.99472483050005
41,Sevilla,41033,Constantina,316.0,261.0,364.5,103.5,80,2,2024,-5.596477376350933,37.84755620700005
32,Ourense,32034,"Gudiña, A",316.0,252.0,371.0,119.0,12,1,2024,-7.170935109157099,42.045088756500036
14,Córdoba,14050,Pedro Abad,315.76666666666665,275.93333333333334,352.93333333333334,77.0,30,2,2024,-4.4522469537251,37.97127390400004
13,Ciudad Real,13066,Pozuelo de Calatrava,315.55,257.125,402.875,145.75,120,2,2024,-3.8310162183901104,38.88013188900004
37,Salamanca,37008,Alba de Tormes,315.5398773006135,277.33742331288346,368.3680981595092,91.03067484662574,163,2,2024,-5.499350254725963,40.82475427600005
10,Cáceres,10111,Madrigal de la Vera,315.4901960784314,271.94117647058823,443.19607843137254,171.2549019607843,51,2,2024,-5.378109524341446,40.18320803000006
15,"Coruña, A",15025,Cerdido,315.0,233.0,388.0,155.0,10,1,2024,-7.963697516821931,43.604173653500055
12,Castellón/Castelló,12039,Castellnovo,315.0,225.0,406.0,181.0,12,1,2024,-0.44714755898396535,39.85292774900003
25,Lleida,25082,Espot,315.0,300.0,462.0,162.0,15,1,2024,1.0506038057330946,42.557140162500076
18,Granada,18013,Alhama de Granada,314.96610169491527,257.89830508474574,406.1186440677966,148.22033898305085,59,2,2024,-4.008965633591654,37.00097110200005
23,Jaén,23059,Marmolejo,314.8181818181818,270.72727272727275,369.8181818181818,99.09090909090907,44,2,2024,-4.166934706867516,38.07966140600004
12,Castellón/Castelló,12034,Càlig,314.64383561643837,250.3013698630137,418.2191780821918,167.91780821917808,73,2,2024,0.3544486391316037,40.47176728200006
14,Córdoba,14055,Priego de Córdoba,314.48096885813146,277.2387543252595,364.24221453287197,87.00346020761248,289,2,2024,-4.176133406888024,37.448135223000065
45,Toledo,45125,Oropesa,314.30434782608694,289.8550724637681,393.1304347826087,103.27536231884056,69,2,2024,-5.173648755690111,39.97180076950005
37,Salamanca,37170,Ledesma,314.0,245.1304347826087,332.8695652173913,87.73913043478262,46,2,2024,-6.0038430969826795,41.13482990150007
06,Badajoz,06127,Talarrubias,314.0,258.0,350.0,92.0,30,1,2024,-5.208529413806171,39.12464384300006
42,Soria,42164,San Leonardo de Yagüe,313.9583333333333,256.2083333333333,375.375,119.16666666666669,48,2,2024,-3.0810117196205082,41.834867528000046
23,Jaén,23088,Torreperogil,313.5068493150685,281.7808219178082,346.90410958904107,65.12328767123284,73,2,2024,-3.2477892703753937,38.01937747550005
11,Cádiz,11901,Benalup-Casas Viejas,313.0128205128205,258.97435897435895,372.9871794871795,114.01282051282055,78,2,2024,-5.772818846213941,36.33465746850004
49,Zamora,49100,Lubián,313.0,244.0,402.0,158.0,10,1,2024,-6.893590187423307,42.04989049900007
10,Cáceres,10026,Belvís de Monroy,313.0,206.0,416.0,210.0,12,1,2024,-5.604067587976147,39.81464361600007
02,Albacete,02078,Villalgordo del Júcar,313.0,265.0,365.0,100.0,19,1,2024,-2.042470385764605,39.319232053000036
36,Pontevedra,36009,"Cañiza, A",312.5405405405405,257.68108108108106,369.2972972972973,111.61621621621623,185,2,2024,-8.2774630985233,42.21798131400004
42,Soria,42025,Arcos de Jalón,312.3076923076923,258.75384615384615,408.9384615384615,150.18461538461537,65,2,2024,-2.273988230684127,41.19307018200004
14,Córdoba,14057,"Rambla, La",312.2962962962963,282.5925925925926,353.8888888888889,71.2962962962963,54,2,2024,-4.7735085533444686,37.667265191500036
50,Zaragoza,50147,Luceni,312.0,279.0,547.0,268.0,17,1,2024,-1.2604790940398516,41.817304499000045
41,Sevilla,41082,"Roda de Andalucía, La",312.0,250.0,377.0,127.0,36,1,2024,-4.776288234423699,37.21141807950005
10,Cáceres,10049,Casar de Cáceres,312.0,265.0,365.3,100.30000000000001,90,2,2024,-6.461998912472103,39.57911707300005
37,Salamanca,37246,Peñaranda de Bracamonte,311.9569892473118,260.4301075268817,351.61290322580646,91.18279569892474,279,2,2024,-5.216234659923412,40.902148265500045
50,Zaragoza,50225,Ricla,311.94690265486724,273.8938053097345,376.1061946902655,102.21238938053102,113,2,2024,-1.4080053904940613,41.52432206950007
10,Cáceres,10177,Sierra de Fuentes,311.8421052631579,234.89473684210526,408.7894736842105,173.89473684210526,38,2,2024,-6.263835189590553,39.43175779950005
37,Salamanca,37376,Vitigudino,311.8181818181818,262.34090909090907,364.77272727272725,102.43181818181819,88,2,2024,-6.424878916655606,41.01798324550006
28,Madrid,28037,Cenicientos,311.57142857142856,271.42857142857144,382.0,110.57142857142856,49,2,2024,-4.501293329933941,40.24227579150005
05,Ávila,05047,Candeleda,311.5,246.25,377.5,131.25,164,2,2024,-5.27870327738145,40.17502084550006
43,Tarragona,43026,Benissanet,311.30434782608694,281.7391304347826,383.7391304347826,102.0,23,2,2024,0.5734994682332644,41.071928591000045
47,Valladolid,47159,Serrada,311.0,245.0,372.0,127.0,25,1,2024,-4.847830988518692,41.466477218500046
33,Asturias,33027,Grandas de Salime,311.0,298.0,396.0,98.0,15,1,2024,-6.917913158440939,43.188433094500056
45,Toledo,45187,Villafranca de los Caballeros,310.5777777777778,246.26666666666668,375.2,128.9333333333333,45,2,2024,-3.3659016268501722,39.44703204250007
11,Cádiz,11001,Alcalá de los Gazules,310.5301204819277,261.4457831325301,389.7831325301205,128.3373493975904,83,2,2024,-5.690336968772808,36.434751239000065
29,Málaga,29095,Villanueva de Algaidas,310.3333333333333,280.0,398.0,118.0,30,2,2024,-4.411870572432882,37.19468988700007
12,Castellón/Castelló,12140,Viver,310.07894736842104,247.03947368421052,418.5394736842105,171.5,76,2,2024,-0.624958260157203,39.93114449600006
14,Córdoba,14009,Belmez,310.06451612903226,269.35483870967744,472.0967741935484,202.74193548387098,31,2,2024,-5.165098715824251,38.267171702500065
34,Palencia,34022,Baltanás,310.0,268.0,355.0,87.0,14,1,2024,-4.212034103098572,41.947929799000036
18,Granada,18133,Molvízar,310.0,250.0,471.0,221.0,14,1,2024,-3.594953514371533,36.79495857200004
02,Albacete,02063,Pozohondo,310.0,222.0,464.0,242.0,18,1,2024,-1.9144472391206717,38.72902523850004
32,Ourense,32087,Vilamarín,310.0,209.0,379.0,170.0,14,1,2024,-7.888161476238061,42.46389718550006
23,Jaén,23047,"Iruela, La",310.0,256.0,352.0,96.0,26,1,2024,-2.92010845918474,37.962943897500054
43,Tarragona,43071,Horta de Sant Joan,310.0,224.0,402.0,178.0,10,1,2024,0.32463781732647834,40.928883797000054
10,Cáceres,10104,Jaraíz de la Vera,309.8937198067633,241.54589371980677,373.0338164251208,131.48792270531402,207,2,2024,-5.743379831610321,40.02419164250006
04,Almería,04047,Gádor,309.7959183673469,242.24489795918367,378.7959183673469,136.55102040816325,49,2,2024,-2.478801436897571,36.962335217500055
45,Toledo,45046,Cebolla,309.75,248.15,442.6,194.45000000000002,40,2,2024,-4.566919545887933,39.93531200450005
12,Castellón/Castelló,12012,Altura,309.2903225806452,251.16129032258064,398.61290322580646,147.45161290322582,124,2,2024,-0.5851675638994246,39.80408974900007
06,Badajoz,06060,Guareña,309.14285714285717,253.85714285714286,386.42857142857144,132.57142857142858,63,2,2024,-6.135560717725946,38.89189668550006
02,Albacete,02034,Fuentealbilla,308.43243243243245,268.86486486486484,360.56756756756755,91.70270270270271,37,2,2024,-1.5440900391630317,39.24102612500005
14,Córdoba,14022,Doña Mencía,308.41379310344826,238.79310344827587,373.0344827586207,134.24137931034483,58,2,2024,-4.366637560591128,37.55039303200007
36,Pontevedra,36013,Covelo,308.1186440677966,250.0,434.271186440678,184.27118644067798,59,2,2024,-8.352894891080762,42.26916739300006
46,Valencia/Valéncia,46170,Mogente/Moixent,308.07070707070704,248.7979797979798,366.82828282828285,118.03030303030306,99,2,2024,-0.7852177229649768,38.861557186000056
12,Castellón/Castelló,12124,Vall d'Alba,308.0701754385965,250.0,375.96491228070175,125.96491228070175,171,2,2024,-0.030738999581215884,40.17454899900005
25,Lleida,25190,Salàs de Pallars,308.0,290.0,449.0,159.0,11,1,2024,0.9203161431670572,42.22658885650006
15,"Coruña, A",15090,Vilasantar,308.0,152.0,400.0,248.0,14,1,2024,-8.09713961438837,43.07701272850008
15,"Coruña, A",15033,Dodro,308.0,215.0,380.0,165.0,13,1,2024,-8.71913693619419,42.72362905850005
23,Jaén,23006,Arjona,308.0,250.0,386.0,136.0,28,1,2024,-4.074580882188066,37.92881464350003
30,Murcia,30013,Calasparra,307.7586206896552,267.8965517241379,365.82758620689657,97.93103448275866,174,2,2024,-1.6602098679112416,38.232350249000035
32,Ourense,32072,"Rúa, A",307.47457627118644,258.47457627118644,360.52542372881356,102.05084745762713,177,2,2024,-7.121529359167829,42.413837264500046
12,Castellón/Castelló,12100,Sant Mateu,307.1830985915493,242.7887323943662,378.7323943661972,135.94366197183098,71,2,2024,0.17435624753343937,40.456371346000054
23,Jaén,23026,Castillo de Locubín,307.0,250.0,345.0,95.0,13,1,2024,-3.932474060638628,37.54718228050004
46,Valencia/Valéncia,46059,Benifairó de la Valldigna,306.42857142857144,262.7142857142857,442.3809523809524,179.66666666666669,21,2,2024,-0.31065476060143205,39.05936830550007
06,Badajoz,06050,Fregenal de la Sierra,306.37142857142857,276.1714285714286,365.8142857142857,89.64285714285711,70,2,2024,-6.573285429198813,38.201535854500065
14,Córdoba,14052,Peñarroya-Pueblonuevo,306.04545454545456,254.61363636363637,371.04545454545456,116.43181818181819,88,2,2024,-5.254896084257087,38.30617865700003
47,Valladolid,47129,Quintanilla de Onésimo,306.0,299.0,344.0,45.0,17,1,2024,-4.342351965067763,41.60149891650005
34,Palencia,34074,Frómista,306.0,267.0,350.0,83.0,10,1,2024,-4.400434602194105,42.27061474900006
18,Granada,18105,Iznalloz,306.0,250.0,379.0,129.0,16,1,2024,-3.564781536266522,37.42079147900006
16,Cuenca,16066,Casasimarro,306.0,250.0,400.0,150.0,43,1,2024,-2.0396789114685356,39.38484402900005
24,León,24130,Riaño,306.0,258.0,385.0,127.0,21,1,2024,-5.028494649880546,42.97587345650004
05,Ávila,05057,Cebreros,305.88235294117646,245.76470588235293,410.0,164.23529411764707,119,2,2024,-4.425110942031184,40.458251508000075
23,Jaén,23097,Villanueva del Arzobispo,305.48571428571427,243.88571428571427,364.0285714285714,120.14285714285714,70,2,2024,-2.9578953537969666,38.16436696000005
45,Toledo,45045,Cazalegas,305.2432432432432,219.72972972972974,393.18918918918916,173.45945945945942,74,2,2024,-4.687871003181517,40.007433627500035
36,Pontevedra,36052,Silleda,305.20446096654274,253.0,338.8252788104089,85.82527881040892,269,2,2024,-8.275256930052786,42.682772164000056
43,Tarragona,43149,Tivenys,305.17391304347825,259.82608695652175,373.30434782608694,113.47826086956519,23,2,2024,0.5557647208304166,40.916281323500044
25,Lleida,25232,Torres de Segre,305.0,276.0,400.0,124.0,32,1,2024,0.5369923747390741,41.53286433850005
22,Huesca,22245,Velilla de Cinca,305.0,219.0,501.0,282.0,14,1,2024,0.25291568321292607,41.58116866100005
32,Ourense,32060,Petín,305.0,135.0,345.0,210.0,12,1,2024,-7.106456338177627,42.36143474600004
34,Palencia,34017,Astudillo,305.0,261.0,351.0,90.0,14,1,2024,-4.343910791886653,42.16604469950008
25,Lleida,25202,Senterada,305.0,262.0,357.0,95.0,12,1,2024,0.925986171986095,42.31556874900005
06,Badajoz,06108,Puebla de Sancho Pérez,305.0,262.0,381.0,119.0,16,1,2024,-6.363487595037965,38.40446139850005
24,León,24056,Cistierna,304.7191011235955,247.82022471910113,395.2808988764045,147.46067415730334,89,2,2024,-5.107263709099577,42.79705656000007
05,Ávila,05186,Piedrahíta,304.57142857142856,247.4857142857143,379.42857142857144,131.94285714285715,70,2,2024,-5.337353760793432,40.47473537750005
42,Soria,42069,Covaleda,304.42857142857144,241.0,352.14285714285717,111.14285714285717,35,2,2024,-2.8595883727907876,41.953572158500066
11,Cádiz,11026,Prado del Rey,304.327868852459,251.21311475409837,339.6885245901639,88.47540983606555,61,2,2024,-5.552721718042637,36.78255996400006
02,Albacete,02008,Alcaraz,304.25,255.6875,330.0,74.3125,32,2,2024,-2.529485144848104,38.72912553650005
02,Albacete,02021,Casas de Juan Núñez,304.0,222.0,400.0,178.0,31,1,2024,-1.5826994098429024,39.08799242150005
47,Valladolid,47101,Nava del Rey,304.0,254.0,350.0,96.0,16,1,2024,-5.086890485514718,41.37174507600005
33,Asturias,33008,Cabrales,303.75,276.25,393.75,117.5,56,2,2024,-4.834336131663112,43.27518882000004
41,Sevilla,41050,Herrera,303.57142857142856,259.85714285714283,350.4761904761905,90.61904761904765,63,2,2024,-4.861206191928325,37.37811513750006
45,Toledo,45166,Tembleque,303.05,263.2,392.05,128.85000000000002,40,2,2024,-3.5420364716643626,39.661958749000064
31,Navarra,31105,Fitero,303.0,249.0,379.0,130.0,27,1,2024,-1.864822070474314,42.04012084900003
06,Badajoz,06004,Alange,303.0,272.0,350.0,78.0,10,1,2024,-6.257887445320523,38.733515752000045
12,Castellón/Castelló,12117,Torreblanca,302.96676737160124,253.22658610271904,410.4894259818731,157.2628398791541,331,2,2024,0.2030548957090172,40.20947804800005
08,Barcelona,08024,Borredà,302.9268292682927,225.09756097560975,439.2682926829268,214.17073170731706,41,2,2024,2.0479116954259604,42.12368780850005
15,"Coruña, A",15056,Negreira,302.85359801488835,263.48138957816377,354.4491315136476,90.96774193548384,403,2,2024,-8.782697423904938,42.90588130100005
46,Valencia/Valéncia,46173,Montaverner,302.77142857142854,251.97142857142856,345.7142857142857,93.74285714285716,35,2,2024,-0.4903436740190871,38.885830950500065
50,Zaragoza,50152,Maella,302.7173913043478,255.82608695652175,399.6304347826087,143.80434782608694,46,2,2024,0.09776430014841711,41.10934143750006
10,Cáceres,10087,Guadalupe,302.7037037037037,261.48148148148147,365.75925925925924,104.27777777777777,54,2,2024,-5.3291524905204835,39.44640168850003
19,Guadalajara,19156,Jadraque,302.53521126760563,254.81690140845072,375.36619718309856,120.54929577464785,71,2,2024,-2.9336563970352736,40.92625101900006
45,Toledo,45071,"Guardia, La",302.46153846153845,252.76923076923077,355.8974358974359,103.12820512820514,39,2,2024,-3.4397819084398833,39.78505899900006
27,Lugo,27013,Cervo,302.3181818181818,256.90909090909093,374.75757575757575,117.84848484848482,132,2,2024,-7.424485819093158,43.648722295000056
27,Lugo,27029,Meira,302.27027027027026,243.47297297297297,367.8918918918919,124.4189189189189,74,2,2024,-7.264278503608631,43.221347660500044
18,Granada,18098,Huéscar,302.1212121212121,250.0,363.1515151515151,113.15151515151513,99,2,2024,-2.6039434043299106,37.921053363000055
33,Asturias,33017,Castropol,301.4025974025974,264.02597402597405,395.45454545454544,131.4285714285714,77,2,2024,-6.974145524967647,43.465483963000054
22,Huesca,22052,Belver de Cinca,301.3783783783784,273.56756756756755,361.3783783783784,87.81081081081084,37,2,2024,0.24609503645256608,41.71512007050006
06,Badajoz,06070,Jerez de los Caballeros,301.35593220338984,250.90395480225988,353.61581920903956,102.71186440677968,177,2,2024,-6.7951431104692155,38.32780967100004
11,Cádiz,11902,San José del Valle,301.25,229.83333333333334,379.8333333333333,149.99999999999997,24,2,2024,-5.750403872524819,36.610885062500046
12,Castellón/Castelló,12129,Villafranca del Cid/Vilafranca,301.1707317073171,247.21951219512195,362.6829268292683,115.46341463414635,41,2,2024,-0.2633030078620522,40.42351934100006
41,Sevilla,41036,"Coronil, El",301.0,288.0,382.0,94.0,14,1,2024,-5.6182067764125145,37.00843950250007
27,Lugo,27003,Antas de Ulla,301.0,275.0,398.0,123.0,10,1,2024,-7.909705021991198,42.78161863400007
16,Cuenca,16033,Belmonte,301.0,300.0,350.0,50.0,15,1,2024,-2.7246454919457106,39.58822140600006
27,Lugo,27007,Begonte,301.0,275.0,450.0,175.0,21,1,2024,-7.683839108939314,43.15629411300006
27,Lugo,27018,"Fonsagrada, A",300.8082191780822,243.2876712328767,350.0,106.7123287671233,73,2,2024,-7.0630599776221645,43.14801297000005
22,Huesca,22116,Grañén,300.79545454545456,264.20454545454544,380.40909090909093,116.2045454545455,44,2,2024,-0.35481330996136606,41.92201439950006
45,Toledo,45195,Villarrubia de Santiago,300.7317073170732,250.0,368.4634146341463,118.46341463414632,41,2,2024,-3.328354239625026,40.007040930000045
27,Lugo,27022,Guitiriz,300.7304347826087,248.2086956521739,363.4782608695652,115.26956521739129,115,2,2024,-7.823233148489109,43.210688964500065
27,Lugo,27025,Xove,300.72222222222223,274.55555555555554,447.22222222222223,172.66666666666669,72,2,2024,-7.513601374678043,43.66042460750006
34,Palencia,34083,Herrera de Pisuerga,300.65671641791045,257.3731343283582,384.23880597014926,126.86567164179104,67,2,2024,-4.309920094644827,42.54852880800004
12,Castellón/Castelló,12003,Albocàsser,300.56,226.16,361.76,135.6,50,2,2024,0.021455821691040152,40.38010974900004
04,Almería,04011,Alhama de Almería,300.4634146341463,253.78048780487805,361.5853658536585,107.80487804878047,82,2,2024,-2.5764901490426206,36.94108847100006
15,"Coruña, A",15901,Cariño,300.1954022988506,242.183908045977,361.3333333333333,119.14942528735631,87,2,2024,-7.905143798053515,43.72833189700006
37,Salamanca,37010,"Alberca, La",300.0625,257.4375,410.8125,153.375,32,2,2024,-6.135272174325221,40.47387168700004
06,Badajoz,06135,Trujillanos,300.0,270.0,335.0,65.0,13,1,2024,-6.251627951084179,38.95853119600005
44,Teruel,44209,Santa Eulalia,300.0,236.0,350.0,114.0,25,1,2024,-1.3234208358968762,40.55053984050005
06,Badajoz,06121,Santa Marta,300.0,249.53061224489795,344.3673469387755,94.83673469387753,49,2,2024,-6.642619676461882,38.653031461500035
15,"Coruña, A",15039,Irixoa,300.0,241.0,478.0,237.0,21,1,2024,-8.04970512743134,43.28618162200007
45,Toledo,45076,Hormigos,300.0,250.0,450.0,200.0,23,1,2024,-4.454387274972358,40.097083646000044
44,Teruel,44201,Rubielos de Mora,300.0,254.0,366.0,112.0,33,1,2024,-0.6748037827088988,40.18410629050007
45,Toledo,45097,Mejorada,300.0,223.0,400.0,177.0,13,1,2024,-4.918078987637531,40.02044099900007
41,Sevilla,41026,Casariche,300.0,203.0,498.0,295.0,13,1,2024,-4.759924331613689,37.29640327300004
33,Asturias,33006,Bimenes,300.0,250.0,363.0,113.0,23,1,2024,-5.5679572199764085,43.32563504300006
16,Cuenca,16042,Campillo de Altobuey,300.0,243.0,441.0,198.0,23,1,2024,-1.7939426953858968,39.62021424900004
06,Badajoz,06019,Berlanga,300.0,300.0,367.0,67.0,17,1,2024,-5.8438583668716415,38.28036549700005
23,Jaén,23051,Jamilena,300.0,275.0,320.0,45.0,15,1,2024,-3.9171851357224723,37.74033724900005
45,Toledo,45124,Orgaz,300.0,252.0,366.0,114.0,24,1,2024,-3.8819565309101067,39.64954399800004
23,Jaén,23903,Villatorres,300.0,243.54285714285714,351.0,107.45714285714286,35,2,2024,-3.702662650286709,37.931859425000056
41,Sevilla,41037,"Corrales, Los",300.0,258.0,312.0,54.0,21,1,2024,-5.011106284423929,37.11321526300006
32,Ourense,32076,San Cristovo de Cea,300.0,203.0,400.0,197.0,18,1,2024,-7.942293687955157,42.50082928200007
23,Jaén,23044,Huelma,300.0,251.2941176470588,396.1470588235294,144.85294117647058,34,2,2024,-3.4007269187932003,37.66162069650005
24,León,24134,"Robla, La",300.0,222.91666666666666,362.1458333333333,139.22916666666666,96,2,2024,-5.620032248032123,42.80506699900005
24,León,24197,Vega de Infanzones,300.0,262.0,433.0,171.0,17,1,2024,-5.548266186228959,42.49024716900007
24,León,24206,Toral de los Vados,300.0,250.0,328.0,78.0,24,1,2024,-6.770531161401944,42.55168229100005
15,"Coruña, A",15042,Lousame,300.0,260.0,350.0,90.0,12,1,2024,-8.831488489297861,42.773802203500054
04,Almería,04001,Abla,300.0,250.0,435.0,185.0,10,1,2024,-2.767895012783989,37.16535391550005
41,Sevilla,41064,Montellano,300.0,250.0,378.0,128.0,22,1,2024,-5.539655519890854,37.00234484150005
45,Toledo,45138,"Puente del Arzobispo, El",300.0,275.0,362.0,87.0,10,1,2024,-5.175019759520734,39.80117868100004
45,Toledo,45135,"Puebla de Almoradiel, La",300.0,250.0,340.0,90.0,43,1,2024,-3.1189987080438177,39.59627836450005
44,Teruel,44171,Olba,300.0,259.0,373.0,114.0,14,1,2024,-0.6431418266890429,40.12374499900005
15,"Coruña, A",15053,Muros,300.0,250.0,361.3859649122807,111.38596491228071,114,2,2024,-9.054684063446178,42.79887085400006
06,Badajoz,06014,Azuaga,300.0,240.58,315.8,75.22,150,2,2024,-5.7002387671337225,38.28653773800005
24,León,24202,Villablino,300.0,236.80297397769516,363.19702602230484,126.39405204460968,269,2,2024,-6.358864187382029,42.97195386650006
14,Córdoba,14007,Baena,300.0,257.4382716049383,350.10493827160496,92.66666666666669,162,2,2024,-4.2870775212427965,37.67875574900006
10,Cáceres,10901,Rosalejo,300.0,222.0,354.0,132.0,18,1,2024,-5.465406954075156,39.98231558400005
22,Huesca,22903,San Miguel del Cinca,300.0,250.0,492.0,242.0,15,1,2024,0.08182933667013002,41.82065774900005
10,Cáceres,10014,Aldeanueva de la Vera,300.0,233.0,300.0,67.0,20,1,2024,-5.71430276641661,40.13492647250007
22,Huesca,22226,Tardienta,300.0,164.0,350.0,186.0,26,1,2024,-0.5874070772809871,41.94901449900007
14,Córdoba,14026,Espiel,300.0,240.0,355.0,115.0,13,1,2024,-5.0237251964211245,38.13268320600005
44,Teruel,44014,Alcorisa,300.0,248.61111111111111,353.30555555555554,104.69444444444443,108,2,2024,-0.38549598374141236,40.93404605950005
46,Valencia/Valéncia,46234,Sot de Chera,300.0,250.0,369.0,119.0,11,1,2024,-0.9038740599517325,39.605142749000066
13,Ciudad Real,13097,Villarta de San Juan,300.0,250.0,350.0,100.0,24,1,2024,-3.4348685610007568,39.20481121900005
10,Cáceres,10109,Logrosán,300.0,227.0,439.0,212.0,17,1,2024,-5.471291301485595,39.27786259100006
14,Córdoba,14068,Villaharta,300.0,241.0,388.0,147.0,13,1,2024,-4.90312052831106,38.13938899900003
29,Málaga,29088,Sierra de Yeguas,300.0,300.0,400.0,100.0,15,1,2024,-4.856125859273321,37.14704482050004
30,Murcia,30002,Abarán,300.0,231.13898305084746,350.0,118.86101694915254,295,2,2024,-1.3304214649914938,38.24667495500006
44,Teruel,44153,Monreal del Campo,300.0,254.9655172413793,345.9080459770115,90.94252873563221,87,2,2024,-1.3492221312471155,40.774864249000046
37,Salamanca,37032,Arapiles,300.0,260.0,350.0,90.0,35,1,2024,-5.646332900218406,40.89805049900005
37,Salamanca,37078,Candelario,300.0,229.0,335.0,106.0,11,1,2024,-5.74575643162223,40.33137549250003
37,Salamanca,37107,Ciudad Rodrigo,300.0,246.74518201284798,364.36830835117775,117.62312633832977,467,2,2024,-6.49479919155208,40.62140214200005
44,Teruel,44108,"Fresneda, La",300.0,150.0,405.0,255.0,10,1,2024,0.0662673356739748,40.92975799900003
42,Soria,42035,Berlanga de Duero,300.0,261.4375,366.9375,105.5,32,2,2024,-2.889005011610423,41.43121877850004
23,Jaén,23003,Alcaudete,300.0,259.38709677419354,349.6774193548387,90.29032258064518,93,2,2024,-4.081240631612003,37.604259165500025
47,Valladolid,47084,Mayorga,300.0,267.02127659574467,329.5531914893617,62.531914893617056,47,2,2024,-5.3029346944391715,42.171108615000065
46,Valencia/Valéncia,46251,Vallada,300.0,244.01785714285714,380.3392857142857,136.32142857142858,56,2,2024,-0.6808321557346659,38.89781785900007
16,Cuenca,16249,Villamayor de Santiago,300.0,249.0,401.0,152.0,25,1,2024,-2.927518358515913,39.719907987000056
29,Málaga,29096,Villanueva del Rosario,300.0,250.0,399.0,149.0,33,1,2024,-4.367253945577136,37.00750372250005
47,Valladolid,47214,Villalón de Campos,300.0,258.0,348.0,90.0,20,1,2024,-5.034931480643758,42.10731674900006
15,"Coruña, A",15070,"Pontes de García Rodríguez, As",300.0,240.27397260273972,352.72328767123287,112.44931506849315,365,2,2024,-7.877060551585722,43.47027505900007
27,Lugo,27058,"Saviñao, O",300.0,182.52777777777777,362.75,180.22222222222223,36,2,2024,-7.6387211806807285,42.64532116850006
15,"Coruña, A",15081,"Somozas, As",300.0,187.0,490.0,303.0,12,1,2024,-7.922953976156067,43.53046105550007
03,Alicante,03137,"Vall de Laguar, la",300.0,224.0,444.0,220.0,16,1,2024,-0.13446186765612816,38.76936924900005
50,Zaragoza,50223,Remolinos,300.0,250.0,350.0,100.0,15,1,2024,-1.1769240569477168,41.84245654150004
33,Asturias,33060,San Martín del Rey Aurelio,300.0,243.6817102137767,364.9714964370546,121.2897862232779,421,2,2024,-5.612888401380625,43.26858712250004
36,Pontevedra,36025,"Lama, A",300.0,200.0,400.0,200.0,10,1,2024,-8.388044549160016,42.413984880000044
50,Zaragoza,50018,Alfamén,300.0,250.0,364.0,114.0,22,1,2024,-1.2341701287115387,41.459358965000035
50,Zaragoza,50026,Alpartir,300.0,250.0,375.0,125.0,15,1,2024,-1.3903755204901693,41.408893499000044
50,Zaragoza,50153,Magallón,300.0,260.0,357.0,97.0,11,1,2024,-1.4309768258927769,41.822495065000055
50,Zaragoza,50189,Nonaspe,300.0,250.0,330.0,80.0,15,1,2024,0.25362490706604013,41.206854464500054
24,León,24039,Carrizo,300.0,257.6923076923077,336.53846153846155,78.84615384615387,91,2,2024,-5.841173885392699,42.58677674900005
41,Sevilla,41001,Aguadulce,300.0,253.0,430.0,177.0,13,1,2024,-4.978505952088893,37.25299198750005
02,Albacete,02039,Higueruela,300.0,201.0,388.0,187.0,13,1,2024,-1.4183280736275696,38.96326449900005
12,Castellón/Castelló,12106,Soneja,300.0,225.02631578947367,373.1842105263158,148.1578947368421,76,2,2024,-0.4028960491088352,39.82775688050003
46,Valencia/Valéncia,46124,Fontanars dels Alforins,300.0,215.0,381.0,166.0,12,1,2024,-0.7892580079212337,38.78296951050004
12,Castellón/Castelló,12109,Tales,300.0,225.0,371.0,146.0,17,1,2024,-0.3054841726025037,39.94802854650004
18,Granada,18907,Valle del Zalabí,300.0,233.0,388.0,155.0,11,1,2024,-3.066145001543213,37.274746227000065
19,Guadalajara,19291,Trillo,300.0,288.0,325.0,37.0,10,1,2024,-2.541003745742099,40.670258155000056
19,Guadalajara,19327,Yebra,300.0,175.0,375.0,200.0,11,1,2024,-2.9554431140743014,40.34404284100003
12,Castellón/Castelló,12057,Eslida,300.0,250.0,400.0,150.0,15,1,2024,-0.30623455036346536,39.88663750300006
32,Ourense,32045,Maside,300.0,250.0,461.0,211.0,22,1,2024,-8.021471986725615,42.418809343500044
26,"Rioja, La",26129,San Asensio,300.0,264.0,320.0,56.0,15,1,2024,-2.7291327919885138,42.50368367800007
46,Valencia/Valéncia,46150,Llutxent,300.0,258.0,536.0,278.0,14,1,2024,-0.3376277365807253,38.946187749000046
38,Santa Cruz de Tenerife,38016,Garafía,300.0,200.0,405.0,205.0,15,1,2024,-17.915856345694515,28.806712970000035
41,Sevilla,41006,Alcolea del Río,300.0,300.0,388.0,88.0,12,1,2024,-5.6455416786695105,37.64644027950004
50,Zaragoza,50101,Escatrón,300.0,255.0,412.0,157.0,14,1,2024,-0.25798507828123324,41.25056971750007
50,Zaragoza,50119,Gelsa,300.0,200.0,400.0,200.0,11,1,2024,-0.40873248035138177,41.42628474900005
50,Zaragoza,50126,Illueca,300.0,250.0,355.0,105.0,54,1,2024,-1.6232772648419886,41.54106324900005
46,Valencia/Valéncia,46142,Jalance,300.0,250.0,356.0,106.0,19,1,2024,-1.0893821013831864,39.205815347000055
39,Cantabria,39092,Valdeolea,300.0,250.0,343.0,93.0,14,1,2024,-4.176703607323441,42.899803410500056
18,Granada,18194,Zújar,300.0,200.0,314.0,114.0,15,1,2024,-2.818898802132443,37.58781728550005
21,Huelva,21079,Zufre,300.0,255.0,336.0,81.0,10,1,2024,-6.336069082335502,37.835499379000055
27,Lugo,27001,Abadín,300.0,200.0,379.0,179.0,18,1,2024,-7.471629864736094,43.36101482700005
26,"Rioja, La",26170,"Villar de Arnedo, El",300.0,230.0,302.0,72.0,10,1,2024,-2.079663075018809,42.31617349900006
21,Huelva,21077,Villarrasa,300.0,261.0,345.0,84.0,12,1,2024,-6.633562064769647,37.400800435000036
24,León,24227,Villaturiel,300.0,288.0,400.0,112.0,18,1,2024,-5.501894200992888,42.51211008200005
40,Segovia,40145,Navas de Oro,300.0,263.0,359.0,96.0,13,1,2024,-4.430420018067945,41.20849598450005
45,Toledo,45192,Villanueva de Alcardete,300.0,224.0,331.0,107.0,34,1,2024,-3.037955805617046,39.69357768750007
30,Murcia,30014,Campos del Río,300.0,255.0,342.0,87.0,13,1,2024,-1.340003088931863,38.05279944500003
46,Valencia/Valéncia,46247,Tuéjar,300.0,251.0,344.0,93.0,28,1,2024,-1.1110040656128528,39.80963789850006
43,Tarragona,43019,Ascó,300.0,233.0,349.0,116.0,17,1,2024,0.555114473703459,41.16464652000005
22,Huesca,22017,Alcolea de Cinca,300.0,225.0,352.0,127.0,29,1,2024,0.07696727284162633,41.726154723000064
10,Cáceres,10121,Miajadas,300.0,268.27272727272725,343.1168831168831,74.84415584415586,231,2,2024,-5.9199958221240205,39.11589141700003
13,Ciudad Real,13065,Porzuna,300.0,200.0,353.0,153.0,22,1,2024,-4.1746766911589015,39.20871885600005
13,Ciudad Real,13078,Socuéllamos,300.0,256.3425925925926,364.09722222222223,107.75462962962962,216,2,2024,-2.8366290097718863,39.25064405200004
32,Ourense,32010,Beade,300.0,200.0,400.0,200.0,11,1,2024,-8.13022673415788,42.31809947450006
13,Ciudad Real,13063,Piedrabuena,300.0,250.0,417.0,167.0,23,1,2024,-4.290202425881812,39.09800131800006
40,Segovia,40097,Grajera,300.0,262.0,350.0,88.0,12,1,2024,-3.610512139008063,41.37322399900003
42,Soria,42215,Vinuesa,300.0,270.0,440.0,170.0,15,1,2024,-2.763067777907631,41.94874778450006
22,Huesca,22119,Gurrea de Gállego,300.0,240.0,409.0,169.0,21,1,2024,-0.7607935138941803,42.033575634000044
18,Granada,18042,Capileira,300.0,200.0,518.0,318.0,10,1,2024,-3.338125853987809,37.00711559350006
16,Cuenca,16191,San Lorenzo de la Parrilla,300.0,250.0,314.0,64.0,19,1,2024,-2.4028200751656668,39.841781068000074
10,Cáceres,10130,Navaconcejo,300.0,231.875,324.96875,93.09375,32,2,2024,-5.861860298219165,40.17325928650004
10,Cáceres,10035,Cabezuela del Valle,300.0,251.0,320.0,69.0,27,1,2024,-5.811207312380613,40.20245456400005
10,Cáceres,10096,Hervás,300.0,262.8813559322034,361.79661016949154,98.91525423728814,177,2,2024,-5.834069460289916,40.27161817250004
21,Huelva,21076,Villanueva de los Castillejos,300.0,247.0,365.0,118.0,22,1,2024,-7.228257092240073,37.45614203700006
25,Lleida,25077,Coll de Nargó,300.0,225.2941176470588,488.97058823529414,263.67647058823536,34,2,2024,1.258294093534082,42.152771836000056
43,Tarragona,43063,"Galera, La",300.0,235.0,355.0,120.0,13,1,2024,0.4445785580251533,40.69659224900005
21,Huelva,21034,Galaroza,300.0,242.0,350.0,108.0,20,1,2024,-6.689000801043667,37.926536525000046
14,Córdoba,14002,Aguilar de la Frontera,299.8235294117647,254.47058823529412,340.70588235294116,86.23529411764704,85,2,2024,-4.667807167752874,37.43013579800004
16,Cuenca,16133,Mota del Cuervo,299.67619047619047,252.6095238095238,344.81904761904764,92.20952380952383,105,2,2024,-2.877463196089004,39.45671524800005
13,Ciudad Real,13058,Moral de Calatrava,299.6,230.0,346.6,116.60000000000002,30,2,2024,-3.5824659031888593,38.792327536000045
46,Valencia/Valéncia,46090,Castelló de Rugat,299.35897435897436,230.76923076923077,369.43589743589746,138.66666666666669,78,2,2024,-0.39560334740363423,38.87951082650005
18,Granada,18102,Illora,299.14285714285717,214.14285714285714,356.5,142.35714285714286,56,2,2024,-3.8810353609448054,37.29367790400005
23,Jaén,23095,Villacarrillo,299.04,259.24,346.0,86.75999999999999,100,2,2024,-2.939992344373811,38.09271509750005
38,Santa Cruz de Tenerife,38007,Barlovento,299.0,197.0,434.0,237.0,18,1,2024,-17.833917077070826,28.79706612900003
41,Sevilla,41048,Guadalcanal,299.0,237.0,312.0,75.0,15,1,2024,-5.830843551457905,38.09642316350005
50,Zaragoza,50248,Sos del Rey Católico,299.0,263.0,408.0,145.0,12,1,2024,-1.2156713188299002,42.452466823000066
06,Badajoz,06155,Villar del Rey,299.0,222.0,351.0,129.0,22,1,2024,-6.830732084824913,39.117267245500045
41,Sevilla,41090,"Saucejo, El",299.0,262.0,315.0,53.0,17,1,2024,-5.091631622937391,37.07692250000005
45,Toledo,45096,Mazarambroz,299.0,250.0,388.0,138.0,16,1,2024,-4.092104085822492,39.65399726850006
23,Jaén,23075,Sabiote,299.0,237.0,316.0,79.0,10,1,2024,-3.246387289551084,38.09398241750006
31,Navarra,31104,Falces,299.0,249.0,350.0,101.0,52,1,2024,-1.8111260735822075,42.417061999000055
45,Toledo,45037,"Carpio de Tajo, El",299.0,250.0,365.0,115.0,18,1,2024,-4.5072378021938615,39.84318704300006
32,Ourense,32024,Celanova,298.4415584415584,252.2077922077922,356.02597402597405,103.81818181818184,231,2,2024,-7.9626402145091895,42.16530144050006
46,Valencia/Valéncia,46112,Chulilla,298.3333333333333,241.66666666666666,376.4,134.73333333333332,30,2,2024,-0.8533278173897548,39.64525599900006
15,"Coruña, A",15028,Corcubión,298.10526315789474,257.14736842105265,360.7578947368421,103.61052631578946,95,2,2024,-9.200560531990511,42.932527361500064
13,Ciudad Real,13047,Herencia,298.0891719745223,244.2675159235669,387.38853503184714,143.12101910828025,157,2,2024,-3.38973248872528,39.264798255000045
50,Zaragoza,50006,Ainzón,298.0,206.0,362.0,156.0,12,1,2024,-1.5293306314092034,41.78185861600005
45,Toledo,45175,Turleque,298.0,205.0,301.0,96.0,17,1,2024,-3.638991925783638,39.599584399000065
22,Huesca,22174,Peralta de Alcofea,298.0,200.0,371.0,171.0,11,1,2024,-0.04865721546910985,41.88984446500007
14,Córdoba,14015,Carcabuey,297.95238095238096,209.04761904761904,328.0952380952381,119.04761904761904,21,2,2024,-4.298057708216271,37.44198715700003
10,Cáceres,10180,Talayuela,297.9010989010989,194.5054945054945,351.0989010989011,156.59340659340657,91,2,2024,-5.608381810519074,39.99091524900004
45,Toledo,45117,Nombela,297.0,202.0,350.0,148.0,14,1,2024,-4.51352539311298,40.13580565350006
27,Lugo,27901,Baralla,296.8888888888889,267.22222222222223,390.3333333333333,123.11111111111109,36,2,2024,-7.276590612389297,42.912036707000055
45,Toledo,45109,Navahermosa,296.74418604651163,204.1627906976744,376.2093023255814,172.046511627907,43,2,2024,-4.4699512961085865,39.65445232000005
12,Castellón/Castelló,12071,Jérica,296.54545454545456,250.0909090909091,388.1818181818182,138.0909090909091,88,2,2024,-0.5520152287336693,39.895665469500045
47,Valladolid,47157,Sardón de Duero,296.0,181.0,456.0,275.0,10,1,2024,-4.421545616532957,41.60847276450005
06,Badajoz,06120,Santa Amalia,296.0,240.0,300.0,60.0,13,1,2024,-6.0093300077837695,39.02680052200006
24,León,24015,Benavides,295.94594594594594,240.21621621621622,353.3243243243243,113.1081081081081,37,2,2024,-5.95120869576169,42.547775098000045
32,Ourense,32043,Maceda,295.6140350877193,232.98245614035088,408.7894736842105,175.80701754385964,57,2,2024,-7.602120071953941,42.253665848000054
14,Córdoba,14019,Castro del Río,295.42857142857144,241.77142857142857,338.65714285714284,96.88571428571427,70,2,2024,-4.471254144500586,37.667400128000054
32,Ourense,32063,"Pobra de Trives, A",295.3265306122449,257.7551020408163,343.0612244897959,85.30612244897958,49,2,2024,-7.272910370130667,42.32803829300005
15,"Coruña, A",15061,Ortigueira,295.2,223.84571428571428,364.53714285714284,140.69142857142856,175,2,2024,-7.842215440582131,43.65327144650007
15,"Coruña, A",15085,Touro,295.05882352941177,256.11764705882354,339.29411764705884,83.1764705882353,34,2,2024,-8.310993041975916,42.85617378650005
37,Salamanca,37209,Mozárbez,295.0,247.0,325.0,78.0,10,1,2024,-5.687935115511655,40.84359001250007
16,Cuenca,16202,Talayuelas,295.0,228.0,339.0,111.0,10,1,2024,-1.2691886385394944,39.81857776050006
23,Jaén,23007,Arjonilla,295.0,252.0,302.0,50.0,12,1,2024,-4.126592082883947,37.980201663500054
45,Toledo,45004,Alcabón,295.0,181.0,338.0,157.0,13,1,2024,-4.367020606037746,39.99400234600006
06,Badajoz,06162,"Zarza, La",295.0,199.0,329.0,130.0,25,1,2024,-6.253510626304347,38.810748562500066
16,Cuenca,16102,Honrubia,295.0,200.0,350.0,150.0,26,1,2024,-2.2696017238196244,39.61111101250006
06,Badajoz,06002,Aceuchal,294.6666666666667,244.41666666666666,325.4166666666667,81.00000000000003,24,2,2024,-6.501638859086407,38.67125154900003
26,"Rioja, La",26047,Cervera del Río Alhama,294.4848484848485,264.72727272727275,326.75757575757575,62.030303030303,33,2,2024,-1.961014756921237,42.027916454000035
11,Cádiz,11041,Villamartín,294.4036697247706,252.22018348623854,349.13761467889907,96.91743119266053,109,2,2024,-5.599341747428754,36.874000475500054
19,Guadalajara,19211,Pareja,294.0,250.0,426.0,176.0,10,1,2024,-2.62518845657051,40.57309981950007
46,Valencia/Valéncia,46104,Quatretonda,294.0,200.0,350.0,150.0,18,1,2024,-0.38812899372808746,38.96522324900005
15,"Coruña, A",15010,Boimorto,294.0,215.0,366.0,151.0,14,1,2024,-8.13987731587087,43.013494424000044
13,Ciudad Real,13019,Argamasilla de Alba,293.9010989010989,229.67032967032966,340.3296703296703,110.65934065934064,91,2,2024,-3.044858224868352,39.07400301200005
44,Teruel,44210,Sarrión,293.3333333333333,232.66666666666666,341.0,108.33333333333334,45,2,2024,-0.8556671678220401,40.133961070000055
46,Valencia/Valéncia,46200,"Pobla del Duc, la",293.18918918918916,229.54054054054055,335.6216216216216,106.08108108108107,37,2,2024,-0.42324168211722957,38.90110356300005
46,Valencia/Valéncia,46080,Camporrobles,293.0,212.0,400.0,188.0,12,1,2024,-1.3903083367587206,39.63051331600005
45,Toledo,45190,Villaminaya,293.0,200.0,350.0,150.0,10,1,2024,-3.879041105095367,39.71743967300006
16,Cuenca,16186,Saelices,293.0,250.0,475.0,225.0,10,1,2024,-2.7948510557821384,39.89875132750004
36,Pontevedra,36001,Arbo,293.0,200.0,400.0,200.0,20,1,2024,-8.31939783914752,42.118063941500054
13,Ciudad Real,13084,Torre de Juan Abad,293.0,188.0,313.0,125.0,10,1,2024,-3.130450859840815,38.599788313500056
18,Granada,18056,Cúllar,292.8666666666667,218.33333333333334,364.1,145.76666666666668,30,2,2024,-2.51177154834485,37.55569403250004
24,León,24014,Bembibre,292.6136363636364,239.32954545454547,349.70454545454544,110.37499999999997,352,2,2024,-6.443382424899998,42.64249869550005
06,Badajoz,06054,Fuente del Maestre,292.1489361702128,208.93617021276594,341.59574468085106,132.6595744680851,47,2,2024,-6.43931378370506,38.55256312450004
06,Badajoz,06063,Herrera del Duque,292.06976744186045,229.32558139534885,396.13953488372096,166.8139534883721,43,2,2024,-4.972625691162289,39.26082579000007
44,Teruel,44051,Calanda,292.0289855072464,236.28985507246378,335.6666666666667,99.3768115942029,138,2,2024,-0.22132862538328735,40.945959223000074
43,Tarragona,43006,Aldover,292.0,219.0,350.0,131.0,14,1,2024,0.48250666805642556,40.87148645950006
47,Valladolid,47004,Alaejos,292.0,248.0,324.0,76.0,14,1,2024,-5.2240039307875055,41.30427496000004
33,Asturias,33001,Allande,292.0,242.0,328.0,86.0,22,1,2024,-6.689596175202616,43.23913862650005
33,Asturias,33073,Tineo,291.96862745098036,217.97254901960784,351.75686274509803,133.7843137254902,255,2,2024,-6.491466094349301,43.310592057000065
23,Jaén,23070,Pozo Alcón,291.96,224.0,445.6,221.60000000000002,25,2,2024,-2.938040009380171,37.71772035350003
13,Ciudad Real,13061,Pedro Muñoz,291.7647058823529,232.94117647058823,348.2352941176471,115.29411764705884,170,2,2024,-2.9384514493881126,39.40662687450006
12,Castellón/Castelló,12043,Caudiel,291.67391304347825,223.69565217391303,395.4130434782609,171.71739130434784,46,2,2024,-0.5642906189520029,39.99184026100008
46,Valencia/Valéncia,46106,Chelva,291.5744680851064,250.93617021276594,395.1276595744681,144.19148936170217,47,2,2024,-1.0246993249929466,39.731417549500065
23,Jaén,23081,Segura de la Sierra,291.5357142857143,214.82142857142858,373.75,158.92857142857142,28,2,2024,-2.612262684178028,38.23724821350004
27,Lugo,27015,Cospeito,291.1034482758621,211.79310344827587,347.3103448275862,135.51724137931035,58,2,2024,-7.5628160876048725,43.22090991250005
13,Ciudad Real,13052,Malagón,291.03105590062114,224.22360248447205,342.7639751552795,118.54037267080747,161,2,2024,-3.9712079548793264,39.22675216300004
15,"Coruña, A",15052,Muxía,290.9367088607595,240.68354430379748,367.82278481012656,127.13924050632909,79,2,2024,-9.176803802644667,43.06618623300005
27,Lugo,27032,Monterroso,290.58490566037733,238.47169811320754,325.50943396226415,87.03773584905662,106,2,2024,-7.8166188306347895,42.80676599200007
02,Albacete,02074,Tobarra,290.36942675159236,241.0828025477707,364.62420382165607,123.54140127388536,157,2,2024,-1.672402200731488,38.614786948000045
23,Jaén,23069,Porcuna,290.3636363636364,241.27272727272728,351.8181818181818,110.54545454545453,33,2,2024,-4.1979803409479075,37.85529574500006
12,Castellón/Castelló,12029,Benlloch,290.2040816326531,199.69387755102042,358.6734693877551,158.9795918367347,49,2,2024,0.020337299807665504,40.21486844450007
23,Jaén,23066,Peal de Becerro,290.1694915254237,233.72881355932202,335.35593220338984,101.62711864406782,59,2,2024,-3.156487838367597,37.893835517500065
50,Zaragoza,50131,Jaulín,290.0,244.0,383.0,139.0,10,1,2024,-0.9779728873649851,41.42809612100007
11,Cádiz,11005,Algodonales,290.0,249.0,361.0,112.0,38,1,2024,-5.429951366470915,36.88902970500007
16,Cuenca,16171,"Provencio, El",290.0,250.0,370.0,120.0,39,1,2024,-2.5749488277786674,39.38903124850006
41,Sevilla,41084,"Rubio, El",290.0,180.0,330.0,150.0,15,1,2024,-5.011099258955554,37.34238962000006
10,Cáceres,10216,Zarza de Granadilla,290.0,235.0,340.0,105.0,25,1,2024,-6.075860257385724,40.26331669550004
49,Zamora,49250,Villalpando,289.92,262.4,329.28,66.88,25,2,2024,-5.388380542627337,41.81913512100007
24,León,24070,Fabero,289.0126582278481,221.72151898734177,361.45569620253167,139.7341772151899,79,2,2024,-6.6063171560812215,42.78413503150006
16,Cuenca,16118,Ledaña,289.0,250.0,350.0,100.0,11,1,2024,-1.7121776544800897,39.37554975200004
12,Castellón/Castelló,12072,Lucena del Cid,289.0,208.3,344.0,135.7,40,2,2024,-0.28363353575942096,40.14033248650006
50,Zaragoza,50020,Alhama de Aragón,289.0,228.36,310.56,82.19999999999999,25,2,2024,-1.8937453376026165,41.30692622300006
19,Guadalajara,19044,Atienza,289.0,269.0,306.0,37.0,10,1,2024,-2.869397822846553,41.20736792500006
24,León,24057,Congosto,289.0,250.0,412.0,162.0,20,1,2024,-6.512622860568344,42.60669474900004
10,Cáceres,10115,Malpartida de Cáceres,288.8059701492537,222.01492537313433,371.2686567164179,149.2537313432836,134,2,2024,-6.498014709057545,39.444919089500075
34,Palencia,34027,Barruelo de Santullán,288.2857142857143,248.78571428571428,364.85714285714283,116.07142857142856,28,2,2024,-4.311972190254329,42.88564047050005
23,Jaén,23071,Puente de Génave,288.2142857142857,243.96428571428572,367.75,123.78571428571428,28,2,2024,-2.8071114073578682,38.32875247000007
44,Teruel,44068,Castelserás,288.0,238.0,369.0,131.0,10,1,2024,-0.1385208026709448,40.958604529500064
24,León,24094,Mansilla de las Mulas,288.0,250.96,339.2,88.23999999999998,100,2,2024,-5.400930708955031,42.495572987500054
02,Albacete,02073,Tarazona de la Mancha,287.7615894039735,225.89403973509934,349.5629139072848,123.66887417218544,151,2,2024,-1.9479480258800812,39.23178864500005
10,Cáceres,10128,Moraleja,287.6666666666667,240.33333333333334,345.3333333333333,104.99999999999997,144,2,2024,-6.724508977382184,40.00761599900005
04,Almería,04092,Tíjola,287.6470588235294,220.35294117647058,454.70588235294116,234.35294117647058,34,2,2024,-2.497917883097948,37.401380838500074
02,Albacete,02067,Riópar,287.57142857142856,218.71428571428572,365.5,146.78571428571428,28,2,2024,-2.4140800787794907,38.47920999900006
15,"Coruña, A",15040,Laxe,287.48809523809524,247.16666666666666,354.75,107.58333333333334,84,2,2024,-9.018965536127485,43.19130524900004
33,Asturias,33002,Aller,287.4513618677043,233.26848249027236,351.67315175097275,118.40466926070039,257,2,2024,-5.5799354973509665,43.10519613650004
23,Jaén,23012,Beas de Segura,287.0,252.0,352.0,100.0,28,1,2024,-2.8718263690949417,38.25974081600006
27,Lugo,27052,Ribas de Sil,287.0,232.0,339.0,107.0,17,1,2024,-7.262426897585937,42.42782548900007
44,Teruel,44191,"Puebla de Híjar, La",287.0,240.0,364.0,124.0,18,1,2024,-0.43958329347444536,41.25450899900005
23,Jaén,23094,Vilches,286.875,221.65625,347.46875,125.8125,32,2,2024,-3.4960936774491858,38.22575694000005
43,Tarragona,43044,"Sénia, La",286.8421052631579,236.8421052631579,338.6842105263158,101.84210526315789,190,2,2024,0.29932490546977664,40.69485833300007
15,"Coruña, A",15038,Frades,286.0,205.0,484.0,279.0,12,1,2024,-8.281424095179787,43.05013685850005
13,Ciudad Real,13077,Santa Cruz de Mudela,285.625,222.60416666666666,333.8541666666667,111.25000000000003,48,2,2024,-3.5060204462537943,38.63850627350004
15,"Coruña, A",15088,Val do Dubra,285.3061224489796,259.9591836734694,325.2244897959184,65.26530612244898,98,2,2024,-8.65855992801226,43.01927036850006
10,Cáceres,10203,Valencia de Alcántara,285.1909090909091,224.25454545454545,359.2,134.94545454545454,110,2,2024,-7.18398332271938,39.44087484750003
44,Teruel,44122,Híjar,285.18518518518516,249.5185185185185,328.3333333333333,78.81481481481481,54,2,2024,-0.4035623058722132,41.139853226500065
45,Toledo,45113,"Navalucillos, Los",285.13513513513516,210.24324324324326,327.2972972972973,117.05405405405403,37,2,2024,-4.675101333534957,39.582914235500056
15,"Coruña, A",15077,Santa Comba,285.0223880597015,236.51119402985074,334.0970149253731,97.58582089552237,268,2,2024,-8.810882095599004,43.04259177050005
45,Toledo,45144,"Real de San Vicente, El",285.0,223.0,300.0,77.0,15,1,2024,-4.672126940349721,40.16208150950004
22,Huesca,22137,Lanaja,285.0,250.0,376.0,126.0,23,1,2024,-0.3724449005613838,41.73431340250005
44,Teruel,44029,Ariño,285.0,250.0,501.0,251.0,10,1,2024,-0.5934917842584304,41.05321874900005
29,Málaga,29049,Cuevas de San Marcos,285.0,250.0,301.0,51.0,16,1,2024,-4.4250093825041805,37.25039072700005
46,Valencia/Valéncia,46027,Alfarrasí,285.0,250.0,350.0,100.0,11,1,2024,-0.5015911852763486,38.91021415250006
11,Cádiz,11025,Paterna de Rivera,285.0,212.0,368.5,156.5,36,2,2024,-5.848901099540982,36.51821024900005
21,Huelva,21043,Jabugo,285.0,172.0,390.0,218.0,18,1,2024,-6.756660261500842,37.91080850050005
27,Lugo,27060,Taboada,283.1818181818182,250.0,324.54545454545456,74.54545454545456,33,2,2024,-7.7481248633354,42.720758629000045
06,Badajoz,06012,Arroyo de San Serván,282.4516129032258,244.03225806451613,354.4193548387097,110.38709677419357,31,2,2024,-6.454500191015425,38.84360704550005
46,Valencia/Valéncia,46076,Bugarra,282.0,199.0,344.0,145.0,13,1,2024,-0.77014461132328,39.60878479950006
32,Ourense,32023,Castro Caldelas,282.0,208.0,351.0,143.0,16,1,2024,-7.399546356093637,42.37369457600005
06,Badajoz,06085,Monesterio,281.7721518987342,240.25316455696202,328.3544303797468,88.1012658227848,79,2,2024,-6.206222937979367,38.053376018500074
06,Badajoz,06036,Castuera,280.81333333333333,215.56,325.18666666666667,109.62666666666667,75,2,2024,-5.504045730863638,38.790327857500046
11,Cádiz,11010,Bornos,280.72340425531917,221.4468085106383,306.63829787234044,85.19148936170214,47,2,2024,-5.705241306902651,36.85929604300006
27,Lugo,27026,Láncara,280.5,192.2,404.6,212.40000000000003,40,2,2024,-7.3780258224557755,42.848911811500045
14,Córdoba,14003,Alcaracejos,280.0,250.0,300.0,50.0,12,1,2024,-4.9379515324192225,38.29913541700003
27,Lugo,27006,Becerreá,280.0,224.0,329.0,105.0,64,1,2024,-7.141390369161392,42.889704565000045
32,Ourense,32027,Cortegada,280.0,248.0,303.0,55.0,10,1,2024,-8.151540815765854,42.21384982200007
27,Lugo,27050,Quiroga,280.0,245.0,339.0,94.0,73,1,2024,-7.1852494836446175,42.46576125550004
21,Huelva,21058,Puebla de Guzmán,280.0,193.0,300.0,107.0,13,1,2024,-7.327251027671119,37.62098800350006
49,Zamora,49065,Fermoselle,280.0,250.0,350.0,100.0,15,1,2024,-6.384731132736377,41.310166669500035
06,Badajoz,06901,Valdelacalzada,280.0,250.0,312.0,62.0,25,1,2024,-6.693309656791023,38.88888749900005
06,Badajoz,06055,Fuentes de León,280.0,230.0,300.0,70.0,19,1,2024,-6.519654096114254,38.06432343600005
06,Badajoz,06126,Solana de los Barros,280.0,194.0,340.0,146.0,10,1,2024,-6.57418829151856,38.74696293650007
24,León,24185,Val de San Lorenzo,280.0,230.0,325.0,95.0,11,1,2024,-6.114033445539861,42.40374749900005
23,Jaén,23079,Santisteban del Puerto,279.2068965517241,243.58620689655172,333.44827586206895,89.86206896551724,29,2,2024,-3.258606541363532,38.31265758750007
32,Ourense,32069,Ribadavia,278.7241379310345,219.54022988505747,346.2988505747126,126.75862068965515,174,2,2024,-8.144074715447111,42.28566196700004
46,Valencia/Valéncia,46108,Chera,278.0,210.0,324.0,114.0,10,1,2024,-0.9718083875488335,39.58594818700007
14,Córdoba,14073,Villaviciosa de Córdoba,278.0,238.0,363.0,125.0,10,1,2024,-5.0172132200651465,38.00289438600004
09,Burgos,09394,Trespaderne,278.0,233.0,326.0,93.0,16,1,2024,-3.3759837226451395,42.81562945100006
33,Asturias,33058,Riosa,278.0,201.0,300.0,99.0,21,1,2024,-5.8902559421855685,43.21205899900008
36,Pontevedra,36018,Forcarei,277.5,225.0,334.0,109.0,32,2,2024,-8.31701078413934,42.57201400050005
30,Murcia,30028,Moratalla,277.3134328358209,238.49253731343285,348.53731343283584,110.044776119403,67,2,2024,-1.980979272166151,38.19374649900004
27,Lugo,27063,"Valadouro, O",277.14285714285717,228.14285714285714,341.3333333333333,113.19047619047618,63,2,2024,-7.481739820198008,43.53839132550007
46,Valencia/Valéncia,46073,Bolbaite,277.0,230.0,315.0,85.0,11,1,2024,-0.7547729244004848,39.04639041350006
45,Toledo,45177,Urda,277.0,200.0,400.0,200.0,15,1,2024,-3.731519743357297,39.36835267700005
02,Albacete,02056,Ontur,276.6666666666667,194.75,321.6666666666667,126.91666666666669,24,2,2024,-1.491517638608459,38.62374299900006
49,Zamora,49081,Fuentesaúco,276.6666666666667,242.91666666666666,308.0,65.08333333333334,24,2,2024,-5.507719755098858,41.23096074900005
16,Cuenca,16117,Landete,276.0,234.0,466.0,232.0,10,1,2024,-1.3655890709298113,39.89870717250005
49,Zamora,49050,Cobreros,276.0,175.0,350.0,175.0,11,1,2024,-6.706765831990643,42.06805960150007
06,Badajoz,06097,Orellana la Vieja,275.36842105263156,227.73684210526315,341.2105263157895,113.47368421052633,38,2,2024,-5.55080400444036,39.02436297250003
41,Sevilla,41901,Cañada Rosal,275.0,217.0,355.0,138.0,22,1,2024,-5.236006251791942,37.60772881150007
22,Huesca,22909,Vencillón,275.0,245.0,300.0,55.0,10,1,2024,0.332289372894935,41.70579349900004
15,"Coruña, A",15093,Zas,275.0,218.0,324.0,106.0,64,1,2024,-8.910258962306214,43.08766459250006
04,Almería,04037,Chirivel,275.0,161.0,350.0,189.0,12,1,2024,-2.2782615400728448,37.60573600200004
26,"Rioja, La",26026,Baños de Río Tobía,275.0,230.0,302.0,72.0,17,1,2024,-2.759647193726958,42.34105411950003
41,Sevilla,41056,"Luisiana, La",275.0,230.0,350.0,120.0,31,1,2024,-5.212650527317542,37.55710027400005
06,Badajoz,06069,Hornachos,275.0,250.0,360.0,110.0,15,1,2024,-6.045629348749919,38.567678385500045
36,Pontevedra,36059,Vila de Cruces,275.0,225.0,334.0,109.0,63,1,2024,-8.224755114641207,42.792546898500035
06,Badajoz,06006,Alburquerque,275.0,221.35064935064935,335.06493506493507,113.71428571428572,77,2,2024,-6.961984006935394,39.21516846500006
13,Ciudad Real,13044,Fuente el Fresno,275.0,220.0,321.0,101.0,11,1,2024,-3.7853278476971424,39.22268785250006
05,Ávila,05102,"Hoyo de Pinares, El",274.03846153846155,204.80769230769232,400.0,195.19230769230768,52,2,2024,-4.382359745128573,40.49753011400006
45,Toledo,45072,"Herencias, Las",274.0,235.0,360.0,125.0,13,1,2024,-4.851163508011417,39.878294867500074
24,León,24196,Vega de Espinareda,274.0,238.0,300.0,62.0,24,1,2024,-6.729938102444104,42.75648142450004
27,Lugo,27056,Rábade,273.9310344827586,199.75862068965517,363.7931034482759,164.0344827586207,87,2,2024,-7.62166699268934,43.127562773500046
33,Asturias,33072,Teverga,273.8095238095238,238.57142857142858,384.3809523809524,145.80952380952382,21,2,2024,-6.118770620965045,43.15023247150006
27,Lugo,27030,Mondoñedo,273.6025641025641,201.64102564102564,313.8205128205128,112.17948717948718,78,2,2024,-7.382268891814869,43.446324559500056
03,Alicante,03023,Beneixama,273.5,218.5,367.5,149.0,20,2,2024,-0.7546389000444256,38.715981999000064
23,Jaén,23074,Rus,273.0,246.0,348.0,102.0,22,1,2024,-3.468907693205371,38.079807499000054
24,León,24114,"Pola de Gordón, La",272.63157894736844,220.3421052631579,340.07894736842104,119.73684210526315,38,2,2024,-5.699864922022641,42.872076639000056
19,Guadalajara,19021,Almoguera,272.0,225.0,430.0,205.0,15,1,2024,-2.966157551459779,40.29422412150004
02,Albacete,02030,Elche de la Sierra,272.0,250.0,311.6,61.60000000000002,55,2,2024,-2.0895687032712456,38.45767588450005
22,Huesca,22217,Sena,272.0,242.0,356.0,114.0,18,1,2024,-0.08486127853297923,41.65896857800007
23,Jaén,23082,Siles,272.0,250.0,318.0,68.0,10,1,2024,-2.568920425420014,38.39503844150005
02,Albacete,02015,Barrax,271.0,188.0,350.0,162.0,22,1,2024,-2.1986791425794383,39.023737674000074
24,León,24038,Carracedelo,271.0,241.0,390.0,149.0,29,1,2024,-6.727249649832309,42.55163174900005
12,Castellón/Castelló,12079,Montanejos,270.0,215.0,350.0,135.0,33,1,2024,-0.5392426020171969,40.06779674900005
02,Albacete,02010,Alpera,270.0,235.6,406.0,170.4,25,2,2024,-1.2825261400384211,38.98711399900006
03,Alicante,03136,Vall de Gallinera,270.0,201.0,382.0,181.0,10,1,2024,-0.23276999427468487,38.82898699900005
10,Cáceres,10019,Almaraz,270.0,238.0,292.5,54.5,34,2,2024,-5.674979404919725,39.80346054200007
10,Cáceres,10055,Casas del Monte,270.0,200.0,308.0,108.0,10,1,2024,-5.943740358640025,40.188817749000066
16,Cuenca,16052,Cañete,270.0,210.0,300.0,90.0,12,1,2024,-1.6689908547165082,40.04216276450006
24,León,24071,Folgoso de la Ribera,270.0,205.0,350.0,145.0,11,1,2024,-6.339300066044807,42.655438711000045
27,Lugo,27049,Portomarín,270.0,238.0,327.0,89.0,13,1,2024,-7.680183294727644,42.81616769550007
05,Ávila,05132,Mombeltrán,270.0,250.0,304.0,54.0,13,1,2024,-4.936482714288916,40.14886849900006
10,Cáceres,10189,Torrejoncillo,270.0,180.0,370.0,190.0,21,1,2024,-6.464709905857051,39.90169724900005
30,Murcia,30011,Blanca,269.87261146496814,163.81528662420382,351.687898089172,187.87261146496817,157,2,2024,-1.2861113341432122,38.21449099900005
45,Toledo,45101,Miguel Esteban,269.7402597402597,203.94805194805195,328.5974025974026,124.64935064935065,77,2,2024,-3.118439468299999,39.50991249900005
33,Asturias,33053,Quirós,269.0,145.0,331.0,186.0,14,1,2024,-5.973226349745726,43.15260067300005
45,Toledo,45151,San Martín de Montalbán,269.0,232.0,381.0,149.0,14,1,2024,-4.433149166661815,39.71843292750006
10,Cáceres,10041,Caminomorisco,269.0,181.0,300.0,119.0,13,1,2024,-6.2096317211248575,40.357046975500054
32,Ourense,32036,Xunqueira de Ambía,268.0,185.0,345.0,160.0,12,1,2024,-7.704868858481573,42.18263999900003
45,Toledo,45186,"Villa de Don Fadrique, La",268.0,169.0,315.0,146.0,25,1,2024,-3.200019168443516,39.60973514050005
02,Albacete,02019,"Bonillo, El",268.0,222.0,312.0,90.0,10,1,2024,-2.543805270335033,38.94255050950005
50,Zaragoza,50113,Fuendejalón,268.0,200.0,363.0,163.0,14,1,2024,-1.4617157455705723,41.73529799900007
13,Ciudad Real,13096,Villarrubia de los Ojos,267.7597402597403,228.8961038961039,320.8051948051948,91.90909090909088,154,2,2024,-3.653539600284322,39.21560119700004
02,Albacete,02901,Pozo Cañada,267.5,220.125,343.4583333333333,123.33333333333331,48,2,2024,-1.779633580023488,38.78733967300005
15,"Coruña, A",15068,Ponteceso,266.7891156462585,231.6326530612245,336.7687074829932,105.1360544217687,147,2,2024,-8.86093299996482,43.25724187150004
06,Badajoz,06023,Cabeza del Buey,266.2295081967213,221.31147540983608,303.8360655737705,82.52459016393442,61,2,2024,-5.279564545669092,38.76372916650007
02,Albacete,02053,Munera,266.1818181818182,197.27272727272728,313.93939393939394,116.66666666666666,33,2,2024,-2.4534965722983113,39.08408249900006
18,Granada,18097,Huéneja,266.0,250.0,305.0,55.0,14,1,2024,-2.930339184351264,37.176158979000064
18,Granada,18135,Montefrío,265.7692307692308,223.07692307692307,359.6923076923077,136.6153846153846,26,2,2024,-4.031482015092396,37.32584506850006
15,"Coruña, A",15050,Monfero,265.0,172.0,303.0,131.0,14,1,2024,-7.986895471988733,43.34660703700007
24,León,24122,Puente de Domingo Flórez,265.0,226.0,300.0,74.0,29,1,2024,-6.772713289819347,42.41937317850005
05,Ávila,05207,San Esteban del Valle,265.0,241.0,346.0,105.0,12,1,2024,-4.956615082246577,40.291400236000044
12,Castellón/Castelló,12067,Geldo,265.0,225.0,509.0,284.0,13,1,2024,-0.46541784663971775,39.83540678150007
11,Cádiz,11002,Alcalá del Valle,265.0,219.0,320.0,101.0,10,1,2024,-5.146762080996652,36.92474749900006
16,Cuenca,16170,Priego,265.0,180.0,331.0,151.0,10,1,2024,-2.316146986501959,40.45598024900005
13,Ciudad Real,13901,"Robledo, El",265.0,237.0,306.0,69.0,10,1,2024,-4.2969326271677755,39.20626115200005
49,Zamora,49003,Alcañices,265.0,222.22222222222223,319.77777777777777,97.55555555555554,27,2,2024,-6.367091456408993,41.69148747050005
23,Jaén,23073,Quesada,264.9189189189189,229.45945945945945,299.2432432432432,69.78378378378378,37,2,2024,-3.1446210058280393,37.74542644650006
46,Valencia/Valéncia,46179,Navarrés,264.24242424242425,200.0,336.3939393939394,136.39393939393938,99,2,2024,-0.7043092542745875,39.09836860450005
50,Zaragoza,50136,Lécera,264.0,244.0,583.0,339.0,10,1,2024,-0.6958110343250654,41.17720774900005
41,Sevilla,41052,"Lantejuela, La",264.0,250.0,395.0,145.0,16,1,2024,-5.22528256361589,37.36202004900005
12,Castellón/Castelló,12139,Vistabella del Maestrazgo,264.0,238.0,351.0,113.0,10,1,2024,-0.3135340634575631,40.29759821300004
27,Lugo,27002,Alfoz,263.0,167.0,340.0,173.0,12,1,2024,-7.4277235868355485,43.50504873350005
10,Cáceres,10184,"Torno, El",263.0,222.0,316.0,94.0,10,1,2024,-5.935429445276577,40.129170978000076
10,Cáceres,10020,Almoharín,263.0,248.0,300.0,52.0,11,1,2024,-6.059691999956312,39.12453052050006
23,Jaén,23072,"Puerta de Segura, La",262.741935483871,219.6451612903226,325.61290322580646,105.96774193548387,31,2,2024,-2.7921451232428254,38.37304466700007
18,Granada,18132,Moclín,262.0,200.0,361.0,161.0,20,1,2024,-3.806527167564748,37.370988392000044
18,Granada,18182,Ugíjar,260.86206896551727,240.0344827586207,319.0689655172414,79.0344827586207,29,2,2024,-3.064852401986924,36.94946510150007
04,Almería,04099,Vélez-Rubio,260.4191616766467,207.25149700598803,313.0239520958084,105.77245508982037,167,2,2024,-2.0549239103068677,37.57260781650004
33,Asturias,33007,Boal,260.0,250.0,300.0,50.0,17,1,2024,-6.832412989198245,43.41521802850005
02,Albacete,02048,Minaya,260.0,249.0,300.0,51.0,19,1,2024,-2.322077035189852,39.21833674900003
32,Ourense,32042,Lobios,260.0,250.0,380.0,130.0,15,1,2024,-8.059865868635203,41.90331194500004
06,Badajoz,06903,Guadiana,260.0,242.0,332.0,90.0,29,1,2024,-6.673829991909532,38.938953207000026
05,Ávila,05161,Navalperal de Pinares,260.0,200.0,342.5,142.5,50,2,2024,-4.443669527768355,40.59485999900005
45,Toledo,45082,Lagartera,260.0,205.0,306.0,101.0,16,1,2024,-5.229017914760506,39.986680880500046
27,Lugo,27064,"Vicedo, O",259.0243902439024,204.0487804878049,372.3170731707317,168.2682926829268,41,2,2024,-7.678154986314805,43.68112274000006
45,Toledo,45055,Cuerva,259.0,219.0,328.0,109.0,18,1,2024,-4.220658751108094,39.65854435600005
15,"Coruña, A",15092,Vimianzo,258.8041237113402,216.7422680412371,308.4226804123711,91.680412371134,97,2,2024,-9.024203632393327,43.08910642150005
27,Lugo,27027,Lourenzá,258.35714285714283,188.39285714285714,313.0,124.60714285714286,56,2,2024,-7.2847512833319685,43.45963549900003
05,Ávila,05184,Peguerinos,258.0,242.0,375.0,133.0,21,1,2024,-4.236239994451744,40.649966128000045
16,Cuenca,16055,Carboneras de Guadazaón,258.0,221.0,352.0,131.0,15,1,2024,-1.7881955910485312,39.893398426500056
06,Badajoz,06016,Barcarrota,258.0,200.0,338.0,138.0,20,1,2024,-6.883272049911283,38.509351656000064
05,Ávila,05054,Casavieja,257.86046511627904,200.0,323.4418604651163,123.44186046511629,43,2,2024,-4.775782784753741,40.30103736550004
46,Valencia/Valéncia,46107,Chella,257.3728813559322,213.42372881355934,300.50847457627117,87.08474576271183,59,2,2024,-0.6601549131162936,39.04802638950005
16,Cuenca,16124,"Mesas, Las",257.0,195.0,300.0,105.0,13,1,2024,-2.732006015950004,39.377833285000065
32,Ourense,32088,Vilamartín de Valdeorras,257.0,250.0,329.0,79.0,16,1,2024,-7.064825294337565,42.44138290650005
45,Toledo,45079,"Iglesuela, La",257.0,250.0,300.0,50.0,11,1,2024,-4.749697471401491,40.23842380700003
27,Lugo,27004,Baleira,257.0,150.0,362.0,212.0,10,1,2024,-7.228038990555812,43.05296984550006
02,Albacete,02033,Fuente-Álamo,257.0,200.0,350.0,150.0,19,1,2024,-1.4486153479307595,38.71534549900005
15,"Coruña, A",15045,Mazaricos,256.625,206.25,287.3125,81.0625,32,2,2024,-8.993973714001154,42.926916200500045
32,Ourense,32077,Sandiás,255.0,220.0,348.0,128.0,11,1,2024,-7.744286212778975,42.115734865000064
45,Toledo,45020,Belvís de la Jara,255.0,200.0,300.0,100.0,17,1,2024,-4.944210427627599,39.75402438000003
06,Badajoz,06022,Burguillos del Cerro,254.57627118644066,211.9322033898305,301.8305084745763,89.89830508474577,59,2,2024,-6.575687444778107,38.37852373600006
12,Castellón/Castelló,12061,Forcall,253.0,200.0,281.0,81.0,10,1,2024,-0.21323285678428877,40.65623660850005
23,Jaén,23096,Villanueva de la Reina,253.0,250.0,325.0,75.0,19,1,2024,-3.883994417503039,38.16355774550007
06,Badajoz,06123,San Vicente de Alcántara,252.9090909090909,184.2987012987013,294.15584415584414,109.85714285714283,77,2,2024,-6.954982154732848,39.36183025650004
13,Ciudad Real,13027,Calzada de Calatrava,252.52631578947367,227.52631578947367,307.8421052631579,80.31578947368425,38,2,2024,-3.725755639586048,38.62506872250006
24,León,24181,Valderas,252.0,221.0,284.0,63.0,24,2,2024,-5.449004732166337,42.09206249850004
14,Córdoba,14069,Villanueva de Córdoba,251.16129032258064,215.20967741935485,287.7096774193548,72.49999999999997,62,2,2024,-4.63250648570483,38.25068330950003
27,Lugo,27048,"Pontenova, A",251.0,202.0,300.0,98.0,59,1,2024,-7.184994879067174,43.326205884000046
22,Huesca,22136,Lalueza,251.0,125.0,350.0,225.0,15,1,2024,-0.2004718416376695,41.867965391500036
02,Albacete,02086,Yeste,250.68965517241378,190.27586206896552,301.8965517241379,111.62068965517238,29,2,2024,-2.3587907575198654,38.31068412350007
27,Lugo,27044,"Pastoriza, A",250.56666666666666,168.33333333333334,324.0,155.66666666666666,30,2,2024,-7.373945323347499,43.295796397500055
10,Cáceres,10010,Alcuéscar,250.3030303030303,159.27272727272728,403.030303030303,243.75757575757572,33,2,2024,-6.252181836636922,39.18777610850006
06,Badajoz,06125,Siruela,250.0,200.0,311.0,111.0,13,1,2024,-5.081273719094555,38.98443773150004
32,Ourense,32071,Riós,250.0,200.0,267.0,67.0,11,1,2024,-7.26516075092341,41.97579333550007
10,Cáceres,10205,Valverde del Fresno,250.0,200.0,295.0,95.0,13,1,2024,-6.942020575932796,40.17478796000006
32,Ourense,32006,Bande,250.0,220.0,269.0,49.0,15,1,2024,-7.948925356003531,42.02125626850005
21,Huelva,21008,Aroche,250.0,192.0,301.0,109.0,19,1,2024,-6.986692592946207,37.95180013050006
12,Castellón/Castelló,12132,Vilanova d'Alcolea,250.0,222.0,315.0,93.0,10,1,2024,0.09312580265918517,40.23797212700006
24,León,24170,Torre del Bierzo,250.0,200.0,300.0,100.0,20,1,2024,-6.332678064503874,42.58153387650006
12,Castellón/Castelló,12026,Benasal,250.0,215.0,310.0,95.0,16,1,2024,-0.1738832076631753,40.39444910800006
32,Ourense,32059,"Peroxa, A",250.0,150.0,498.0,348.0,12,1,2024,-7.797882431044416,42.450285177500035
10,Cáceres,10126,Montánchez,250.0,198.05882352941177,306.6470588235294,108.58823529411762,34,2,2024,-6.262387335603549,39.12164048100004
14,Córdoba,14074,"Viso, El",250.0,242.0,389.0,147.0,15,1,2024,-5.029520888734986,38.59937899800005
32,Ourense,32040,Leiro,250.0,175.0,550.0,375.0,11,1,2024,-8.14846405083487,42.372685044000036
10,Cáceres,10100,Hoyos,250.0,214.0,308.0,94.0,18,1,2024,-6.719775008134846,40.16183002450006
27,Lugo,27041,Pantón,250.0,229.0,562.0,333.0,23,1,2024,-7.637942572567477,42.503714318500045
16,Cuenca,16236,Valverde de Júcar,250.0,231.0,300.0,69.0,13,1,2024,-2.2350063099423663,39.70689761350005
46,Valencia/Valéncia,46232,Sinarcas,250.0,240.0,270.0,30.0,13,1,2024,-1.2152898697782093,39.75402649900005
36,Pontevedra,36020,Agolada,250.0,250.0,458.0,208.0,11,1,2024,-8.041250396074153,42.772627560000075
27,Lugo,27021,Xermade,250.0,200.0,300.0,100.0,20,1,2024,-7.8166981586037485,43.36262493500004
09,Burgos,09412,Valle de Tobalina,250.0,200.0,350.0,150.0,11,1,2024,-3.2566561984525393,42.80749453200005
06,Badajoz,06154,Villanueva del Fresno,250.0,215.0,280.0,65.0,18,1,2024,-7.134363627620537,38.37787433950007
27,Lugo,27046,Pol,250.0,197.0,322.0,125.0,13,1,2024,-7.323190278735185,43.14242996300004
41,Sevilla,41078,"Puebla de los Infantes, La",250.0,238.0,500.0,262.0,11,1,2024,-5.428646837820936,37.806207114000046
44,Teruel,44205,Samper de Calanda,250.0,136.0,300.0,164.0,10,1,2024,-0.3173051379936731,41.159133124500045
06,Badajoz,06113,Ribera del Fresno,250.0,194.0,300.0,106.0,14,1,2024,-6.266007016674951,38.585133692000056
06,Badajoz,06093,Oliva de la Frontera,250.0,200.0,337.0,137.0,15,1,2024,-6.994636464670318,38.25574392150003
50,Zaragoza,50024,Almonacid de la Sierra,250.0,200.0,300.0,100.0,11,1,2024,-1.3152720466375478,41.41681974300005
12,Castellón/Castelló,12042,Catí,250.0,232.0,280.0,48.0,15,1,2024,0.006356395268316089,40.45913867750005
34,Palencia,34182,Torquemada,250.0,232.0,331.0,99.0,10,1,2024,-4.289009607487991,42.036628527500056
45,Toledo,45089,Malpica de Tajo,250.0,200.0,338.0,138.0,16,1,2024,-4.574402047198257,39.88399852000006
45,Toledo,45095,"Mata, La",250.0,200.0,420.0,220.0,15,1,2024,-4.446727471697175,39.93553799150007
45,Toledo,45112,"Navalmorales, Los",250.0,167.0,300.0,133.0,23,1,2024,-4.623911076229895,39.70445759550006
44,Teruel,44161,Muniesa,250.0,198.0,283.0,85.0,10,1,2024,-0.7650340947478498,41.08064718250006
06,Badajoz,06059,Granja de Torrehermosa,250.0,180.0,288.0,108.0,15,1,2024,-5.609613778884336,38.32281941550005
13,Ciudad Real,13085,Torrenueva,250.0,200.0,321.0,121.0,17,1,2024,-3.3543041109283367,38.64797226500005
04,Almería,04098,Vélez-Blanco,250.0,184.0,300.0,116.0,10,1,2024,-2.111767017119859,37.786731086500055
13,Ciudad Real,13011,Almadén,250.0,200.0,314.15841584158414,114.15841584158414,101,2,2024,-4.773103939832358,38.78754931350005
50,Zaragoza,50057,Brea de Aragón,250.0,186.0,300.0,114.0,16,1,2024,-1.5904054959193488,41.52831633650007
12,Castellón/Castelló,12048,Cortes de Arenoso,250.0,190.0,350.0,160.0,15,1,2024,-0.5292797033909403,40.178749539500075
24,León,24082,Hospital de Órbigo,250.0,216.0,269.0,53.0,10,1,2024,-5.880824628136868,42.46512410650004
13,Ciudad Real,13033,Castellar de Santiago,249.0,198.0,294.0,96.0,14,1,2024,-3.2788631233854284,38.53075229950008
10,Cáceres,10045,Cañaveral,249.0,200.0,350.0,150.0,12,1,2024,-6.4075035868881525,39.79437938500007
16,Cuenca,16126,Mira,248.0,202.0,276.0,74.0,30,1,2024,-1.4823507744371827,39.66466042600007
05,Ávila,05089,Guisando,247.0,140.0,270.0,130.0,17,1,2024,-5.1353416896429085,40.20959937600006
10,Cáceres,10146,Pinofranqueado,247.0,194.5,292.0,97.5,32,2,2024,-6.384955889001342,40.32514258850006
03,Alicante,03013,Algueña,245.0,195.0,325.0,130.0,14,1,2024,-1.009935687781232,38.342620999000076
10,Cáceres,10110,Losar de la Vera,244.08823529411765,191.97058823529412,334.02941176470586,142.05882352941174,68,2,2024,-5.597519393990893,40.13234719000005
06,Badajoz,06091,Navalvillar de Pela,243.89473684210526,156.89473684210526,303.89473684210526,147.0,38,2,2024,-5.4811686655765595,39.09774507550006
15,"Coruña, A",15016,Camariñas,243.43037974683546,179.34177215189874,325.4810126582278,146.1392405063291,79,2,2024,-9.143434085070524,43.16059709050006
10,Cáceres,10127,Montehermoso,243.1159420289855,181.82608695652175,295.2463768115942,113.42028985507244,69,2,2024,-6.338691671827837,40.031113635000054
33,Asturias,33015,Caso,243.0,150.0,300.0,150.0,11,1,2024,-5.32769992272141,43.174284487500046
45,Toledo,45034,Camuñas,242.0,189.0,330.0,141.0,12,1,2024,-3.4791115927093887,39.392656249000055
14,Córdoba,14035,Hinojosa del Duque,242.0,201.2,327.8,126.60000000000002,30,2,2024,-5.162487912174107,38.45825388950004
12,Castellón/Castelló,12050,"Coves de Vinromà, les",241.2967032967033,192.75824175824175,316.9230769230769,124.16483516483515,91,2,2024,0.11450555561016024,40.31931699900005
24,León,24049,Castropodame,241.0,204.0,304.0,100.0,13,1,2024,-6.456977581247024,42.57259551300007
36,Pontevedra,36047,Rodeiro,240.0,200.0,303.0,103.0,26,1,2024,-7.940844160417598,42.650140825500046
23,Jaén,23020,Canena,240.0,190.0,272.0,82.0,12,1,2024,-3.5059437878727766,38.06634874850005
44,Teruel,44143,Manzanera,240.0,100.0,288.0,188.0,12,1,2024,-0.8462452571923708,40.02120467300006
23,Jaén,23049,Jabalquinto,238.0,185.0,329.0,144.0,12,1,2024,-3.7551901345208627,38.01691399750007
10,Cáceres,10044,Cañamero,238.0,202.0,295.0,93.0,16,1,2024,-5.394532477758661,39.365696534500046
46,Valencia/Valéncia,46128,"Font de la Figuera, la",237.2,194.3,295.5,101.19999999999999,60,2,2024,-0.8932198915353236,38.83235471900005
37,Salamanca,37014,Aldeadávila de la Ribera,237.0,190.0,320.0,130.0,11,1,2024,-6.6417502447201935,41.21357473000003
14,Córdoba,14045,Moriles,236.0,164.0,290.0,126.0,12,1,2024,-4.63444070050063,37.42561287750004
32,Ourense,32061,Piñor,235.0,200.0,362.0,162.0,10,1,2024,-8.024656561590039,42.52368349900004
06,Badajoz,06160,Zalamea de la Serena,235.0,200.0,299.0,99.0,14,1,2024,-5.623532128030143,38.623892782500036
27,Lugo,27009,Carballedo,235.0,190.0,401.0,211.0,10,1,2024,-7.809853873372921,42.529200696500055
06,Badajoz,06102,Puebla de Alcocer,235.0,172.0,283.0,111.0,10,1,2024,-5.0906399008606735,39.07351098500007
36,Pontevedra,36014,Crecente,234.0,200.0,305.0,105.0,11,1,2024,-8.199199319374738,42.192393944500054
06,Badajoz,06033,Casas de Don Pedro,231.0,200.0,335.0,135.0,12,1,2024,-5.297940245811006,39.14371889550006
10,Cáceres,10175,Serradilla,230.0,159.0,312.0,153.0,10,1,2024,-6.103573543418518,39.79656854950005
37,Salamanca,37173,Lumbrales,230.0,182.25806451612902,280.96774193548384,98.70967741935482,31,2,2024,-6.69992177609226,40.944393557500064
50,Zaragoza,50175,Morata de Jalón,228.3913043478261,142.3913043478261,288.2608695652174,145.86956521739128,23,2,2024,-1.459223846939957,41.443526330000054
23,Jaén,23025,Castellar,227.0,194.0,323.0,129.0,13,1,2024,-3.1550022767811443,38.31051432900006
45,Toledo,45006,Alcaudete de la Jara,225.0,144.0,293.0,149.0,16,1,2024,-4.857253127979414,39.75200167650004
05,Ávila,05066,Cuevas del Valle,225.0,200.0,319.0,119.0,17,1,2024,-5.031768748034269,40.29539514500004
05,Ávila,05182,Pedro Bernardo,225.0,202.0,288.0,86.0,16,1,2024,-4.917747292037168,40.24531882900007
45,Toledo,45182,"Ventas con Peña Aguilera, Las",225.0,178.0,285.0,107.0,13,1,2024,-4.228524737421319,39.558394029000056
14,Córdoba,14008,Belalcázar,225.0,210.0,275.0,65.0,17,1,2024,-5.169974978369979,38.587720338000054
29,Málaga,29046,Cortes de la Frontera,221.0,138.0,325.0,187.0,18,1,2024,-5.396084424486393,36.58629362550005
23,Jaén,23905,Arroyo del Ojanco,220.0,174.0,351.0,177.0,10,1,2024,-2.8768922225234235,38.313767090000056
46,Valencia/Valéncia,46001,Ademuz,220.0,200.0,267.0,67.0,25,1,2024,-1.2443890541355531,40.06423051500005
45,Toledo,45153,San Pablo de los Montes,219.0,150.0,275.0,125.0,14,1,2024,-4.332034167901976,39.54070712650005
24,León,24169,Toreno,218.9795918367347,177.6734693877551,279.265306122449,101.59183673469389,49,2,2024,-6.52949417588384,42.70348689350007
45,Toledo,45098,Menasalbas,218.19565217391303,159.7826086956522,279.4347826086956,119.65217391304344,46,2,2024,-4.3195513776116705,39.63840934950005
23,Jaén,23084,Sorihuela del Guadalimar,217.0,188.0,247.0,59.0,10,1,2024,-2.8412832619000117,38.18851255650006
06,Badajoz,06087,Monterrubio de la Serena,215.0,148.0,259.0,111.0,10,1,2024,-5.474133178162154,38.581189836500045
05,Ávila,05055,Casillas,210.71428571428572,195.71428571428572,310.14285714285717,114.42857142857144,28,2,2024,-4.57826225542617,40.32591917000005
05,Ávila,05127,Mijares,210.0,172.0,240.0,68.0,10,1,2024,-4.82883405495066,40.26707736900005
29,Málaga,29031,"Burgo, El",205.0,145.0,274.0,129.0,12,1,2024,-4.944508953986756,36.80855044000006
10,Cáceres,10213,Villar del Pedroso,202.0,156.0,310.0,154.0,10,1,2024,-5.2939143221098846,39.63782809500003
46,Valencia/Valéncia,46206,Quesa,202.0,169.0,288.0,119.0,12,1,2024,-0.7726475193416589,39.09561311500005
06,Badajoz,06028,Campanario,200.0,157.09803921568627,242.45098039215685,85.35294117647058,51,2,2024,-5.580399970474153,38.89287755000004
06,Badajoz,06037,"Codosera, La",200.0,190.0,300.0,110.0,29,1,2024,-7.195167332671714,39.232771896500054
44,Teruel,44145,Mas de las Matas,200.0,185.0,317.0,132.0,13,1,2024,-0.2615867614357516,40.84686609000005
12,Castellón/Castelló,12001,Atzeneta del Maestrat,200.0,160.0,325.0,165.0,13,1,2024,-0.17622727355177492,40.23117279400006
06,Badajoz,06109,Quintana de la Serena,193.0,115.0,250.0,135.0,21,1,2024,-5.7248650784301045,38.76398606300006
32,Ourense,32017,Carballeda de Valdeorras,187.77777777777777,142.44444444444446,205.0,62.55555555555554,27,2,2024,-6.847020227845507,42.34051423750006
05,Ávila,05093,Herradón de Pinares,150.0,150.0,265.0,115.0,13,1,2024,-4.5382543976883145,40.58846562700006
25,Lleida,25111,Guixers,146.0,69.0,291.0,222.0,14,1,2024,1.6667151906586524,42.14244729550006
