COD_PROVINCIA,PROVINCIA,COD_POSTAL,NOMBRE_MUNICIPIO,median_rent_eur,p25_rent_eur,p75_rent_eur,iqr_rent_eur,rental_homes,dwelling_types,year
28,Madrid,28022,Boadilla del Monte,1408.8318356867778,1078.0119811724433,1744.8472400513479,666.8352588789046,2337,2,2024
28,Madrid,28115,Pozuelo de Alarcón,1360.6529032258065,915.1096774193549,1821.9716129032258,906.861935483871,4650,2,2024
10,Cáceres,10085,"Gordo, El",1300.0,400.0,1500.0,1100.0,11,1,2024
07,"Balears, Illes",07050,Sant Joan de Labritja,1221.5632183908046,789.6551724137931,1938.0459770114942,1148.390804597701,522,2,2024
17,Girona,17024,Bolvir,1176.0,733.0,1652.0,919.0,25,1,2024
28,Madrid,28080,Majadahonda,1169.8465001125367,876.4821066846725,1497.7296871483231,621.2475804636506,4443,2,2024
08,Barcelona,08120,Matadepera,1169.834808259587,861.1622418879056,1444.1799410029498,583.0176991150443,339,2,2024
08,Barcelona,08221,Sant Just Desvern,1166.818345323741,860.919964028777,1585.2347122302158,724.3147482014388,1112,2,2024
08,Barcelona,08205,Sant Cugat del Vallès,1143.607970192775,849.658188887089,1544.128624655759,694.4704357686701,6173,2,2024
29,Málaga,29023,Benahavís,1134.6211453744493,791.2731277533039,1687.7224669603524,896.4493392070485,227,2,2024
08,Barcelona,08264,Sant Vicenç de Montalt,1123.8857142857144,829.6571428571428,1523.8285714285714,694.1714285714286,385,2,2024
08,Barcelona,08003,Alella,1105.6380597014925,803.223880597015,1561.9402985074628,758.7164179104478,536,2,2024
28,Madrid,28152,Torrelodones,1097.6165938864629,841.917903930131,1386.850655021834,544.9327510917029,1145,2,2024
08,Barcelona,08282,Tiana,1090.0,799.0909090909091,1355.3636363636363,556.2727272727271,440,2,2024
08,Barcelona,08030,Cabrils,1078.6931506849314,810.8657534246576,1404.1753424657534,593.3095890410958,365,2,2024
28,Madrid,28127,"Rozas de Madrid, Las",1051.2184130049895,809.2547883470144,1354.3536133912764,545.0988250442621,6213,2,2024
08,Barcelona,08281,Teià,1032.1936507936507,753.0603174603175,1379.3619047619047,626.3015873015872,315,2,2024
28,Madrid,28181,Villaviciosa de Odón,1004.6153846153846,819.2307692307693,1291.923076923077,472.6923076923076,1326,2,2024
08,Barcelona,08020,Begues,994.3442211055276,709.6708542713568,1177.4824120603016,467.8115577889448,398,2,2024
08,Barcelona,08270,Sitges,987.0264345583495,781.0257898130238,1344.233397807866,563.2076079948421,3102,2,2024
07,"Balears, Illes",07048,Sant Josep de sa Talaia,983.7564766839379,750.0,1414.790390956194,664.790390956194,2123,2,2024
28,Madrid,28903,Tres Cantos,979.0901830282862,845.393677204659,1170.8302828618969,325.4366056572379,3005,2,2024
08,Barcelona,08056,Castelldefels,973.6641432791728,792.4518094534712,1263.5967503692762,471.1449409158049,5416,2,2024
08,Barcelona,08230,Premià de Dalt,969.6178707224335,708.212927756654,1265.0817490494296,556.8688212927756,526,2,2024
20,Gipuzkoa,20069,Donostia / San Sebastián,969.4192577733199,821.0070210631895,1206.6800401203611,385.6730190571716,12961,2,2024
08,Barcelona,08296,Vallromanes,961.2871287128713,670.3168316831683,1314.1683168316831,643.8514851485148,101,2,2024
28,Madrid,28176,Villanueva de la Cañada,958.1497797356828,769.7923222152297,1198.3297671491505,428.5374449339208,1589,2,2024
46,Valencia/Valéncia,46903,San Antonio de Benagéber,953.0034129692833,703.3310580204778,1303.754266211604,600.4232081911263,293,2,2024
28,Madrid,28169,Venturada,952.0,625.0,1297.0,672.0,60,1,2024
28,Madrid,28104,Paracuellos de Jarama,948.2972051806407,700.2719836400818,1126.9311520109065,426.6591683708248,1467,2,2024
08,Barcelona,08005,"Ametlla del Vallès, L'",946.5631067961165,693.1359223300971,1231.2912621359224,538.1553398058253,309,2,2024
28,Madrid,28177,Villanueva del Pardillo,943.1116751269036,767.6649746192893,1170.1522842639595,402.4873096446702,985,2,2024
28,Madrid,28006,Alcobendas,942.0688642733218,704.1430668624049,1245.4137194715067,541.2706526091018,7493,2,2024
17,Girona,17002,Aiguaviva,933.0,575.0,1270.0,695.0,25,1,2024
07,"Balears, Illes",07054,Santa Eulalia del Río,929.2593167701864,706.3612836438923,1390.8385093167701,684.4772256728778,3864,2,2024
17,Girona,17136,Pontós,926.0,544.0,1177.0,633.0,13,1,2024
08,Barcelona,08219,Vilassar de Mar,919.0060472787246,748.2319956019791,1138.7674546454095,390.5354590434305,1819,2,2024
08,Barcelona,08029,Cabrera de Mar,916.4370860927153,755.5629139072847,1175.708609271523,420.14569536423835,302,2,2024
07,"Balears, Illes",07018,Deyá,915.0,689.0,1343.0,654.0,30,1,2024
07,"Balears, Illes",07026,Eivissa,914.0526046986721,703.4630575417092,1227.3369084099422,523.873850868233,5874,2,2024
17,Girona,17061,Das,911.0,781.0,1052.0,271.0,14,1,2024
28,Madrid,28123,Rivas-Vaciamadrid,909.4555873925501,782.3409742120344,1052.2063037249284,269.86532951289394,3490,2,2024
48,Bizkaia,48044,Getxo,908.2805970149253,798.9223880597015,1099.3970149253732,300.4746268656718,2680,2,2024
08,Barcelona,08238,Sant Quirze del Vallès,907.0110701107011,688.6789667896679,1130.339483394834,441.660516605166,813,2,2024
08,Barcelona,08197,Sant Andreu de Llavaneres,901.2145289443814,734.1271282633371,1201.2020431328037,467.0749148694666,881,2,2024
08,Barcelona,08019,Barcelona,899.8721980455298,734.4024755691224,1171.8755439755796,437.4730684064572,143159,2,2024
08,Barcelona,08902,Vilanova del Vallès,896.1428571428571,679.7926267281106,1080.258064516129,400.46543778801845,217,2,2024
28,Madrid,28017,Batres,895.0,600.0,1200.0,600.0,23,1,2024
48,Bizkaia,48016,Berango,893.0,749.6683937823834,1146.0569948186528,396.3886010362694,193,2,2024
28,Madrid,28015,Arroyomolinos,886.9318181818181,763.2215909090909,1024.4829545454545,261.2613636363636,1232,2,2024
07,"Balears, Illes",07024,Formentera,883.9616519174041,664.2817109144543,1175.6637168141592,511.38200589970495,678,2,2024
17,Girona,17090,Llambilles,882.0,506.0,1359.0,853.0,10,1,2024
07,"Balears, Illes",07046,Sant Antoni de Portmany,880.0,650.0,1153.4,503.4000000000001,2470,2,2024
17,Girona,17126,Parlavà,875.0,550.0,1025.0,475.0,15,1,2024
17,Girona,17069,Fontanals de Cerdanya,875.0,721.0,996.0,275.0,28,1,2024
08,Barcelona,08126,Montgat,874.4763358778625,714.6503816793893,1071.9679389312978,357.3175572519085,655,2,2024
28,Madrid,28079,Madrid,873.3207560216665,700.5347470323844,1180.2670508240176,479.73230379163317,303695,2,2024
20,Gipuzkoa,20903,Astigarraga,868.574074074074,776.4656084656085,1020.3597883597884,243.89417989417984,378,2,2024
28,Madrid,28134,San Sebastián de los Reyes,868.2474798387096,716.7842741935484,1046.8215725806451,330.0372983870967,5952,2,2024
08,Barcelona,08069,Collbató,863.1594202898551,674.6086956521739,1146.144927536232,471.5362318840581,138,2,2024
08,Barcelona,08118,"Masnou, El",859.9205584978334,704.9879634087627,1074.294174289841,369.3062108810784,2077,2,2024
07,"Balears, Illes",07036,Marratxí,857.0394207562349,657.7329042638777,1137.0893000804506,479.3563958165729,1243,2,2024
20,Gipuzkoa,20079,Zarautz,856.8666666666667,748.8952380952381,1006.8095238095239,257.9142857142857,1365,2,2024
17,Girona,17068,Foixà,850.0,577.0,1375.0,798.0,12,1,2024
17,Girona,17073,Fornells de la Selva,849.9444444444445,682.1851851851852,1019.5370370370371,337.35185185185185,108,2,2024
48,Bizkaia,48903,Loiu,849.7272727272727,607.25,1076.2727272727273,469.02272727272725,44,2,2024
48,Bizkaia,48089,Urduliz,848.0,750.0,948.0,198.0,164,1,2024
08,Barcelona,08244,Santa Coloma de Cervelló,846.7555555555556,710.0444444444445,1022.0730158730158,312.02857142857135,315,2,2024
08,Barcelona,08077,Esplugues de Llobregat,838.9429347826087,687.5407608695652,1033.9313858695652,346.390625,2944,2,2024
08,Barcelona,08089,Gavà,838.4046028210839,695.1744617668894,1075.8285077951002,380.6540460282108,2694,2,2024
48,Bizkaia,48085,Sopela,836.1143984220907,756.6942800788954,929.3195266272189,172.6252465483235,507,2,2024
46,Valencia/Valéncia,46216,Rocafort,835.8975903614457,637.3493975903615,1105.2791164658634,467.92971887550186,498,2,2024
11,Cádiz,11030,Rota,835.8133802816901,651.6455399061033,1356.9600938967137,705.3145539906104,2556,2,2024
29,Málaga,29069,Marbella,829.629373530632,633.8888120591896,1133.5548333563822,499.66602129719263,7231,2,2024
48,Bizkaia,48054,Leioa,826.465306122449,730.4857142857143,952.9663265306123,222.480612244898,980,2,2024
08,Barcelona,08043,Canyelles,825.9384615384615,602.8538461538461,1059.8538461538462,457.0000000000001,130,2,2024
28,Madrid,28041,Cobeña,824.5382585751979,662.269129287599,980.6543535620053,318.38522427440637,379,2,2024
07,"Balears, Illes",07001,Alaró,823.8031914893617,641.8218085106383,1080.6329787234042,438.8111702127659,376,2,2024
08,Barcelona,08214,Vilassar de Dalt,823.6346516007533,645.5894538606403,1083.1035781544256,437.51412429378524,531,2,2024
08,Barcelona,08148,Olivella,823.216,628.4,1108.552,480.15199999999993,125,2,2024
07,"Balears, Illes",07020,Esporles,822.2692307692307,699.7564102564103,1066.628205128205,366.8717948717948,312,2,2024
08,Barcelona,08217,Sant Joan Despí,821.3378443692606,673.0855485741904,1074.549540840986,401.4639922667957,2069,2,2024
25,Lleida,25175,Prats i Sansor,817.0,596.0,1406.0,810.0,11,1,2024
07,"Balears, Illes",07010,Bunyola,816.1111111111111,626.8888888888889,1191.7283950617284,564.8395061728395,324,2,2024
08,Barcelona,08300,Viladecavalls,815.463687150838,622.5810055865921,984.5810055865921,362.0,179,2,2024
07,"Balears, Illes",07011,Calvià,813.7408672798949,617.9448094612352,1119.6320630749015,501.68725361366626,3805,2,2024
28,Madrid,28072,Hoyo de Manzanares,809.9082426127527,635.1228615863141,1016.4945567651633,381.3716951788492,643,2,2024
08,Barcelona,08108,Lliçà de Vall,808.8227848101266,596.7721518987341,1015.6075949367089,418.83544303797476,158,2,2024
08,Barcelona,08209,Sant Fost de Campsentelles,807.0978723404255,602.0936170212766,1101.8085106382978,499.7148936170212,235,2,2024
28,Madrid,28129,San Agustín del Guadalix,803.521875,682.8125,974.21875,291.40625,960,2,2024
08,Barcelona,08068,Cervelló,802.7259615384615,622.4278846153846,1012.0961538461538,389.66826923076917,416,2,2024
07,"Balears, Illes",07040,Palma,800.0,638.1088116505999,1006.4942366085905,368.3854249579906,33921,2,2024
17,Girona,17075,Garrigàs,800.0,510.0,890.0,380.0,16,1,2024
48,Bizkaia,48020,Bilbao,799.5028625262701,699.4977896949055,950.0355098195521,250.53772012464663,13799,2,2024
07,"Balears, Illes",07045,Puigpunyent,799.0825688073395,650.0,1099.1834862385322,449.18348623853217,109,2,2024
08,Barcelona,08042,Cànoves i Samalús,799.0,600.0,1094.0,494.0,99,1,2024
20,Gipuzkoa,20036,Hondarribia,798.2091974752029,686.2795311091073,946.6907123534716,260.41118124436423,1109,2,2024
08,Barcelona,08107,Lliçà d'Amunt,796.918918918919,600.1756756756756,989.1621621621622,388.98648648648657,370,2,2024
08,Barcelona,08234,Sant Pere de Vilamajor,796.8057142857143,593.9657142857143,983.9085714285715,389.9428571428572,175,2,2024
48,Bizkaia,48029,Etxebarri,793.0,701.0,889.0,188.0,264,1,2024
07,"Balears, Illes",07025,Fornalutx,792.0,549.0,1100.0,551.0,27,1,2024
17,Girona,17215,Vilablareix,787.8640776699029,639.3106796116505,979.6699029126214,340.35922330097094,103,2,2024
28,Madrid,28172,Villalbilla,787.183486238532,634.4151376146789,976.394495412844,341.9793577981651,436,2,2024
08,Barcelona,08211,Sant Feliu de Llobregat,785.9631284916201,668.8603351955308,934.9664804469273,266.1061452513966,2685,2,2024
08,Barcelona,08032,Caldes d'Estrac,784.5714285714286,616.9970845481049,985.5772594752186,368.5801749271137,343,2,2024
08,Barcelona,08075,Dosrius,784.0424528301887,649.9292452830189,998.2452830188679,348.316037735849,212,2,2024
08,Barcelona,08261,Santa Susanna,783.9367816091954,586.7183908045977,918.4425287356322,331.72413793103453,174,2,2024
08,Barcelona,08295,Vallirana,781.9081163859112,611.1791730474732,930.4747320061256,319.29555895865235,653,2,2024
08,Barcelona,08123,Molins de Rei,781.3968792401628,643.9192672998643,929.5033921302578,285.58412483039353,1474,2,2024
08,Barcelona,08081,Fogars de Montclús,781.0,550.0,928.0,378.0,22,1,2024
41,Sevilla,41040,Espartinas,779.356783919598,608.4924623115578,935.1708542713568,326.678391959799,398,2,2024
07,"Balears, Illes",07056,Santa María del Camí,779.3244444444445,606.4577777777778,1026.7466666666667,420.2888888888889,450,2,2024
48,Bizkaia,48077,Plentzia,777.6949152542373,599.542372881356,904.8983050847457,305.3559322033898,118,2,2024
08,Barcelona,08156,Palau-solità i Plegamans,777.5664335664336,632.083916083916,912.6153846153846,280.5314685314686,715,2,2024
28,Madrid,28009,Algete,776.7790697674419,618.9093023255814,951.9325581395349,333.0232558139535,860,2,2024
08,Barcelona,08204,Sant Climent de Llobregat,776.5,619.5,982.7272727272727,363.22727272727275,176,2,2024
46,Valencia/Valéncia,46070,Bétera,775.016081871345,526.3866959064327,1103.0855263157894,576.6988304093567,1368,2,2024
07,"Balears, Illes",07047,Sencelles,775.0,550.0,1215.0,665.0,170,1,2024
08,Barcelona,08266,Cerdanyola del Vallès,773.7558500140964,650.0,905.4355793628418,255.43557936284185,3547,2,2024
46,Valencia/Valéncia,46135,Godella,772.5410334346504,546.5288753799392,1015.6231003039513,469.0942249240121,658,2,2024
08,Barcelona,08169,"Prat de Llobregat, El",771.2819247378162,638.3158544108575,879.0049352251697,240.6890808143122,3242,2,2024
07,"Balears, Illes",07005,Andratx,771.1382113821138,600.0,1026.8292682926829,426.82926829268285,984,2,2024
20,Gipuzkoa,20902,Lasarte-Oria,770.6614906832298,702.3933747412008,867.7587991718426,165.36542443064184,966,2,2024
08,Barcelona,08172,Premià de Mar,770.3520761245675,629.4403114186852,914.0596885813148,284.6193771626297,2312,2,2024
08,Barcelona,08153,Òrrius,769.0178571428571,530.5178571428571,939.3392857142857,408.82142857142856,56,2,2024
28,Madrid,28050,Cubas de la Sagra,768.3826086956522,639.704347826087,983.591304347826,343.8869565217391,115,2,2024
48,Bizkaia,48069,Mungia,768.11175616836,668.200290275762,881.5936139332366,213.39332365747464,689,2,2024
08,Barcelona,08009,Argentona,767.2236842105264,623.7368421052631,945.7982456140351,322.06140350877195,684,2,2024
28,Madrid,28026,Brunete,767.1283547257876,610.6394399066511,913.7234539089849,303.0840140023338,857,2,2024
17,Girona,17012,Avinyonet de Puigventós,765.0,538.0,895.0,357.0,38,1,2024
17,Girona,17038,Campllong,762.0,527.0,931.0,404.0,12,1,2024
17,Girona,17004,Albons,761.6315789473684,558.7368421052631,935.1578947368421,376.42105263157896,38,2,2024
08,Barcelona,08208,Sant Esteve Sesrovires,761.4397590361446,616.644578313253,921.5963855421687,304.95180722891575,332,2,2024
08,Barcelona,08231,Sant Pere de Ribes,761.3294117647059,622.0044117647059,913.8823529411765,291.8779411764706,2040,2,2024
48,Bizkaia,48043,Gorliz,759.3492822966507,649.4306220095693,869.5693779904307,220.13875598086133,209,2,2024
28,Madrid,28010,Alpedrete,758.3819241982508,608.2740524781341,875.6151603498542,267.34110787172017,1029,2,2024
31,Navarra,31131,Iza/Itza,758.1842105263158,570.2894736842105,839.078947368421,268.7894736842105,38,2,2024
08,Barcelona,08039,Campins,758.0,537.0,1041.0,504.0,37,1,2024
08,Barcelona,08301,Viladecans,757.4205244415668,646.9362253156361,906.6804791194561,259.74425380382,3089,2,2024
08,Barcelona,08291,Vacarisses,755.9803921568628,541.3725490196078,930.5882352941177,389.21568627450984,204,2,2024
08,Barcelona,08235,Sant Pol de Mar,755.1566484517305,595.3369763205828,960.1183970856102,364.7814207650274,549,2,2024
07,"Balears, Illes",07053,Santa Eugènia,754.8828828828829,551.5045045045046,1060.7207207207207,509.21621621621614,111,2,2024
08,Barcelona,08289,Torrelles de Llobregat,754.1393188854489,624.6594427244582,949.7925696594427,325.1331269349845,323,2,2024
17,Girona,17082,Guils de Cerdanya,754.0,572.0,1203.0,631.0,38,1,2024
08,Barcelona,08248,Santa Eulàlia de Ronçana,753.7761732851985,587.0902527075813,957.2563176895306,370.1660649819494,277,2,2024
20,Gipuzkoa,20081,Zumaia,752.0,652.0,852.0,200.0,494,1,2024
20,Gipuzkoa,20061,Orio,752.0,637.0,852.0,215.0,371,1,2024
28,Madrid,28090,Moralzarzal,750.4936170212766,564.7063829787234,975.7248226950354,411.01843971631206,705,2,2024
17,Girona,17040,Canet d'Adri,750.0,545.0,984.0,439.0,37,1,2024
22,Huesca,22163,Nueno,750.0,525.0,1165.0,640.0,13,1,2024
17,Girona,17142,Quart,749.8181818181819,558.4090909090909,944.0227272727273,385.6136363636364,132,2,2024
08,Barcelona,08054,Castellbisbal,744.8665594855305,612.7090032154341,903.2154340836013,290.5064308681672,622,2,2024
20,Gipuzkoa,20064,Pasaia,744.0,659.0,802.0,143.0,1127,1,2024
28,Madrid,28053,Daganzo de Arriba,743.21875,629.8333333333334,865.8333333333334,236.0,384,2,2024
08,Barcelona,08239,Sant Quirze Safaja,742.0,520.0,981.0,461.0,22,1,2024
28,Madrid,28007,Alcorcón,741.8551650692226,625.178381256656,854.2811501597444,229.1027689030883,9390,2,2024
07,"Balears, Illes",07031,Llucmajor,740.7743080198723,568.6501064584812,961.6465578424414,392.9964513839602,2818,2,2024
48,Bizkaia,48081,Lezama,740.5714285714286,636.1428571428571,862.7142857142857,226.57142857142856,56,2,2024
28,Madrid,28057,Fresno de Torote,739.5373134328358,592.8805970149253,856.776119402985,263.8955223880597,67,2,2024
08,Barcelona,08023,Bigues i Riells,739.5081967213115,577.0131147540984,908.727868852459,331.7147540983606,305,2,2024
46,Valencia/Valéncia,46116,"Eliana, l'",738.9057750759879,577.1854103343466,1019.775075987842,442.58966565349544,987,2,2024
28,Madrid,28144,Soto del Real,738.4547368421053,571.9157894736842,914.7642105263158,342.8484210526316,475,2,2024
08,Barcelona,08207,Sant Esteve de Palautordera,738.0434782608696,567.8260869565217,987.0,419.17391304347825,253,2,2024
08,Barcelona,08194,Sant Adrià de Besòs,735.2186358099879,595.7247259439707,873.2978075517661,277.5730816077954,1642,2,2024
20,Gipuzkoa,20039,Getaria,734.0,614.0,802.0,188.0,180,1,2024
08,Barcelona,08074,Cubelles,733.6043689320388,608.9563106796116,870.7354368932039,261.77912621359224,1236,2,2024
08,Barcelona,08088,"Garriga, La",733.1219168428471,608.4524312896406,874.7406624383368,266.28823114869624,1419,2,2024
17,Girona,17232,Vilopriu,733.0,558.0,1060.0,502.0,13,1,2024
17,Girona,17153,Rupià,733.0,615.0,1093.0,478.0,17,1,2024
19,Guadalajara,19230,Quer,733.0,601.0,905.0,304.0,20,1,2024
08,Barcelona,08015,Badalona,731.9125345472281,596.8327101284344,886.5005690131686,289.6678588847342,12302,2,2024
28,Madrid,28023,"Boalo, El",731.25,555.8181818181819,922.2272727272727,366.4090909090909,484,2,2024
08,Barcelona,08072,Corbera de Llobregat,730.6618705035971,585.9280575539568,894.9928057553957,309.0647482014389,834,2,2024
28,Madrid,28149,Torrejón de la Calzada,729.6363636363636,608.7272727272727,873.3787878787879,264.6515151515151,330,2,2024
20,Gipuzkoa,20073,Usurbil,729.4659863945578,630.2312925170068,859.1734693877551,228.9421768707483,294,2,2024
28,Madrid,28049,Coslada,729.1849751948972,620.7075360264588,849.4271202456887,228.7195842192299,4233,2,2024
08,Barcelona,08157,Pallejà,729.032590051458,614.6260720411664,885.8816466552315,271.25557461406515,583,2,2024
45,Toledo,45083,Layos,729.0,529.0,852.0,323.0,23,1,2024
07,"Balears, Illes",07034,Mancor de la Vall,729.0,530.0,1033.0,503.0,66,1,2024
07,"Balears, Illes",07008,Binissalem,728.305785123967,575.6570247933885,972.2644628099174,396.60743801652893,484,2,2024
08,Barcelona,08051,Castellar del Vallès,727.6898678414096,579.3162995594714,856.7471365638767,277.43083700440525,1135,2,2024
29,Málaga,29007,Alhaurín de la Torre,727.3574660633484,559.3049773755656,949.1402714932127,389.8352941176471,1105,2,2024
48,Bizkaia,48904,Sondika,726.841726618705,610.5611510791367,878.31654676259,267.75539568345323,139,2,2024
08,Barcelona,08101,"Hospitalet de Llobregat, L'",726.3187281520854,612.3625436958291,843.7291098022315,231.3665661064024,20883,2,2024
22,Huesca,22228,Tierz,725.0,525.0,815.0,290.0,10,1,2024
08,Barcelona,08304,Vilobí del Penedès,725.0,565.0,1062.0,497.0,28,1,2024
48,Bizkaia,48040,Gatika,724.6969696969697,624.3636363636364,828.8484848484849,204.4848484848485,33,2,2024
17,Girona,17163,Sant Gregori,724.2197802197802,541.5714285714286,953.8241758241758,412.2527472527472,182,2,2024
01,Araba/Álava,01059,Vitoria-Gasteiz,723.7301587301587,625.4060317460318,819.6342857142857,194.22825396825397,9450,2,2024
08,Barcelona,08252,Barberà del Vallès,723.7068493150684,624.1958904109589,841.5198630136987,217.3239726027398,1460,2,2024
07,"Balears, Illes",07007,Banyalbufar,723.6111111111111,564.5833333333334,902.5277777777778,337.94444444444446,36,2,2024
48,Bizkaia,48902,Erandio,722.0,637.8,802.0,164.20000000000005,645,2,2024
28,Madrid,28100,Nuevo Baztán,721.0,572.0,994.0,422.0,138,1,2024
20,Gipuzkoa,20045,Irun,720.7773056735816,648.8122969257686,807.6620844788803,158.8497875531117,4001,2,2024
17,Girona,17205,Ullastret,720.0,593.0,981.0,388.0,12,1,2024
28,Madrid,28045,Colmenar Viejo,719.5684593400883,586.8472330475448,898.1667965705378,311.319563522993,3849,2,2024
11,Cádiz,11027,"Puerto de Santa María, El",719.1942829457364,522.5532945736434,969.4055232558139,446.85222868217056,4128,2,2024
41,Sevilla,41093,Tomares,719.0,588.1694915254237,869.6101694915254,281.4406779661017,1062,2,2024
46,Valencia/Valéncia,46013,Alboraya,718.7121629058888,557.1106219042377,934.5465052283985,377.4358833241607,1817,2,2024
08,Barcelona,08263,Sant Vicenç dels Horts,718.4123711340206,585.8865979381443,848.4536082474227,262.56701030927843,1164,2,2024
08,Barcelona,08046,Cardedeu,718.1099290780141,589.6170212765958,870.968085106383,281.3510638297872,1410,2,2024
29,Málaga,29082,Rincón de la Victoria,717.2683423913044,585.0006793478261,888.8926630434783,303.89198369565213,2944,2,2024
07,"Balears, Illes",07063,Valldemossa,717.0529100529101,577.7777777777778,923.2804232804233,345.50264550264546,189,2,2024
48,Bizkaia,48014,Barrika,716.4230769230769,610.0769230769231,907.1153846153846,297.03846153846155,52,2,2024
48,Bizkaia,48901,Derio,716.0,635.0,801.0,166.0,166,1,2024
08,Barcelona,08905,"Palma de Cervelló, La",715.6220472440945,599.3503937007874,833.8582677165355,234.50787401574803,254,2,2024
28,Madrid,28044,Colmenarejo,715.5337423312883,588.0981595092024,852.5092024539878,264.4110429447853,652,2,2024
29,Málaga,29025,Benalmádena,715.4670355002305,558.1599815583218,906.4462886122637,348.286307053942,4338,2,2024
08,Barcelona,08200,Sant Boi de Llobregat,715.1201445347787,611.5745257452575,827.6650858175249,216.0905600722674,4428,2,2024
28,Madrid,28046,Collado Mediano,715.0503597122303,505.9424460431655,886.4460431654676,380.5035971223021,417,2,2024
28,Madrid,28093,Navacerrada,714.5454545454545,595.4545454545455,836.3636363636364,240.90909090909088,231,2,2024
08,Barcelona,08158,"Papiol, El",714.1730769230769,597.1653846153846,858.2384615384616,261.073076923077,260,2,2024
29,Málaga,29067,Málaga,713.4038558377096,553.809258326739,934.5613984605424,380.7521401338033,27802,2,2024
08,Barcelona,08073,Cornellà de Llobregat,712.7437937619351,601.962603437301,829.8542329726289,227.89162953532787,6284,2,2024
28,Madrid,28148,Torrejón de Ardoz,712.6687647521636,600.521243115657,829.6742722265932,229.15302911093625,7626,2,2024
29,Málaga,29086,Sayalonga,712.0,394.0,1108.0,714.0,14,1,2024
17,Girona,17168,Sant Joan de Mollet,712.0,462.0,972.0,510.0,16,1,2024
07,"Balears, Illes",07058,Selva,711.7234042553191,500.5531914893617,1068.1489361702127,567.5957446808509,188,2,2024
28,Madrid,28065,Getafe,711.3046041102438,605.5658754181934,865.7642185757527,260.1983431575593,12554,2,2024
20,Gipuzkoa,20072,Urnieta,710.6118421052631,645.046052631579,833.3618421052631,188.31578947368416,304,2,2024
28,Madrid,28005,Alcalá de Henares,710.4135900339751,606.1141562853907,817.5395998489996,211.42544356360895,13245,2,2024
08,Barcelona,08198,Sant Antoni de Vilamajor,710.4060913705583,578.6116751269036,858.9137055837564,280.3020304568528,394,2,2024
08,Barcelona,08033,Caldes de Montbui,709.931899641577,556.5412186379929,851.5913978494624,295.0501792114695,1116,2,2024
28,Madrid,28160,Valdemorillo,709.8795944233207,549.191381495564,905.6261089987325,356.4347275031686,789,2,2024
25,Lleida,25025,Naut Aran,709.5211267605633,543.3239436619718,891.5915492957746,348.26760563380276,71,2,2024
08,Barcelona,08184,Rubí,709.36621241618,592.6556348691325,825.2253947653039,232.56975989617138,4623,2,2024
46,Valencia/Valéncia,46025,Alfara del Patriarca,709.3054830287206,526.892950391645,872.4699738903395,345.57702349869453,383,2,2024
28,Madrid,28092,Móstoles,708.2905724922024,604.1452862461013,819.3580843143174,215.2127980682161,9939,2,2024
20,Gipuzkoa,20002,Aduna,708.0,668.0,756.0,88.0,14,1,2024
01,Araba/Álava,01063,Zuia,707.9615384615385,608.8076923076923,875.3461538461538,266.53846153846155,52,2,2024
28,Madrid,28066,Griñón,707.8846153846154,588.9230769230769,847.4615384615385,258.53846153846155,364,2,2024
08,Barcelona,08167,Polinyà,706.0526315789474,590.0736842105263,805.5447368421053,215.47105263157903,380,2,2024
48,Bizkaia,48013,Barakaldo,705.5189370800244,649.3127672571777,788.2657299938912,138.95296273671352,3274,2,2024
08,Barcelona,08307,Vilanova i la Geltrú,704.649896049896,577.7002079002079,854.860291060291,277.1600831600831,4810,2,2024
17,Girona,17120,Palau-saverdera,704.375,503.525,925.75,422.225,40,2,2024
48,Bizkaia,48036,Galdakao,704.3142509135201,620.3349573690621,779.7295980511572,159.3946406820951,821,2,2024
20,Gipuzkoa,20067,Errenteria,704.2109058134295,639.0347003154574,800.1338440739072,161.09914375844983,2219,2,2024
07,"Balears, Illes",07061,Sóller,703.935586061246,579.3558606124604,913.9968321013728,334.6409714889123,947,2,2024
08,Barcelona,08187,Sabadell,703.3280507131537,587.0895404120444,842.7345483359746,255.64500792393028,12620,2,2024
08,Barcelona,08294,Vallgorguina,702.6310160427807,546.5668449197861,869.2192513368984,322.6524064171123,187,2,2024
20,Gipuzkoa,20053,Lezo,702.0,607.0,783.0,176.0,295,1,2024
28,Madrid,28003,Alameda del Valle,702.0,414.0,922.0,508.0,12,1,2024
28,Madrid,28113,Pinto,701.5110329389191,597.9852894147746,808.0588423409018,210.07355292612726,3127,2,2024
08,Barcelona,08159,Parets del Vallès,701.4943705220062,571.3428863868986,815.3019447287616,243.95905834186294,977,2,2024
28,Madrid,28130,San Fernando de Henares,701.3097072419106,599.4761171032358,792.9137134052388,193.43759630200304,1947,2,2024
08,Barcelona,08260,Santa Perpètua de Mogoda,700.4672489082969,569.8244541484717,840.6183406113537,270.793886462882,1145,2,2024
28,Madrid,28054,"Escorial, El",700.2755013077593,553.8186573670445,849.2972972972973,295.4786399302528,1147,2,2024
17,Girona,17176,Sant Mori,700.0,600.0,800.0,200.0,11,1,2024
08,Barcelona,08082,Fogars de la Selva,700.0,526.0,862.0,336.0,33,1,2024
17,Girona,17097,Madremanya,700.0,333.0,1371.0,1038.0,19,1,2024
20,Gipuzkoa,20040,Hernani,699.2754793138245,619.3844601412715,793.3208879919273,173.93642785065583,991,2,2024
08,Barcelona,08001,Abrera,699.1178707224335,581.1787072243346,820.4372623574144,239.25855513307977,526,2,2024
17,Girona,17210,Ventalló,699.0,600.0,871.0,271.0,36,1,2024
07,"Balears, Illes",07009,Búger,699.0,450.0,1000.0,550.0,68,1,2024
28,Madrid,28061,Galapagar,697.4548545523234,541.2062712504722,852.1541367585946,310.9478655081224,2647,2,2024
28,Madrid,28161,Valdemoro,697.4170616113744,592.7725118483412,804.3838862559242,211.61137440758296,4220,2,2024
07,"Balears, Illes",07004,Algaida,697.3552631578947,540.9473684210526,932.75,391.8026315789474,304,2,2024
07,"Balears, Illes",07016,Consell,697.0754716981132,501.6981132075472,885.7547169811321,384.0566037735849,265,2,2024
17,Girona,17128,Pau,697.0,445.0,874.0,429.0,13,1,2024
07,"Balears, Illes",07060,Sineu,696.1224489795918,535.374149659864,888.7755102040817,353.4013605442177,294,2,2024
48,Bizkaia,48905,Zamudio,696.0597014925373,610.4179104477612,781.4626865671642,171.04477611940297,134,2,2024
48,Bizkaia,48078,Portugalete,696.0,618.0,764.0,146.0,1148,1,2024
48,Bizkaia,48038,Gamiz-Fika,696.0,638.0,1051.0,413.0,18,1,2024
08,Barcelona,08096,Granollers,695.3085762928282,570.3713556075761,815.1945094701,244.8231538625239,4699,2,2024
28,Madrid,28074,Leganés,695.0101160092808,581.7795823665894,806.6108584686775,224.83127610208817,10775,2,2024
48,Bizkaia,48082,Santurtzi,694.8412698412699,615.3280423280423,762.021164021164,146.69312169312173,1323,2,2024
17,Girona,17111,Navata,694.8,550.0,879.2,329.20000000000005,75,2,2024
17,Girona,17132,Peralada,694.7234042553191,481.6170212765957,931.8297872340426,450.21276595744683,94,2,2024
20,Gipuzkoa,20003,Aizarnazabal,694.7142857142857,597.0,780.8571428571429,183.8571428571429,42,2,2024
03,Alicante,03082,Jávea/Xàbia,694.6610169491526,510.73446327683615,987.9774011299435,477.2429378531073,1770,2,2024
08,Barcelona,08196,Sant Andreu de la Barca,694.6266573621773,562.2889043963712,812.8381018841591,250.54919748778786,1433,2,2024
03,Alicante,03085,Llíber,693.0,500.0,1120.0,620.0,22,1,2024
29,Málaga,29051,Estepona,692.8313078703703,552.9956597222222,924.4968171296297,371.5011574074075,3456,2,2024
28,Madrid,28141,Sevilla la Nueva,692.6156202143951,581.5773353751914,807.9663093415007,226.38897396630932,653,2,2024
48,Bizkaia,48913,Zierbena,692.0,651.0,809.0,158.0,10,1,2024
28,Madrid,28131,San Lorenzo de El Escorial,691.7711503347535,563.6944613511869,860.4747413268411,296.78027997565425,1643,2,2024
45,Toledo,45176,Ugena,691.2658227848101,523.4050632911392,853.7974683544304,330.3924050632912,158,2,2024
28,Madrid,28047,Collado Villalba,691.2010398613518,576.7523589447333,818.2385904101675,241.48623146543423,5193,2,2024
08,Barcelona,08181,"Roca del Vallès, La",690.8668831168832,553.8262987012987,868.5081168831168,314.68181818181813,616,2,2024
08,Barcelona,08145,Olèrdola,690.457627118644,480.52542372881356,922.9322033898305,442.40677966101697,118,2,2024
17,Girona,17901,"Cruïlles, Monells i Sant Sadurní de l'Heura",690.0,500.0,919.0,419.0,53,1,2024
41,Sevilla,41059,Mairena del Aljarafe,689.7234042553191,562.4914893617022,818.8548936170213,256.3634042553191,2350,2,2024
29,Málaga,29058,Guaro,688.625,442.51785714285717,927.3214285714286,484.8035714285714,56,2,2024
08,Barcelona,08203,Sant Cebrià de Vallalta,688.5745856353591,518.2817679558011,827.707182320442,309.4254143646409,181,2,2024
29,Málaga,29008,Alhaurín el Grande,688.3191489361702,470.8936170212766,927.6747720364741,456.7811550151975,658,2,2024
17,Girona,17079,Girona,687.9004508234428,567.9553776796394,821.9850952249517,254.02971754531234,10869,2,2024
08,Barcelona,08006,Arenys de Mar,687.8947368421053,546.6842105263158,825.6736842105263,278.98947368421045,1425,2,2024
08,Barcelona,08066,Castellví de Rosanes,687.6181818181818,492.6181818181818,870.1454545454545,377.5272727272727,55,2,2024
07,"Balears, Illes",07042,Pollença,687.528365791702,548.770533446232,911.4733276883996,362.70279424216767,1181,2,2024
20,Gipuzkoa,20063,Oiartzun,687.2151898734177,586.5645569620253,802.9417721518987,216.37721518987337,395,2,2024
41,Sevilla,41017,Bormujos,687.203947368421,560.1381578947369,833.5263157894736,273.38815789473676,760,2,2024
28,Madrid,28058,Fuenlabrada,685.9890510948906,600.2001596715329,786.3383895985402,186.13822992700727,8768,2,2024
28,Madrid,28162,Valdeolmos-Alalpardo,685.6706586826348,584.5149700598803,820.934131736527,236.4191616766467,334,2,2024
19,Guadalajara,19126,Galápagos,684.0,550.0,850.0,300.0,67,1,2024
17,Girona,17146,Riells i Viabrea,683.7320574162679,541.866028708134,810.866028708134,269.0,209,2,2024
48,Bizkaia,48011,Arrigorriaga,683.0,603.0,750.0,147.0,266,1,2024
28,Madrid,28029,Cabanillas de la Sierra,683.0,541.0,845.0,304.0,45,1,2024
29,Málaga,29054,Fuengirola,682.2197625276716,549.537935198229,836.7963372912054,287.25840209297644,4969,2,2024
08,Barcelona,08290,Ullastrell,682.0540540540541,520.4864864864865,929.2432432432432,408.7567567567568,74,2,2024
43,Tarragona,43100,"Pallaresos, Els",682.0281690140845,558.0704225352113,807.887323943662,249.8169014084507,71,2,2024
48,Bizkaia,48012,Bakio,681.0,574.0,752.0,178.0,95,1,2024
28,Madrid,28068,Guadarrama,680.8699719363891,557.7174929840972,848.7923292797007,291.0748362956034,1069,2,2024
46,Valencia/Valéncia,46250,Valencia,680.564668769716,514.191527715187,899.5348355114917,385.34330779630466,66570,2,2024
08,Barcelona,08267,Sentmenat,680.3193277310925,563.09243697479,814.3193277310925,251.2268907563025,476,2,2024
48,Bizkaia,48027,Durango,680.0,602.0,752.0,150.0,1081,1,2024
08,Barcelona,08124,Mollet del Vallès,679.8765970707385,573.153942038018,786.747273293861,213.59333125584294,3209,2,2024
31,Navarra,31076,Cizur,679.6818181818181,527.9545454545455,963.6818181818181,435.72727272727263,44,2,2024
08,Barcelona,08086,"Franqueses del Vallès, Les",679.3007047768207,577.0947533281128,786.5340642129992,209.43931088488637,1277,2,2024
17,Girona,17032,Cadaqués,679.0983606557377,510.9795081967213,900.6803278688525,389.70081967213116,244,2,2024
07,"Balears, Illes",07013,Campos,679.0041928721174,522.8595387840671,902.7253668763103,379.8658280922432,954,2,2024
17,Girona,17130,"Pera, La",679.0,376.0,905.0,529.0,18,1,2024
17,Girona,17195,"Tallada d'Empordà, La",679.0,490.0,1441.0,951.0,12,1,2024
28,Madrid,28119,Quijorna,678.5474137931035,537.5775862068965,835.5431034482758,297.9655172413793,232,2,2024
28,Madrid,28140,Serranillos del Valle,678.0373831775701,578.0373831775701,894.6355140186915,316.5981308411215,107,2,2024
08,Barcelona,08084,Fonollosa,678.0,474.0,953.0,479.0,25,1,2024
07,"Balears, Illes",07059,"Salines, Ses",677.396484375,504.068359375,922.80078125,418.732421875,512,2,2024
19,Guadalajara,19071,"Casar, El",677.3831775700935,505.7383177570093,834.4766355140187,328.7383177570093,535,2,2024
08,Barcelona,08025,"Bruc, El",677.1904761904761,561.2857142857143,789.2380952380952,227.95238095238085,126,2,2024
20,Gipuzkoa,20046,Irura,677.0,602.0,758.0,156.0,117,1,2024
28,Madrid,28087,"Molinos, Los",676.9811320754717,557.1622641509434,911.2943396226415,354.13207547169804,265,2,2024
08,Barcelona,08276,Tagamanent,676.0,368.0,900.0,532.0,11,1,2024
07,"Balears, Illes",07057,Santanyí,675.8876629889669,473.01905717151453,994.5757271815446,521.5566700100301,997,2,2024
28,Madrid,28167,Velilla de San Antonio,675.582191780822,568.554794520548,794.8972602739726,226.34246575342468,584,2,2024
48,Bizkaia,48003,Amorebieta-Etxano,675.4346153846154,602.4153846153846,762.3230769230769,159.9076923076923,520,2,2024
07,"Balears, Illes",07029,Lloseta,675.1538461538462,487.5944055944056,872.3776223776224,384.7832167832168,286,2,2024
17,Girona,17050,Cervià de Ter,675.0,500.0,824.0,324.0,33,1,2024
08,Barcelona,08256,Santa Maria de Martorelles,675.0,490.0,818.0,328.0,26,1,2024
20,Gipuzkoa,20009,Andoain,674.6573816155989,613.6740947075209,739.6629526462395,125.98885793871864,718,2,2024
31,Navarra,31023,Aranguren,674.4222873900293,551.6129032258065,807.2258064516129,255.61290322580646,341,2,2024
08,Barcelona,08125,Montcada i Reixac,673.9829950630829,554.2759188151399,794.7449259462425,240.46900713110256,1823,2,2024
08,Barcelona,08121,Mataró,673.7767012167643,549.3337088778729,811.0517124831005,261.7180036052275,8876,2,2024
31,Navarra,31907,Zizur Mayor/Zizur Nagusia,673.5974499089253,552.280510018215,782.1584699453551,229.87795992714018,549,2,2024
28,Madrid,28075,Loeches,672.7272727272727,513.7272727272727,809.0909090909091,295.3636363636364,308,2,2024
31,Navarra,31902,Berrioplano/Berriobeiti,672.1362229102167,588.5232198142415,785.6873065015479,197.1640866873064,323,2,2024
08,Barcelona,08129,Muntanyola,672.0,500.0,729.0,229.0,15,1,2024
35,"Palmas, Las",35019,San Bartolomé de Tirajana,671.0023866348449,523.126491646778,870.5011933174225,347.3747016706444,3352,2,2024
17,Girona,17182,Santa Llogaia d'Àlguema,671.0,486.0,839.0,353.0,10,1,2024
48,Bizkaia,48015,Basauri,670.0,610.0,734.0,124.0,1223,1,2024
08,Barcelona,08027,"Cabanyes, Les",670.0,583.0,849.0,266.0,22,1,2024
08,Barcelona,08028,Cabrera d'Anoia,670.0,550.0,819.0,269.0,33,1,2024
28,Madrid,28084,Mejorada del Campo,669.903448275862,564.5339901477832,774.7694581280788,210.23546798029554,1015,2,2024
08,Barcelona,08180,Ripollet,669.6513374002816,557.0835288596903,788.6733927733459,231.58986391365556,2131,2,2024
38,Santa Cruz de Tenerife,38032,"Rosario, El",669.2821782178218,510.4022277227723,886.0272277227723,375.625,808,2,2024
17,Girona,17198,Torroella de Fluvià,668.0,508.0,826.0,318.0,42,1,2024
28,Madrid,28089,Moraleja de Enmedio,667.7707006369427,519.9363057324841,822.5923566878981,302.656050955414,157,2,2024
08,Barcelona,08040,Canet de Mar,667.4525,557.0166666666667,802.2083333333334,245.19166666666672,1200,2,2024
41,Sevilla,41091,Sevilla,667.4099266244455,546.7218145802527,829.097731774684,282.3759171944313,35843,2,2024
29,Málaga,29901,Torremolinos,667.3209169054442,514.804441260745,868.3022922636103,353.49785100286533,4188,2,2024
28,Madrid,28082,Manzanares el Real,667.1119592875318,534.8982188295165,823.7544529262086,288.8562340966921,786,2,2024
43,Tarragona,43012,Altafulla,666.7889182058047,526.0949868073878,825.7255936675461,299.6306068601583,379,2,2024
17,Girona,17028,Brunyola,666.0,430.0,806.0,376.0,20,1,2024
28,Madrid,28179,Villar del Olmo,666.0,487.0,904.0,417.0,54,1,2024
31,Navarra,31201,Pamplona/Iruña,665.55594495256,548.094367039918,799.2103598598171,251.11599281989913,11699,2,2024
28,Madrid,28096,Navalcarnero,664.5725190839695,550.0,795.9236641221374,245.92366412213744,1572,2,2024
45,Toledo,45161,Seseña,663.4199057714959,561.6866902237927,742.0441696113074,180.3574793875148,1698,2,2024
08,Barcelona,08193,Sant Iscle de Vallalta,663.1621621621622,462.4189189189189,900.4324324324324,438.0135135135135,74,2,2024
08,Barcelona,08115,Martorelles,662.6507352941177,537.3492647058823,796.8419117647059,259.49264705882354,272,2,2024
07,"Balears, Illes",07003,Alcúdia,662.3888182973317,550.0,840.1397712833545,290.13977128335455,1574,2,2024
03,Alicante,03050,"Campello, el",662.3088541666667,539.7244791666667,856.7057291666666,316.98124999999993,1920,2,2024
17,Girona,17035,Camós,662.0,463.0,762.0,299.0,14,1,2024
48,Bizkaia,48052,Larrabetzu,661.3013698630137,585.082191780822,786.6027397260274,201.5205479452054,73,2,2024
31,Navarra,31906,Orkoien,660.4226804123712,544.2474226804123,738.6701030927835,194.42268041237116,97,2,2024
17,Girona,17026,Borrassà,660.0,525.0,825.0,300.0,29,1,2024
17,Girona,17902,Forallac,659.1506849315068,484.6575342465753,836.8630136986301,352.20547945205476,73,2,2024
20,Gipuzkoa,20071,Tolosa,658.8941176470588,590.563025210084,747.8789915966387,157.3159663865547,1190,2,2024
17,Girona,17203,Ultramort,658.0,588.0,948.0,360.0,10,1,2024
28,Madrid,28106,Parla,657.3707104881586,551.2284517480264,767.1983244723699,215.96987272434353,6207,2,2024
08,Barcelona,08146,Olesa de Bonesvalls,656.3492063492064,526.1904761904761,913.6825396825396,387.4920634920635,63,2,2024
45,Toledo,45081,Illescas,655.6482045039562,544.9360925136945,774.8630553864881,229.92696287279364,1643,2,2024
38,Santa Cruz de Tenerife,38001,Adeje,654.5427074939565,503.3142626913779,864.2598710717164,360.94560838033846,2482,2,2024
28,Madrid,28059,Fuente el Saz de Jarama,654.19921875,522.330078125,808.3984375,286.068359375,512,2,2024
31,Navarra,31088,Noáin (Valle de Elorz)/Noain (Elortzibar),654.1025641025641,556.1730769230769,710.4807692307693,154.30769230769238,312,2,2024
28,Madrid,28083,Meco,654.0732113144759,551.0948419301164,808.044925124792,256.9500831946756,601,2,2024
08,Barcelona,08279,Terrassa,653.2360128617363,546.8274383708467,786.9288317256163,240.10139335476958,13995,2,2024
31,Navarra,31901,Barañáin/Barañain,653.0,558.0,748.0,190.0,1031,1,2024
17,Girona,17033,Caldes de Malavella,652.7173913043479,508.8369565217391,791.1739130434783,282.3369565217391,368,2,2024
08,Barcelona,08105,"Llagosta, La",652.326639892905,561.1432396251673,740.3895582329317,179.24631860776435,747,2,2024
08,Barcelona,08119,Masquefa,652.268085106383,540.531914893617,756.8085106382979,216.2765957446809,470,2,2024
31,Navarra,31086,Valle de Egüés/Eguesibar,652.1818181818181,554.8181818181819,729.7272727272727,174.90909090909088,550,2,2024
20,Gipuzkoa,20019,Beasain,652.0,586.0,749.0,163.0,757,1,2024
48,Bizkaia,48080,Valle de Trápaga-Trapagaran,652.0,600.0,725.0,125.0,224,1,2024
28,Madrid,28002,Ajalvir,651.9982206405693,545.0960854092526,750.085409252669,204.9893238434164,562,2,2024
08,Barcelona,08245,Santa Coloma de Gramenet,650.9525483304042,548.021630390699,758.9392997161011,210.91766932540213,7397,2,2024
17,Girona,17143,Rabós,650.0,450.0,733.0,283.0,11,1,2024
48,Bizkaia,48084,Sestao,650.0,600.0,702.0,102.0,874,1,2024
08,Barcelona,08272,Sora,650.0,292.0,829.0,537.0,21,1,2024
17,Girona,17087,Juià,650.0,450.0,740.0,290.0,15,1,2024
07,"Balears, Illes",07017,Costitx,650.0,450.0,912.0,462.0,86,1,2024
11,Cádiz,11012,Cádiz,649.7243073295343,525.8689329927295,800.9039103949696,275.0349774022401,5089,2,2024
17,Girona,17181,Santa Cristina d'Aro,649.4811715481171,479.60669456066944,882.9707112970711,403.3640167364017,239,2,2024
51,Ceuta,51001,Ceuta,649.406584992343,519.2879019908116,784.8928024502297,265.6049004594181,2612,2,2024
19,Guadalajara,19220,Pioz,649.0,503.0,747.0,244.0,244,1,2024
28,Madrid,28163,Valdepiélagos,648.0,587.0,900.0,313.0,18,1,2024
07,"Balears, Illes",07039,Muro,647.6432291666666,501.1640625,902.9947916666666,401.83072916666663,384,2,2024
45,Toledo,45038,Carranque,647.5,511.32716049382714,790.3703703703703,279.0432098765432,162,2,2024
29,Málaga,29053,Frigiliana,647.1232876712329,456.8493150684931,1020.6438356164383,563.7945205479452,146,2,2024
03,Alicante,03046,Busot,647.0,440.0,952.0,512.0,44,1,2024
17,Girona,17151,Riumors,647.0,368.0,806.0,438.0,12,1,2024
28,Madrid,28032,Camarma de Esteruelas,646.5065502183406,531.0043668122271,738.7510917030568,207.74672489082968,458,2,2024
08,Barcelona,08259,Santa Maria de Palautordera,646.4555052790347,508.5671191553545,813.0678733031674,304.5007541478129,663,2,2024
48,Bizkaia,48910,Iurreta,645.0,600.0,697.0,97.0,98,1,2024
20,Gipuzkoa,20016,Aia,644.8,563.6,768.0,204.39999999999998,70,2,2024
08,Barcelona,08135,Montmeló,644.7857142857143,533.5982142857143,755.2946428571429,221.69642857142856,448,2,2024
08,Barcelona,08114,Martorell,644.0025940337224,518.5343709468223,765.4085603112841,246.8741893644618,1542,2,2024
28,Madrid,28014,Arganda del Rey,643.3087597571553,532.0988725065048,766.7328707718993,234.63399826539455,3459,2,2024
08,Barcelona,08058,Castellet i la Gornal,643.0,420.0,812.0,392.0,75,1,2024
17,Girona,17077,Garriguella,643.0,447.0,822.0,375.0,53,1,2024
29,Málaga,29070,Mijas,642.6537050623624,508.53509415505016,835.5483003179262,327.01320616287603,4089,2,2024
35,"Palmas, Las",35012,Mogán,642.3568773234201,504.70631970260223,837.0052044609665,332.2988847583643,1345,2,2024
08,Barcelona,08104,"Llacuna, La",641.0,407.0,760.0,353.0,34,1,2024
17,Girona,17150,Riudellots de la Selva,640.8,505.0,736.8,231.79999999999995,145,2,2024
28,Madrid,28036,Casarrubuelos,640.2972972972973,549.2972972972973,737.2972972972973,188.0,148,2,2024
17,Girona,17048,Castell-Platja d'Aro,640.133779264214,517.1939799331103,812.3411371237459,295.14715719063554,897,2,2024
17,Girona,17186,Sarrià de Ter,639.6985294117648,503.0,778.8088235294117,275.8088235294117,272,2,2024
19,Guadalajara,19280,Torrejón del Rey,639.0374331550802,512.5668449197861,779.8342245989305,267.26737967914437,187,2,2024
19,Guadalajara,19319,Villanueva de la Torre,638.9014084507043,544.9718309859155,781.2957746478874,236.32394366197184,142,2,2024
31,Navarra,31122,Huarte/Uharte,638.2611464968153,541.5286624203821,728.3184713375796,186.78980891719743,314,2,2024
35,"Palmas, Las",35034,Yaiza,638.2424242424242,514.7030303030303,822.3757575757576,307.67272727272723,825,2,2024
17,Girona,17230,Vila-sacra,637.4642857142857,500.35714285714283,719.2142857142857,218.85714285714283,28,2,2024
08,Barcelona,08147,Olesa de Montserrat,637.4496833216045,522.8881069669247,743.859957776214,220.9718508092892,1421,2,2024
17,Girona,17020,Bescanó,637.0,520.7610619469026,739.0088495575221,218.24778761061953,226,2,2024
28,Madrid,28153,Torremocha de Jarama,637.0,525.0,834.0,309.0,26,1,2024
46,Valencia/Valéncia,46190,Paterna,636.79896373057,494.64145077720207,834.0725388601036,339.4310880829015,3860,2,2024
48,Bizkaia,48912,Alonsotegi,636.0,558.0,702.0,144.0,79,1,2024
20,Gipuzkoa,20029,Deba,635.7737226277372,552.0,701.9051094890511,149.90510948905114,274,2,2024
07,"Balears, Illes",07027,Inca,635.4245454545454,483.52181818181816,760.8409090909091,277.31909090909096,2200,2,2024
17,Girona,17013,Begur,634.8992805755396,498.705035971223,856.6906474820144,357.98561151079133,139,2,2024
29,Málaga,29041,Casares,633.4878048780488,483.5447154471545,842.6341463414634,359.0894308943089,246,2,2024
08,Barcelona,08106,Llinars del Vallès,633.2630922693266,500.0,813.1521197007481,313.15211970074813,802,2,2024
31,Navarra,31193,Cendea de Olza/Oltza Zendea,633.2432432432432,491.86486486486484,736.5405405405405,244.67567567567568,37,2,2024
20,Gipuzkoa,20010,Anoeta,633.0,574.0,683.0,109.0,86,1,2024
41,Sevilla,41070,Palomares del Río,632.8,533.8666666666667,775.0666666666667,241.20000000000005,135,2,2024
28,Madrid,28132,San Martín de la Vega,631.4457831325301,502.0120481927711,756.6024096385543,254.59036144578317,830,2,2024
08,Barcelona,08055,Castellcir,631.32,527.16,808.34,281.18000000000006,50,2,2024
07,"Balears, Illes",07021,Estellencs,631.0,490.0,790.0,300.0,21,1,2024
17,Girona,17171,Sant Llorenç de la Muga,631.0,398.0,896.0,498.0,16,1,2024
08,Barcelona,08076,Esparreguera,630.3073463268366,529.9587706146926,735.4197901049475,205.4610194902549,1334,2,2024
08,Barcelona,08202,Sant Celoni,630.118771331058,497.1959044368601,747.0614334470989,249.86552901023884,1465,2,2024
17,Girona,17071,Fontcoberta,630.0,564.0,777.0,213.0,22,1,2024
48,Bizkaia,48046,Gernika-Lumo,630.0,562.0,702.0,140.0,535,1,2024
29,Málaga,29068,Manilva,629.6531284302964,501.4753018660812,770.4698133918771,268.9945115257959,911,2,2024
43,Tarragona,43051,Cunit,629.5512195121951,528.170731707317,752.280487804878,224.109756097561,1230,2,2024
28,Madrid,28073,Humanes de Madrid,629.3626168224299,547.7588785046729,712.9028037383177,165.14392523364484,1070,2,2024
28,Madrid,28018,Becerril de la Sierra,629.3231441048035,483.146288209607,804.2882096069869,321.1419213973799,458,2,2024
07,"Balears, Illes",07012,Campanet,629.2950819672132,457.42622950819674,872.1475409836065,414.7213114754098,122,2,2024
31,Navarra,31016,Ansoáin/Antsoain,629.0,509.0,698.0,189.0,484,1,2024
07,"Balears, Illes",07055,Santa Margalida,628.8491978609626,498.3048128342246,801.5336898395722,303.22887700534756,935,2,2024
43,Tarragona,43043,"Catllar, El",628.741935483871,531.3870967741935,841.0645161290323,309.6774193548388,93,2,2024
03,Alicante,03018,Altea,628.6474820143885,499.5483042137718,830.4141829393628,330.865878725591,1946,2,2024
08,Barcelona,08007,Arenys de Munt,628.2245827010622,509.4081942336874,777.8194233687406,268.41122913505313,659,2,2024
11,Cádiz,11033,San Roque,628.0,452.67329192546583,1149.096894409938,696.4236024844721,805,2,2024
48,Bizkaia,48092,Bedia,628.0,550.0,766.0,216.0,16,1,2024
08,Barcelona,08210,Sant Feliu de Codines,627.3601462522852,489.1864716636197,750.5228519195613,261.33638025594155,547,2,2024
43,Tarragona,43037,Calafell,627.15,512.0,737.95,225.95000000000005,2740,2,2024
20,Gipuzkoa,20055,Arrasate / Mondragón,627.0,552.0,722.0,170.0,971,1,2024
11,Cádiz,11035,Tarifa,626.6384778012686,494.13953488372096,806.4735729386892,312.3340380549683,473,2,2024
17,Girona,17166,Sant Jordi Desvalls,626.4375,475.3541666666667,788.5208333333334,313.1666666666667,48,2,2024
17,Girona,17056,Cornellà del Terri,625.2121212121212,510.72727272727275,793.030303030303,282.30303030303025,99,2,2024
19,Guadalajara,19024,Alovera,625.1226818830243,537.4607703281027,718.4835948644793,181.02282453637656,701,2,2024
08,Barcelona,08179,Rellinars,625.0,441.0,850.0,409.0,18,1,2024
17,Girona,17078,Ger,625.0,468.0,1200.0,732.0,20,1,2024
47,Valladolid,47161,Simancas,623.9230769230769,461.9230769230769,791.1538461538462,329.2307692307693,156,2,2024
03,Alicante,03011,"Alfàs del Pi, l'",623.7031125299281,500.0,812.8132482043096,312.8132482043096,1253,2,2024
03,Alicante,03128,Teulada,623.4874759152216,467.72639691714835,864.5009633911368,396.77456647398844,519,2,2024
08,Barcelona,08161,Piera,623.4455958549223,500.0,734.6761658031088,234.6761658031088,772,2,2024
20,Gipuzkoa,20028,Zizurkil,623.3712121212121,550.4924242424242,727.1212121212121,176.62878787878788,132,2,2024
17,Girona,17029,Boadella i les Escaules,623.0,510.0,700.0,190.0,12,1,2024
17,Girona,17226,Vilamalla,622.6666666666666,441.6296296296296,694.4814814814815,252.8518518518519,27,2,2024
19,Guadalajara,19058,Cabanillas del Campo,622.3224043715848,510.3825136612022,722.24043715847,211.85792349726773,366,2,2024
17,Girona,17221,Vilafant,621.8299319727892,524.9591836734694,777.3877551020408,252.42857142857144,147,2,2024
28,Madrid,28150,Torrejón de Velasco,621.7297297297297,504.2567567567568,747.2972972972973,243.04054054054052,148,2,2024
39,Cantabria,39020,Castro-Urdiales,621.1034482758621,524.3915229885057,727.2931034482758,202.90158045977012,1392,2,2024
25,Lleida,25243,Vielha e Mijaran,621.1020408163265,509.59183673469386,742.1612244897959,232.56938775510207,490,2,2024
07,"Balears, Illes",07901,Ariany,621.0,450.0,800.0,350.0,38,1,2024
39,Cantabria,39073,Santa Cruz de Bezana,620.3560126582279,510.51107594936707,743.4319620253165,232.9208860759494,632,2,2024
35,"Palmas, Las",35021,Santa Brígida,619.6281407035176,450.0,859.9195979899497,409.9195979899497,597,2,2024
46,Valencia/Valéncia,46171,Moncada,619.0060606060606,494.4848484848485,768.2363636363636,273.75151515151515,1155,2,2024
28,Madrid,28178,Villanueva de Perales,618.88,504.0,744.2,240.20000000000005,50,2,2024
48,Bizkaia,48071,Muskiz,618.6917293233083,551.5037593984962,679.0902255639098,127.58646616541364,133,2,2024
21,Huelva,21002,Aljaraque,618.2215743440233,484.11078717201167,742.1078717201166,257.9970845481049,343,2,2024
08,Barcelona,08091,Gelida,618.0054054054054,457.35135135135135,761.4702702702702,304.1189189189189,555,2,2024
48,Bizkaia,48025,Zeberio,618.0,519.0,683.0,164.0,11,1,2024
20,Gipuzkoa,20042,Ibarra,618.0,552.0,686.0,134.0,173,1,2024
41,Sevilla,41047,Gines,617.9029126213592,513.1165048543689,767.4757281553398,254.35922330097083,309,2,2024
17,Girona,17110,Mont-ras,617.0,350.0,879.0,529.0,19,1,2024
03,Alicante,03014,Alicante/Alacant,616.8614810083043,481.5119158763697,803.5606112721733,322.04869539580363,20351,2,2024
07,"Balears, Illes",07014,Capdepera,616.4295874822191,498.6856330014225,833.4907539118066,334.80512091038406,703,2,2024
07,"Balears, Illes",07038,Montuïri,615.6424581005587,460.6145251396648,815.6424581005587,355.02793296089385,179,2,2024
11,Cádiz,11022,"Línea de la Concepción, La",614.9642596644785,499.18234865062,759.8045222465354,260.6221735959154,1371,2,2024
35,"Palmas, Las",35024,Teguise,614.3152064451158,487.361530715005,832.8801611278952,345.5186304128902,993,2,2024
20,Gipuzkoa,20076,Ordizia,614.3123209169055,554.3065902578796,687.4985673352436,133.19197707736396,698,2,2024
08,Barcelona,08305,Vilafranca del Penedès,613.54475781729,498.72378908645004,725.1943592887799,226.47057020232984,3262,2,2024
08,Barcelona,08136,Montornès del Vallès,613.1716738197425,488.137339055794,752.0901287553648,263.95278969957087,932,2,2024
28,Madrid,28116,Pozuelo del Rey,613.1578947368421,467.7368421052632,753.2105263157895,285.4736842105263,76,2,2024
03,Alicante,03119,Sant Joan d'Alacant,612.6886993603412,505.1229566453447,732.4811656005686,227.35820895522392,1407,2,2024
28,Madrid,28137,"Santos de la Humosa, Los",612.49,469.0,726.59,257.59000000000003,100,2,2024
17,Girona,17093,Llers,612.0,545.0,714.0,169.0,38,1,2024
29,Málaga,29099,Viñuela,612.0,306.0,925.0,619.0,28,1,2024
11,Cádiz,11016,Chipiona,611.9128630705394,418.78008298755185,1097.1701244813278,678.3900414937759,482,2,2024
07,"Balears, Illes",07049,Sant Joan,611.5384615384615,465.9230769230769,812.3076923076923,346.38461538461536,130,2,2024
28,Madrid,28175,Villamantilla,611.3854166666666,463.9791666666667,742.6875,278.7083333333333,96,2,2024
08,Barcelona,08240,Sant Sadurní d'Anoia,610.5477855477856,500.3706293706294,732.011655011655,231.64102564102558,858,2,2024
17,Girona,17169,Sant Julià de Ramis,610.2824427480916,408.2442748091603,769.6641221374045,361.41984732824426,131,2,2024
46,Valencia/Valéncia,46202,"Pobla de Vallbona, la",609.79203539823,481.12831858407077,792.3672566371681,311.23893805309734,1130,2,2024
46,Valencia/Valéncia,46204,Puig,609.7716535433071,473.7834645669291,765.6929133858267,291.9094488188976,508,2,2024
20,Gipuzkoa,20075,Villabona,609.7119113573407,550.0914127423823,703.7811634349031,153.68975069252076,361,2,2024
29,Málaga,29038,Cártama,609.5543278084715,500.0,766.0128913443831,266.0128913443831,543,2,2024
08,Barcelona,08097,Gualba,609.0093457943925,431.3551401869159,810.0467289719626,378.6915887850467,107,2,2024
17,Girona,17121,Palau-sator,609.0,488.0,923.0,435.0,17,1,2024
20,Gipuzkoa,20034,Eskoriatza,608.3583815028902,524.6011560693642,667.7225433526012,143.12138728323703,173,2,2024
25,Lleida,25140,Montferrer i Castellbò,608.2857142857143,453.57142857142856,786.0,332.42857142857144,35,2,2024
19,Guadalajara,19130,Guadalajara,608.0230496453901,502.6743498817967,716.0460992907801,213.37174940898348,6768,2,2024
07,"Balears, Illes",07006,Artà,607.9128440366973,415.41743119266056,914.5642201834862,499.14678899082566,436,2,2024
17,Girona,17049,Celrà,607.3455882352941,492.3529411764706,712.0661764705883,219.71323529411768,408,2,2024
07,"Balears, Illes",07051,Sant Llorenç des Cardassar,607.1901840490798,479.55828220858893,961.7239263803681,482.16564417177915,489,2,2024
31,Navarra,31258,Villava/Atarrabia,606.0,531.0,685.0,154.0,374,1,2024
25,Lleida,25051,Bellver de Cerdanya,605.775956284153,444.60109289617486,738.5245901639345,293.9234972677596,183,2,2024
48,Bizkaia,48096,Zalla,605.0555555555555,547.1666666666666,694.4444444444445,147.27777777777783,216,2,2024
17,Girona,17213,Vidreres,603.5411471321696,482.2219451371571,750.8478802992519,268.6259351620948,401,2,2024
08,Barcelona,08247,Santa Eulàlia de Riuprimer,603.0373831775701,435.98130841121497,711.018691588785,275.03738317757006,107,2,2024
03,Alicante,03901,"Poblets, els",603.0,500.0,798.0,298.0,96,1,2024
20,Gipuzkoa,20027,Zestoa,602.6540540540541,496.9351351351351,654.972972972973,158.0378378378379,185,2,2024
20,Gipuzkoa,20030,Eibar,602.4747663551402,532.9644859813084,654.8186915887851,121.85420560747673,1605,2,2024
38,Santa Cruz de Tenerife,38011,Candelaria,602.2572931611669,495.4854136776662,724.5729316116691,229.0875179340029,2091,2,2024
01,Araba/Álava,01046,Erriberagoitia/Ribera Alta,602.0,500.0,827.0,327.0,11,1,2024
48,Bizkaia,48097,Zaratamo,602.0,589.0,662.0,73.0,29,1,2024
48,Bizkaia,48065,Ugao-Miraballes,602.0,554.0,675.0,121.0,125,1,2024
48,Bizkaia,48055,Lemoa,602.0,532.0,680.0,148.0,127,1,2024
46,Valencia/Valéncia,46205,Puçol,601.5768169273229,465.26402943882243,846.1711131554738,380.90708371665136,1087,2,2024
20,Gipuzkoa,20049,Lazkao,601.0,526.0,652.0,126.0,289,1,2024
46,Valencia/Valéncia,46199,"Pobla de Farnals, la",600.7308781869689,468.43767705382436,756.456090651558,288.0184135977337,706,2,2024
24,León,24175,Valdefresno,600.0,328.0,700.0,372.0,25,1,2024
39,Cantabria,39099,Villaescusa,600.0,400.0,850.0,450.0,35,1,2024
08,Barcelona,08062,Castellnou de Bages,600.0,480.0,836.0,356.0,17,1,2024
17,Girona,17228,Vilanant,600.0,440.0,759.0,319.0,28,1,2024
17,Girona,17057,Corçà,600.0,500.0,700.0,200.0,62,1,2024
18,Granada,18111,Jun,600.0,449.0,700.0,251.0,46,1,2024
41,Sevilla,41028,Castilleja de Guzmán,600.0,500.0,712.0,212.0,41,1,2024
28,Madrid,28158,Valdemanco,600.0,406.0,900.0,494.0,39,1,2024
48,Bizkaia,48001,Abadiño,600.0,546.0,670.0,124.0,171,1,2024
48,Bizkaia,48056,Lemoiz,600.0,536.0,652.0,116.0,21,1,2024
46,Valencia/Valéncia,46182,Olocau,600.0,475.0,816.0,341.0,63,1,2024
03,Alicante,03004,Aigües,600.0,403.0,813.0,410.0,37,1,2024
17,Girona,17094,Llívia,599.8926174496644,494.28859060402687,756.2080536912752,261.9194630872483,149,2,2024
28,Madrid,28164,Valdetorres de Jarama,599.5934959349594,488.2317073170732,743.7317073170732,255.5,246,2,2024
08,Barcelona,08222,Sant Llorenç d'Hortons,599.179104477612,469.34328358208955,758.6119402985074,289.26865671641787,134,2,2024
29,Málaga,29075,Nerja,599.0777917189461,482.3500627352572,757.5332496863238,275.18318695106655,797,2,2024
20,Gipuzkoa,20043,Idiazabal,599.0,524.0,638.0,114.0,68,1,2024
20,Gipuzkoa,20018,Azpeitia,598.5873261205564,524.1962905718701,656.2658423493045,132.0695517774344,647,2,2024
48,Bizkaia,48002,Abanto y Ciérvana-Abanto Zierbena,598.3566878980891,540.3630573248407,662.1210191082803,121.75796178343955,157,2,2024
17,Girona,17034,Calonge,598.1997533908755,462.70160295930947,730.9839704069051,268.2823674475956,811,2,2024
31,Navarra,31109,Galar,598.0,424.0,667.0,243.0,31,1,2024
31,Navarra,31060,Burlada/Burlata,598.0,499.0,684.0,185.0,791,1,2024
07,"Balears, Illes",07041,Petra,598.0,400.0,881.0,481.0,114,1,2024
17,Girona,17137,Porqueres,597.0365853658536,483.7439024390244,692.5121951219512,208.7682926829268,164,2,2024
08,Barcelona,08275,Tavèrnoles,597.0,299.0,799.0,500.0,12,1,2024
38,Santa Cruz de Tenerife,38038,Santa Cruz de Tenerife,596.9219108865411,465.95927116827437,754.772469759608,288.8131985913337,13062,2,2024
35,"Palmas, Las",35028,Tías,596.6360856269113,480.9480122324159,765.4434250764526,284.4954128440367,1308,2,2024
08,Barcelona,08035,Calella,596.4583579444773,476.5180153573538,718.375664500886,241.85764914353223,1693,2,2024
39,Cantabria,39075,Santander,596.3963998763907,489.7393386897404,724.2318448702101,234.49250618046972,12944,2,2024
28,Madrid,28067,Guadalix de la Sierra,596.3783783783783,460.7837837837838,790.5945945945946,329.8108108108108,407,2,2024
17,Girona,17218,Vilademuls,596.0,383.0,800.0,417.0,48,1,2024
17,Girona,17088,Lladó,596.0,450.0,704.0,254.0,23,1,2024
20,Gipuzkoa,20038,Gabiria,596.0,364.0,815.0,451.0,10,1,2024
20,Gipuzkoa,20074,Bergara,595.0930232558139,501.0,657.2713178294574,156.27131782945742,516,2,2024
17,Girona,17118,Palamós,594.7585227272727,490.7400568181818,711.4161931818181,220.67613636363632,1408,2,2024
48,Bizkaia,48083,Ortuella,594.5253164556962,543.3037974683544,673.0,129.69620253164555,158,2,2024
41,Sevilla,41016,Bollullos de la Mitación,594.0944881889764,492.26377952755905,788.1889763779527,295.92519685039366,254,2,2024
17,Girona,17193,Sils,594.0191693290735,496.5495207667732,698.0862619808307,201.53674121405754,313,2,2024
07,"Balears, Illes",07065,Vilafranca de Bonany,593.6551724137931,435.86206896551727,789.096551724138,353.2344827586207,145,2,2024
35,"Palmas, Las",35016,"Palmas de Gran Canaria, Las",593.5985169029444,454.63101417666303,754.372824427481,299.74181025081793,22925,2,2024
28,Madrid,28145,Talamanca de Jarama,593.5584415584416,488.2077922077922,694.8311688311688,206.62337662337666,308,2,2024
07,"Balears, Illes",07052,Sant Lluís,593.5478468899521,470.5956937799043,789.8923444976076,319.2966507177033,418,2,2024
38,Santa Cruz de Tenerife,38044,"Tanque, El",593.0,394.0,700.0,306.0,32,1,2024
28,Madrid,28147,Titulcia,593.0,480.0,708.0,228.0,29,1,2024
20,Gipuzkoa,20013,Aretxabaleta,593.0,503.0,662.0,159.0,217,1,2024
41,Sevilla,41096,Valencina de la Concepción,592.6038961038961,474.45454545454544,791.512987012987,317.05844155844153,154,2,2024
08,Barcelona,08284,Tordera,592.3664122137404,470.58015267175574,708.1145038167939,237.53435114503816,917,2,2024
19,Guadalajara,19326,Yebes,592.2764705882353,514.5176470588235,685.0941176470589,170.57647058823534,510,2,2024
17,Girona,17148,Riudarenes,592.1081081081081,471.97297297297297,787.8108108108108,315.83783783783787,111,2,2024
48,Bizkaia,48024,Zeanuri,591.2,524.6,650.0,125.39999999999998,25,2,2024
46,Valencia/Valéncia,46214,Riba-roja de Túria,590.7331910352187,465.31163287086446,773.4663820704376,308.15474919957313,937,2,2024
48,Bizkaia,48032,Elorrio,590.6649484536083,536.1752577319587,652.5515463917526,116.37628865979389,194,2,2024
08,Barcelona,08273,Subirats,590.1481481481482,441.0,778.8888888888889,337.8888888888889,108,2,2024
43,Tarragona,43140,Santa Oliva,590.0,469.2564102564103,709.2307692307693,239.974358974359,117,2,2024
09,Burgos,09086,Castrillo del Val,590.0,450.0,1150.0,700.0,11,1,2024
07,"Balears, Illes",07028,Lloret de Vistalegre,589.2621359223301,454.50485436893206,959.9029126213592,505.3980582524271,103,2,2024
48,Bizkaia,48045,Güeñes,589.0,501.0,648.0,147.0,166,1,2024
25,Lleida,25252,Vila-sana,589.0,451.0,798.0,347.0,12,1,2024
18,Granada,18087,Granada,588.1322617185393,458.1967743675495,731.150817196181,272.95404282863154,18539,2,2024
45,Toledo,45168,Toledo,588.0135970333745,484.4604449938195,712.8862793572312,228.42583436341164,6472,2,2024
17,Girona,17025,Bordils,587.26,454.17,719.64,265.46999999999997,100,2,2024
38,Santa Cruz de Tenerife,38035,San Miguel de Abona,587.0909090909091,450.0,754.5454545454545,304.5454545454545,836,2,2024
08,Barcelona,08287,Torrelavit,587.0526315789474,394.7368421052632,722.1052631578947,327.3684210526315,57,2,2024
29,Málaga,29076,Ojén,587.0,481.0,842.0,361.0,225,2,2024
48,Bizkaia,48019,Berriz,587.0,500.0,644.0,144.0,95,1,2024
01,Araba/Álava,01036,Laudio/Llodio,587.0,511.0,649.0,138.0,534,1,2024
28,Madrid,28154,Torres de la Alameda,586.9121813031162,463.0311614730878,715.5694050991501,252.5382436260623,353,2,2024
46,Valencia/Valéncia,46082,Canet d'En Berenguer,586.8739903069467,471.5993537964459,726.3117932148626,254.71243941841675,619,2,2024
50,Zaragoza,50089,Cuarte de Huerva,586.4232209737828,499.20973782771534,694.4943820224719,195.28464419475654,1068,2,2024
08,Barcelona,08155,Palafolls,585.6589147286821,495.50387596899225,709.3333333333334,213.82945736434112,516,2,2024
07,"Balears, Illes",07032,Maó,585.2788203753352,450.0,737.9302949061662,287.9302949061662,2611,2,2024
38,Santa Cruz de Tenerife,38028,Puerto de la Cruz,584.6030237580993,462.1244060475162,732.7278617710583,270.60345572354214,2315,2,2024
08,Barcelona,08013,Avinyonet del Penedès,584.2857142857143,465.12857142857143,732.6428571428571,267.5142857142857,70,2,2024
28,Madrid,28051,Chapinería,584.1111111111111,400.0,743.7222222222222,343.7222222222222,144,2,2024
03,Alicante,03047,Calp,584.0690866510539,464.8126463700234,757.4338407494146,292.62119437939117,1708,2,2024
17,Girona,17217,Viladamat,584.0,400.0,694.0,294.0,12,1,2024
09,Burgos,09131,Fresnillo de las Dueñas,584.0,461.0,650.0,189.0,10,1,2024
28,Madrid,28108,Pedrezuela,583.5391849529781,502.66457680250784,705.3291536050157,202.66457680250784,638,2,2024
08,Barcelona,08227,Sant Martí Sarroca,583.3982300884956,488.0973451327434,708.0884955752213,219.99115044247787,226,2,2024
03,Alicante,03122,San Vicente del Raspeig/Sant Vicent del Raspeig,582.9223300970874,470.4757281553398,708.2718446601941,237.7961165048543,2987,2,2024
52,Melilla,52001,Melilla,582.9167984814932,487.06263840556784,726.2625751344511,239.1999367288833,3161,2,2024
31,Navarra,31098,Esteribar,582.5,430.25,670.25,240.0,52,2,2024
43,Tarragona,43038,Cambrils,582.2227378190255,473.54060324825986,726.8700696055685,253.3294663573086,2586,2,2024
17,Girona,17160,Sant Feliu de Guíxols,582.0244328097731,470.78184991274,727.1151832460733,256.33333333333337,1719,2,2024
17,Girona,17149,Riudaura,582.0,475.0,692.0,217.0,13,1,2024
08,Barcelona,08269,Seva,581.8918918918919,467.8162162162162,827.5405405405405,359.7243243243243,185,2,2024
17,Girona,17103,Maçanet de la Selva,581.7916666666666,465.1666666666667,695.9583333333334,230.79166666666669,336,2,2024
08,Barcelona,08298,Vic,581.4346530438485,479.0674755214985,695.4516815666241,216.38420604512555,4698,2,2024
41,Sevilla,41038,Dos Hermanas,581.4181818181818,481.4734848484849,742.9537878787879,261.48030303030305,3960,2,2024
17,Girona,17003,Albanyà,581.0,226.0,856.0,630.0,10,1,2024
08,Barcelona,08100,Gurb,580.8695652173913,501.0869565217391,781.9565217391304,280.86956521739125,46,2,2024
19,Guadalajara,19293,Uceda,580.6349206349206,455.23809523809524,693.531746031746,238.29365079365078,126,2,2024
28,Madrid,28086,"Molar, El",580.3077939233817,471.8097754293263,702.9220607661823,231.11228533685602,757,2,2024
01,Araba/Álava,01001,Alegría-Dulantzi,580.0603448275862,493.5086206896552,653.4827586206897,159.97413793103448,116,2,2024
08,Barcelona,08163,Pineda de Mar,579.7147071217868,491.0198061525495,682.2503160556258,191.23050990307632,2373,2,2024
31,Navarra,31101,Ezcabarte,579.5384615384615,452.5769230769231,688.3846153846154,235.80769230769226,52,2,2024
08,Barcelona,08083,Folgueroles,579.5,459.0,731.0,272.0,112,2,2024
08,Barcelona,08134,Figaró-Montmany,579.0,386.15686274509807,770.8039215686274,384.64705882352933,102,2,2024
46,Valencia/Valéncia,46117,Emperador,579.0,464.0,634.0,170.0,35,1,2024
03,Alicante,03090,Mutxamel,578.0031282586027,462.4118873826903,718.9843587069864,256.57247132429615,959,2,2024
08,Barcelona,08098,Sant Salvador de Guardiola,578.0,468.0,707.0,239.0,58,1,2024
48,Bizkaia,48034,Ermua,578.0,525.0,630.0,105.0,322,1,2024
08,Barcelona,08041,Canovelles,577.3259452411995,463.27640156453714,696.0756192959583,232.79921773142115,767,2,2024
08,Barcelona,08220,Sant Julià de Vilatorta,577.0331491712707,457.121546961326,697.2486187845304,240.12707182320446,181,2,2024
20,Gipuzkoa,20017,Azkoitia,577.0,501.0,632.0,131.0,531,1,2024
08,Barcelona,08246,Santa Eugènia de Berga,576.9811320754717,491.1509433962264,669.0754716981132,177.92452830188682,106,2,2024
08,Barcelona,08110,Malgrat de Mar,576.6043689320388,490.05582524271847,692.497572815534,202.44174757281553,1236,2,2024
43,Tarragona,43148,Tarragona,576.464846019756,457.0177222545032,713.8541545613016,256.8364323067984,10326,2,2024
17,Girona,17209,Vall-llobrega,576.0,400.0,825.0,425.0,14,1,2024
03,Alicante,03063,Dénia,575.9135151890887,455.14259144451336,734.2839429634222,279.14135151890883,3226,2,2024
17,Girona,17202,Tossa de Mar,575.7994923857868,481.6700507614213,686.7182741116751,205.0482233502538,394,2,2024
17,Girona,17006,Alp,575.1702127659574,438.7659574468085,751.2553191489362,312.4893617021277,141,2,2024
18,Granada,18149,Otura,575.0,431.44642857142856,752.9107142857143,321.4642857142858,168,2,2024
31,Navarra,31903,Berriozar,575.0,499.0,658.0,159.0,375,1,2024
08,Barcelona,08162,"Hostalets de Pierola, Els",574.9304812834224,465.24064171122996,708.8288770053476,243.58823529411768,187,2,2024
07,"Balears, Illes",07044,"Pobla, Sa",574.612426035503,434.03846153846155,711.0029585798817,276.96449704142015,676,2,2024
48,Bizkaia,48086,Sopuerta,574.1754385964912,448.5263157894737,647.1052631578947,198.57894736842098,57,2,2024
29,Málaga,29094,Vélez-Málaga,574.0809476801579,455.88548864758144,721.3622902270483,265.4768015794669,3039,2,2024
25,Lleida,25023,Alpicat,573.939393939394,437.8121212121212,713.5636363636364,275.7515151515152,165,2,2024
46,Valencia/Valéncia,46066,Benirredrà,573.8181818181819,385.45454545454544,670.2727272727273,284.8181818181818,22,2,2024
17,Girona,17187,"Saus, Camallera i Llampaies",573.7037037037037,413.9259259259259,688.4814814814815,274.5555555555556,54,2,2024
43,Tarragona,43111,"Pobla de Montornès, La",573.1898734177215,474.43037974683546,651.7215189873418,177.29113924050637,158,2,2024
48,Bizkaia,48090,Balmaseda,573.0,515.0,630.0,115.0,260,1,2024
48,Bizkaia,48068,Mundaka,573.0,529.0,639.0,110.0,38,1,2024
40,Segovia,40904,Navas de Riofrío,573.0,402.0,846.0,444.0,18,1,2024
41,Sevilla,41044,Gelves,572.5217391304348,461.69565217391306,711.695652173913,249.99999999999994,391,2,2024
43,Tarragona,43050,Creixell,572.3387622149837,450.7947882736156,669.1465798045602,218.35179153094464,307,2,2024
12,Castellón/Castelló,12028,Benicasim/Benicàssim,572.3048327137546,438.36802973977694,715.5092936802974,277.1412639405205,1345,2,2024
20,Gipuzkoa,20052,Legorreta,572.0,501.0,622.0,121.0,63,1,2024
07,"Balears, Illes",07035,Maria de la Salut,571.9207920792079,430.2178217821782,776.7227722772277,346.5049504950495,101,2,2024
07,"Balears, Illes",07030,Llubí,571.3818181818182,417.0181818181818,883.2363636363636,466.21818181818185,110,2,2024
17,Girona,17141,Puigcerdà,570.9,456.0,724.5,268.5,760,2,2024
17,Girona,17062,"Escala, L'",570.4510108864697,470.45101088646965,685.4043545878693,214.95334370139966,643,2,2024
36,Pontevedra,36035,Nigrán,570.223880597015,450.0,745.8656716417911,295.8656716417911,804,2,2024
29,Málaga,29073,Monda,570.2020202020202,414.19191919191917,741.5151515151515,327.32323232323233,99,2,2024
28,Madrid,28101,Olmeda de las Fuentes,570.0,412.0,750.0,338.0,20,1,2024
38,Santa Cruz de Tenerife,38040,Santiago del Teide,569.9570815450644,471.90557939914163,700.4034334763949,228.49785407725324,699,2,2024
28,Madrid,28004,"Álamo, El",569.0225694444445,466.2326388888889,697.3958333333334,231.16319444444446,576,2,2024
08,Barcelona,08085,Font-rubí,569.0,380.0,750.0,370.0,40,1,2024
08,Barcelona,08306,Vilalba Sasserra,569.0,452.0,671.0,219.0,68,2,2024
20,Gipuzkoa,20005,Alegia,569.0,531.0,602.0,71.0,106,1,2024
28,Madrid,28013,Aranjuez,568.3633841886269,464.5376791493296,679.6375404530744,215.09986130374477,4326,2,2024
08,Barcelona,08286,"Torre de Claramunt, La",568.2796610169491,439.271186440678,672.7881355932203,233.51694915254234,118,2,2024
48,Bizkaia,48094,Igorre,568.0,515.0,618.0,103.0,149,1,2024
20,Gipuzkoa,20059,Oñati,567.9595687331537,500.7978436657682,653.0512129380054,152.2533692722372,371,2,2024
04,Almería,04072,Partaloa,567.0,500.0,909.0,409.0,12,1,2024
28,Madrid,28038,Cercedilla,566.828793774319,459.28793774319064,748.7879377431907,289.50000000000006,514,2,2024
28,Madrid,28085,Miraflores de la Sierra,566.3497363796133,443.96133567662565,745.5536028119508,301.59226713532513,569,2,2024
17,Girona,17015,Banyoles,566.2593457943925,465.30782710280374,681.2920560747664,215.98422897196264,1712,2,2024
08,Barcelona,08061,Castellgalí,566.065934065934,483.2307692307692,683.8681318681319,200.63736263736263,91,2,2024
48,Bizkaia,48042,Gordexola,566.0,491.0,602.0,111.0,25,1,2024
46,Valencia/Valéncia,46244,Torrent,565.8020403733449,447.5035815064033,708.816366398958,261.31278489255476,4607,2,2024
01,Araba/Álava,01002,Amurrio,565.6945244956772,504.6743515850144,637.1613832853026,132.48703170028818,347,2,2024
17,Girona,17044,Cassà de la Selva,565.0975292587776,437.21196358907673,684.2730819245774,247.06111833550062,769,2,2024
08,Barcelona,08014,Aiguafreda,564.9090909090909,439.6,714.290909090909,274.69090909090903,275,2,2024
35,"Palmas, Las",35014,"Oliva, La",564.6973333333333,450.0,733.6126666666667,283.61266666666666,1500,2,2024
31,Navarra,31905,Beriáin,564.6666666666666,461.80392156862746,636.4313725490196,174.6274509803921,102,2,2024
43,Tarragona,43028,"Bisbal del Penedès, La",563.8620689655172,447.6551724137931,730.4827586206897,282.82758620689657,145,2,2024
07,"Balears, Illes",07015,Ciutadella de Menorca,563.8014527845037,462.77239709443097,697.7070217917676,234.93462469733663,1652,2,2024
38,Santa Cruz de Tenerife,38006,Arona,563.7878048780487,451.65365853658534,713.780487804878,262.1268292682927,5740,2,2024
47,Valladolid,47010,Arroyo de la Encomienda,563.5193075898802,478.9034620505992,643.0386151797603,164.1351531291611,1502,2,2024
03,Alicante,03094,"Nucia, la",562.8294573643411,463.5658914728682,746.4186046511628,282.8527131782946,774,2,2024
08,Barcelona,08034,Calders,562.58,420.56,659.24,238.68,50,2,2024
29,Málaga,29080,Pizarra,562.5757575757576,442.5656565656566,778.8282828282828,336.2626262626262,99,2,2024
19,Guadalajara,19046,Azuqueca de Henares,562.2510793756227,471.14314181335106,647.9319163068748,176.7887744935237,3011,2,2024
43,Tarragona,43131,Roda de Barà,562.2222222222222,456.2638888888889,698.125,241.8611111111111,576,2,2024
41,Sevilla,41029,Castilleja de la Cuesta,562.0917431192661,464.42660550458714,647.651376146789,183.2247706422018,654,2,2024
45,Toledo,45123,Ontígola,561.3574660633484,479.710407239819,657.3710407239819,177.66063348416287,221,2,2024
48,Bizkaia,48059,Mañaria,561.0,470.0,608.0,138.0,12,1,2024
47,Valladolid,47007,Aldeamayor de San Martín,561.0,473.0,648.0,175.0,172,1,2024
08,Barcelona,08109,Lluçà,561.0,392.0,642.0,250.0,14,1,2024
35,"Palmas, Las",35029,Tinajo,560.4814814814815,448.85925925925926,756.2222222222222,307.3629629629629,270,2,2024
46,Valencia/Valéncia,46178,Náquera,560.4028776978417,440.2014388489209,692.863309352518,252.66187050359707,556,2,2024
28,Madrid,28166,Valverde de Alcalá,560.0,450.0,746.0,296.0,22,1,2024
48,Bizkaia,48067,Muxika,560.0,426.0,1101.0,675.0,12,1,2024
17,Girona,17183,Sant Aniol de Finestres,560.0,475.0,654.0,179.0,17,1,2024
43,Tarragona,43036,Cabra del Camp,560.0,435.0,656.0,221.0,41,1,2024
34,Palencia,34079,Grijota,559.7027027027027,450.52702702702703,625.918918918919,175.39189189189193,74,2,2024
20,Gipuzkoa,20032,Elgoibar,559.6814580031696,501.2852614896989,623.7511885895404,122.46592709984156,631,2,2024
07,"Balears, Illes",07064,"Castell, Es",559.5375722543353,451.85260115606934,690.4696531791908,238.61705202312146,692,2,2024
19,Guadalajara,19225,Pozo de Guadalajara,559.5054945054945,487.5274725274725,654.9560439560439,167.4285714285714,91,2,2024
20,Gipuzkoa,20047,Itsasondo,559.0,501.0,657.0,156.0,30,1,2024
08,Barcelona,08283,Tona,558.984126984127,452.2804232804233,676.2328042328043,223.95238095238096,567,2,2024
08,Barcelona,08223,Sant Llorenç Savall,558.9349112426036,443.0177514792899,667.9289940828403,224.91124260355036,169,2,2024
46,Valencia/Valéncia,46163,Massalfassar,558.5987261146497,411.2738853503185,708.108280254777,296.8343949044585,157,2,2024
28,Madrid,28040,Ciempozuelos,558.2249357326479,468.30462724935734,655.9575835475579,187.65295629820054,1556,2,2024
38,Santa Cruz de Tenerife,38017,Granadilla de Abona,557.8355966483675,447.3325628431089,708.3415197919676,261.00895694885867,3461,2,2024
38,Santa Cruz de Tenerife,38019,Guía de Isora,557.8098098098098,449.6676676676677,698.0850850850851,248.41741741741743,999,2,2024
46,Valencia/Valéncia,46111,Chiva,557.7538461538461,416.53846153846155,735.7051282051282,319.16666666666663,780,2,2024
46,Valencia/Valéncia,46169,Mislata,557.5433127944907,449.1844871330192,701.8419717288873,252.65748459586808,2759,2,2024
08,Barcelona,08251,Santa Margarida i els Monjos,557.4976744186047,442.57674418604654,653.4232558139535,210.84651162790692,430,2,2024
17,Girona,17233,Vilobí d'Onyar,556.9230769230769,419.1025641025641,659.6410256410256,240.53846153846155,156,2,2024
01,Araba/Álava,01058,Legutio,556.8275862068965,477.37931034482756,644.8620689655172,167.48275862068965,58,2,2024
17,Girona,17063,Espinelves,556.7586206896551,411.82758620689657,650.7241379310345,238.89655172413796,29,2,2024
38,Santa Cruz de Tenerife,38005,Arico,556.4927536231884,457.14009661835746,704.0917874396135,246.95169082125608,414,2,2024
04,Almería,04031,Cantoria,556.0,300.0,749.0,449.0,40,1,2024
43,Tarragona,43163,"Vendrell, El",555.5307599517491,457.5090470446321,655.7466827503016,198.2376357056695,3316,2,2024
03,Alicante,03042,"Benitachell/Poble Nou de Benitatxell, el",555.1724137931035,427.58620689655174,774.5862068965517,347.0,203,2,2024
27,Lugo,27039,Outeiro de Rei,555.0,347.0,724.0,377.0,58,1,2024
08,Barcelona,08192,Santpedor,554.4836272040302,459.1813602015113,641.176322418136,181.99496221662469,397,2,2024
45,Toledo,45122,Olías del Rey,553.8645161290323,427.6483870967742,696.8032258064516,269.1548387096774,310,2,2024
03,Alicante,03031,Benidorm,553.1313605761703,459.0020353843745,684.4335368717708,225.4315014873963,6387,2,2024
50,Zaragoza,50288,Villanueva de Gállego,552.5051194539249,460.8600682593857,704.2184300341297,243.35836177474403,293,2,2024
19,Guadalajara,19171,Marchamalo,552.4552845528456,465.0406504065041,639.4065040650406,174.36585365853654,492,2,2024
20,Gipuzkoa,20014,Asteasu,552.08,490.12,663.3733333333333,173.25333333333333,75,2,2024
20,Gipuzkoa,20080,Zumarraga,552.0,501.0,602.0,101.0,493,1,2024
48,Bizkaia,48057,Lekeitio,552.0,500.0,628.0,128.0,140,1,2024
48,Bizkaia,48095,Zaldibar,552.0,515.0,607.0,92.0,83,1,2024
48,Bizkaia,48058,Mallabia,552.0,513.0,617.0,104.0,20,1,2024
20,Gipuzkoa,20022,Berastegi,552.0,473.0,689.0,216.0,16,1,2024
20,Gipuzkoa,20051,Legazpi,552.0,501.0,602.0,101.0,264,1,2024
20,Gipuzkoa,20901,Mendaro,552.0,471.0,620.0,149.0,85,1,2024
20,Gipuzkoa,20077,Urretxu,552.0,501.0,619.0,118.0,260,1,2024
20,Gipuzkoa,20070,Segura,552.0,490.0,651.0,161.0,33,1,2024
43,Tarragona,43030,Bonastre,552.0,423.0,598.0,175.0,22,1,2024
19,Guadalajara,19117,Fontanar,551.6666666666666,458.4,653.8555555555556,195.45555555555563,90,2,2024
46,Valencia/Valéncia,46078,Burjassot,551.3344827586207,438.3103448275862,686.1793103448276,247.8689655172414,2610,2,2024
08,Barcelona,08154,Pacs del Penedès,551.0,441.0,1008.0,567.0,22,1,2024
20,Gipuzkoa,20058,Olaberria,551.0,501.0,614.0,113.0,36,1,2024
45,Toledo,45127,Palomeque,551.0,395.0,740.0,345.0,14,1,2024
50,Zaragoza,50297,Zaragoza,550.8817532193177,449.50401381413377,653.6556018884215,204.15158807428776,54437,2,2024
50,Zaragoza,50163,María de Huerva,550.81,476.56,624.75,148.19,300,2,2024
17,Girona,17011,"Armentera, L'",550.0,419.0,699.0,280.0,64,1,2024
20,Gipuzkoa,20050,Leaburu,550.0,504.0,591.0,87.0,12,1,2024
17,Girona,17196,Terrades,550.0,358.0,642.0,284.0,11,1,2024
17,Girona,17098,Maià de Montcal,550.0,342.0,670.0,328.0,17,1,2024
17,Girona,17109,Montagut i Oix,550.0,357.0,751.0,394.0,33,1,2024
29,Málaga,29033,Canillas de Aceituno,550.0,403.0,668.0,265.0,23,1,2024
09,Burgos,09315,Revillarruz,550.0,470.0,600.0,130.0,19,1,2024
17,Girona,17172,Sant Martí de Llémena,550.0,300.0,1000.0,700.0,23,1,2024
40,Segovia,40194,Segovia,550.0,447.7894736842105,682.8070175438596,235.0175438596491,4446,2,2024
40,Segovia,40207,Trescasas,550.0,456.0,692.0,236.0,28,1,2024
43,Tarragona,43042,Castellvell del Camp,550.0,400.0,1000.0,600.0,15,1,2024
17,Girona,17208,"Vall de Bianya, La",550.0,376.0,749.0,373.0,65,1,2024
43,Tarragona,43002,Albinyana,550.0,450.0,675.0,225.0,86,1,2024
17,Girona,17023,Blanes,549.2587811468028,450.3725607925548,641.7802461723206,191.40768537976584,3331,2,2024
41,Sevilla,41094,Umbrete,548.7027027027027,481.72972972972974,674.5675675675676,192.83783783783787,185,2,2024
48,Bizkaia,48075,Orozko,548.390625,449.984375,637.703125,187.71875,64,2,2024
46,Valencia/Valéncia,46014,Albuixech,548.3762376237623,438.8514851485148,674.7128712871287,235.86138613861385,202,2,2024
45,Toledo,45205,Yuncos,548.1792452830189,439.39622641509436,630.7452830188679,191.34905660377353,636,2,2024
46,Valencia/Valéncia,46186,Paiporta,548.0309423347398,445.943741209564,655.0014064697609,209.05766526019693,1422,2,2024
17,Girona,17159,Sant Feliu de Buixalleu,548.0,492.0,750.0,258.0,35,1,2024
08,Barcelona,08278,Taradell,547.6504424778761,444.36504424778764,692.1349557522124,247.76991150442473,452,2,2024
29,Málaga,29005,Algarrobo,547.2490706319703,456.92193308550185,694.8810408921933,237.9591078066914,269,2,2024
03,Alicante,03078,Hondón de los Frailes,547.0,412.0,782.0,370.0,24,1,2024
17,Girona,17067,Flaçà,546.9387755102041,430.51020408163265,668.3673469387755,237.8571428571429,98,2,2024
47,Valladolid,47133,Renedo de Esgueva,545.96875,454.6875,648.5,193.8125,64,2,2024
04,Almería,04013,Almería,545.1386785960083,421.5326909841707,660.8668272539574,239.33413626978665,8718,2,2024
46,Valencia/Valéncia,46193,Picanya,545.0174825174826,439.7307692307692,713.8601398601398,274.1293706293706,572,2,2024
43,Tarragona,43090,"Montmell, El",545.0,400.0,673.0,273.0,46,1,2024
43,Tarragona,43074,Llorenç del Penedès,544.6666666666666,431.48148148148147,647.7407407407408,216.2592592592593,108,2,2024
03,Alicante,03121,Santa Pola,544.5043798985707,443.23835869064084,645.9585062240664,202.72014753342552,2169,2,2024
46,Valencia/Valéncia,46009,Albalat dels Sorells,544.2828947368421,445.94736842105266,671.4144736842105,225.46710526315786,152,2,2024
29,Málaga,29011,Almogía,544.0,383.0,662.0,279.0,34,1,2024
40,Segovia,40113,"Losa, La",544.0,430.0,729.0,299.0,22,1,2024
17,Girona,17074,Fortià,544.0,444.0,756.0,312.0,16,1,2024
43,Tarragona,43153,Torredembarra,543.9017912291538,453.47621988882025,659.2075355157505,205.7313156269302,1619,2,2024
28,Madrid,28122,Ribatejada,543.8666666666667,425.8,683.6,257.8,30,2,2024
36,Pontevedra,36057,Vigo,543.6912903506483,441.3912816496998,666.3717480205343,224.98046637083445,22986,2,2024
38,Santa Cruz de Tenerife,38023,San Cristóbal de La Laguna,543.3849337748344,426.41004415011037,681.4627483443709,255.0527041942605,10872,2,2024
43,Tarragona,43092,Mont-roig del Camp,543.0917992656059,446.2105263157895,644.0330477356181,197.8225214198286,817,2,2024
48,Bizkaia,48060,Markina-Xemein,543.0,479.0,599.0,120.0,149,1,2024
08,Barcelona,08067,Centelles,543.0,438.8888888888889,649.6666666666666,210.77777777777771,585,2,2024
07,"Balears, Illes",07037,"Mercadal, Es",542.9141414141415,449.0656565656566,679.8434343434343,230.77777777777771,396,2,2024
07,"Balears, Illes",07033,Manacor,542.8710266715382,412.0789185239313,719.7237851662404,307.6448666423091,2737,2,2024
17,Girona,17092,Llançà,542.7354368932039,420.32766990291265,639.1650485436893,218.83737864077665,412,2,2024
35,"Palmas, Las",35001,Agaete,542.6720647773279,400.0,684.663967611336,284.66396761133603,247,2,2024
28,Madrid,28156,Valdeavero,542.3831775700935,442.85046728971963,656.6915887850467,213.84112149532712,107,2,2024
14,Córdoba,14021,Córdoba,542.3827414147344,449.30261226885824,680.5409451130026,231.2383328441444,13628,2,2024
17,Girona,17016,Bàscara,542.3529411764706,422.94117647058823,668.3529411764706,245.41176470588238,68,2,2024
17,Girona,17081,Gualta,542.0,250.0,1005.0,755.0,10,1,2024
29,Málaga,29042,Coín,541.6812609457093,422.0910683012259,700.4518388791594,278.36077057793347,571,2,2024
17,Girona,17190,Serinyà,541.5,417.5,644.0,226.5,56,2,2024
19,Guadalajara,19300,Valdeaveruelo,541.3461538461538,391.65384615384613,738.9615384615385,347.3076923076923,52,2,2024
39,Cantabria,39052,Piélagos,540.9180327868852,448.87540983606556,676.1377049180328,227.26229508196724,1220,2,2024
43,Tarragona,43905,Salou,540.6839273705447,441.85944855413584,658.567585743107,216.70813718897114,2974,2,2024
46,Valencia/Valéncia,46007,Albal,540.3522867737948,443.655129789864,641.7058096415327,198.0506798516687,809,2,2024
25,Lleida,25179,Prullans,540.0,429.0,629.0,200.0,12,1,2024
24,León,24163,Sariegos,539.7478260869565,418.60869565217394,642.1739130434783,223.56521739130432,115,2,2024
46,Valencia/Valéncia,46126,Foios,539.6402877697842,444.98800959232614,644.9952038369305,200.00719424460436,417,2,2024
08,Barcelona,08137,Montseny,539.4285714285714,442.57142857142856,725.2857142857143,282.7142857142858,49,2,2024
38,Santa Cruz de Tenerife,38020,Güímar,539.1020408163265,441.0834879406308,669.669758812616,228.58627087198522,1078,2,2024
31,Navarra,31232,Tudela,538.6785260482847,416.20965692503177,628.4002541296061,212.19059720457432,1574,2,2024
35,"Palmas, Las",35003,Antigua,538.618398637138,438.8415672913118,685.0477001703578,246.20613287904598,587,2,2024
17,Girona,17089,Llagostera,538.2054794520548,420.291095890411,664.1198630136986,243.8287671232876,584,2,2024
08,Barcelona,08094,"Granada, La",537.873417721519,421.5189873417722,725.0506329113924,303.53164556962025,79,2,2024
07,"Balears, Illes",07022,Felanitx,537.8362068965517,411.8175287356322,785.1135057471264,373.2959770114942,1392,2,2024
15,"Coruña, A",15030,"Coruña, A",537.5163636363636,432.46,663.3872727272727,230.92727272727274,25300,2,2024
42,Soria,42173,Soria,537.4855190367718,437.31988285063454,649.0068337129841,211.68695086234953,3073,2,2024
17,Girona,17180,Santa Coloma de Farners,537.4618395303327,448.5988258317025,644.9119373776908,196.3131115459883,1022,2,2024
17,Girona,17117,Palafrugell,537.4117647058823,442.73949579831935,658.5546218487395,215.8151260504202,1428,2,2024
28,Madrid,28030,"Cabrera, La",537.3770491803278,433.2295081967213,652.5573770491803,219.327868852459,183,2,2024
48,Bizkaia,48091,Atxondo,537.0,501.0,562.0,61.0,21,1,2024
11,Cádiz,11014,Conil de la Frontera,536.4880382775119,427.2918660287081,697.0047846889952,269.7129186602871,418,2,2024
08,Barcelona,08102,Igualada,536.4239973036738,433.61846983485003,640.25783619818,206.63936636333,2967,2,2024
35,"Palmas, Las",35018,San Bartolomé,536.3228915662651,450.0,650.2795180722892,200.2795180722892,1660,2,2024
45,Toledo,45052,Cobisa,536.2898550724638,445.3768115942029,701.2028985507246,255.82608695652175,69,2,2024
39,Cantabria,39048,Penagos,536.1428571428571,382.14285714285717,673.7142857142857,291.5714285714285,42,2,2024
46,Valencia/Valéncia,46207,Rafelbuñol/Rafelbunyol,536.0777576853526,435.75226039783,643.8047016274865,208.05244122965644,553,2,2024
20,Gipuzkoa,20008,Amezketa,536.0,451.0,630.0,179.0,36,1,2024
48,Bizkaia,48073,Ondarroa,536.0,477.0,600.0,123.0,184,1,2024
02,Albacete,02003,Albacete,535.3825791629208,448.6486864449106,647.3169513535112,198.66826490860058,10011,2,2024
41,Sevilla,41086,San Juan de Aznalfarache,535.2816,426.1488,680.2608,254.11200000000002,1250,2,2024
08,Barcelona,08004,Alpens,535.0,276.0,825.0,549.0,12,1,2024
17,Girona,17065,Esponellà,535.0,414.0,996.0,582.0,13,1,2024
45,Toledo,45199,"Viso de San Juan, El",534.8897338403042,432.1216730038023,633.8403041825095,201.7186311787072,263,2,2024
23,Jaén,23038,"Guardia de Jaén, La",534.671052631579,398.36842105263156,675.5921052631579,277.22368421052636,76,2,2024
15,"Coruña, A",15058,Oleiros,534.6016122189224,415.17098005939755,723.6567670767926,308.485787017395,2357,2,2024
38,Santa Cruz de Tenerife,38043,Tacoronte,534.4873501997337,409.1717709720373,678.8015978695073,269.62982689747,751,2,2024
43,Tarragona,43137,Sant Jaume dels Domenys,534.4727272727273,428.7090909090909,675.3454545454546,246.63636363636368,110,2,2024
37,Salamanca,37067,Cabrerizos,534.3913043478261,443.9130434782609,630.9478260869565,187.03478260869565,115,2,2024
28,Madrid,28902,Puentes Viejas,534.0,400.0,609.0,209.0,56,1,2024
39,Cantabria,39016,Camargo,533.929889298893,450.0,634.6346863468634,184.63468634686342,1355,2,2024
28,Madrid,28033,Campo Real,533.7007874015748,451.71259842519686,668.9192913385826,217.20669291338578,508,2,2024
39,Cantabria,39030,Guriezo,533.6666666666666,449.6666666666667,664.6666666666666,214.99999999999994,42,2,2024
29,Málaga,29061,Istán,533.2413793103449,416.82758620689657,1007.551724137931,590.7241379310344,29,2,2024
40,Segovia,40901,Ortigosa del Monte,533.0,391.0,759.0,368.0,20,1,2024
43,Tarragona,43011,Almoster,533.0,442.0,776.0,334.0,13,1,2024
08,Barcelona,08164,"Pla del Penedès, El",532.6506024096385,422.90361445783134,681.2289156626506,258.32530120481925,83,2,2024
47,Valladolid,47186,Valladolid,532.6033884182752,450.0,635.9952784335509,185.99527843355088,21603,2,2024
17,Girona,17047,Castelló d'Empúries,532.5976845151954,420.6946454413893,662.1591895803184,241.4645441389291,691,2,2024
08,Barcelona,08037,Calldetenes,532.5786163522013,430.79245283018867,640.9056603773585,210.1132075471698,159,2,2024
17,Girona,17211,Verges,532.4,356.5,661.24,304.74,50,2,2024
41,Sevilla,41010,Almensilla,532.3564356435644,407.4257425742574,720.9108910891089,313.48514851485146,101,2,2024
17,Girona,17220,Viladrau,532.1728395061729,417.3333333333333,723.0617283950618,305.72839506172846,81,2,2024
03,Alicante,03006,Alcalalí,532.0,400.0,727.0,327.0,40,1,2024
03,Alicante,03081,Xaló,531.625,376.0416666666667,734.3125,358.2708333333333,144,2,2024
39,Cantabria,39062,Ribamontán al Monte,531.40625,419.0625,638.203125,219.140625,64,2,2024
45,Toledo,45201,Yeles,530.5769230769231,448.23846153846154,630.1153846153846,181.8769230769231,520,2,2024
43,Tarragona,43126,"Riera de Gaià, La",530.4615384615385,403.6923076923077,634.4615384615385,230.76923076923077,65,2,2024
30,Murcia,30027,Molina de Segura,530.2949852507375,417.4778761061947,665.0176991150443,247.53982300884957,2373,2,2024
08,Barcelona,08232,Sant Pere de Riudebitlles,530.1818181818181,450.0,640.8181818181819,190.81818181818187,154,2,2024
17,Girona,17095,Lloret de Mar,530.1359894632861,439.6657886071781,665.8412907474482,226.17550214027005,3037,2,2024
43,Tarragona,43024,Bellvei,530.0,383.0,688.0,305.0,90,2,2024
28,Madrid,28111,Pezuela de las Torres,530.0,400.0,643.0,243.0,15,1,2024
46,Valencia/Valéncia,46032,Almàssera,529.595567867036,431.3296398891967,692.1218836565097,260.792243767313,361,2,2024
01,Araba/Álava,01901,Iruña Oka/Iruña de Oca,529.457627118644,458.59322033898303,684.3559322033898,225.76271186440675,59,2,2024
46,Valencia/Valéncia,46177,Museros,529.4483568075117,433.34037558685446,641.0211267605633,207.68075117370887,426,2,2024
03,Alicante,03069,Finestrat,529.080459770115,434.667816091954,663.1218390804597,228.4540229885057,870,2,2024
46,Valencia/Valéncia,46010,Albalat dels Tarongers,529.0,393.0,686.0,293.0,32,1,2024
19,Guadalajara,19160,Loranca de Tajuña,529.0,438.0,650.0,212.0,38,1,2024
48,Bizkaia,48072,Otxandio,529.0,449.0,558.0,109.0,22,1,2024
41,Sevilla,41021,Camas,528.7708779443254,444.8779443254818,637.3361884368309,192.45824411134907,1401,2,2024
25,Lleida,25185,Ribera d'Urgellet,528.1304347826087,445.7391304347826,643.1304347826087,197.39130434782612,23,2,2024
08,Barcelona,08103,Jorba,527.9,421.1,639.8,218.69999999999993,40,2,2024
07,"Balears, Illes",07062,Son Servera,527.7815764482431,442.2108262108262,695.8404558404559,253.62962962962968,1053,2,2024
17,Girona,17140,"Port de la Selva, El",527.75,417.75,705.75,288.0,92,2,2024
17,Girona,17155,Salt,527.5669764898852,437.3242208857299,641.8370694368507,204.51284855112078,1829,2,2024
19,Guadalajara,19105,Chiloeches,527.2702702702703,444.86486486486484,647.1891891891892,202.32432432432432,185,2,2024
47,Valladolid,47023,Boecillo,527.1125827814569,440.72847682119203,618.5827814569536,177.8543046357616,151,2,2024
48,Bizkaia,48041,Gautegiz Arteaga,527.0,516.0,564.0,48.0,10,1,2024
48,Bizkaia,48906,Forua,527.0,462.0,591.0,129.0,13,1,2024
18,Granada,18017,Almuñécar,526.5717761557178,406.60989456609894,673.8726682887267,267.26277372262774,1233,2,2024
46,Valencia/Valéncia,46094,Catarroja,526.505859375,417.546875,650.0,232.453125,1536,2,2024
17,Girona,17027,Breda,526.3287671232877,419.7260273972603,653.2191780821918,233.4931506849315,365,2,2024
07,"Balears, Illes",07043,Porreres,526.1198738170347,414.55835962145113,700.0,285.44164037854887,317,2,2024
45,Toledo,45107,Nambroca,526.0434782608696,420.6521739130435,599.5597826086956,178.90760869565213,184,2,2024
09,Burgos,09059,Burgos,525.3370547581073,449.57868155236577,616.5840864788233,167.00540492645757,11286,2,2024
11,Cádiz,11020,Jerez de la Frontera,525.2692307692307,421.1255656108597,672.316742081448,251.19117647058823,6188,2,2024
46,Valencia/Valéncia,46260,Vinalesa,525.1917808219179,411.972602739726,656.5068493150685,244.53424657534248,146,2,2024
09,Burgos,09301,Quintanilla Vivar,525.0,320.0,614.0,294.0,15,1,2024
50,Zaragoza,50193,Nuez de Ebro,525.0,369.0,639.0,270.0,16,1,2024
48,Bizkaia,48017,Bermeo,525.0,457.0,600.0,143.0,560,1,2024
09,Burgos,09074,Cardeñajimeno,525.0,450.0,687.0,237.0,24,1,2024
43,Tarragona,43109,"Pobla de Mafumet, La",525.0,449.0,600.0,151.0,238,1,2024
19,Guadalajara,19124,Fuentenovilla,525.0,412.0,650.0,238.0,16,1,2024
09,Burgos,09907,Alfoz de Quintanadueñas,524.65,431.7875,593.825,162.03750000000002,80,2,2024
46,Valencia/Valéncia,46165,Massanassa,524.4791666666666,420.2083333333333,656.8541666666666,236.64583333333331,576,2,2024
42,Soria,42095,Golmayo,524.3801652892562,428.40495867768595,606.1157024793389,177.71074380165294,121,2,2024
38,Santa Cruz de Tenerife,38041,"Sauzal, El",524.3783783783783,419.72972972972974,752.6756756756756,332.9459459459459,222,2,2024
48,Bizkaia,48026,Dima,524.3478260869565,369.39130434782606,623.695652173913,254.30434782608694,23,2,2024
17,Girona,17214,Vilabertran,524.0,445.3125,654.375,209.0625,32,2,2024
35,"Palmas, Las",35015,Pájara,523.8790820829656,446.11385701676966,656.6372462488968,210.5233892321271,1133,2,2024
17,Girona,17124,Pals,523.780487804878,466.6463414634146,758.0487804878048,291.4024390243902,82,2,2024
46,Valencia/Valéncia,46166,Meliana,523.7387387387388,421.6702702702703,650.3027027027027,228.63243243243244,555,2,2024
45,Toledo,45023,Burguillos de Toledo,523.6306306306307,436.7927927927928,651.2612612612612,214.46846846846842,111,2,2024
08,Barcelona,08064,Castellterçol,523.2558139534884,408.56976744186045,648.3604651162791,239.79069767441865,258,2,2024
43,Tarragona,43145,"Selva del Camp, La",523.2463768115942,428.4154589371981,630.5507246376811,202.13526570048305,207,2,2024
28,Madrid,28012,Anchuelo,523.1818181818181,423.8181818181818,621.4545454545455,197.63636363636368,66,2,2024
17,Girona,17041,Cantallops,523.0,400.0,599.0,199.0,11,1,2024
30,Murcia,30030,Murcia,522.6931949250288,413.54094579008074,653.3217993079585,239.78085351787774,21675,2,2024
29,Málaga,29091,Torrox,522.6603139013453,422.0257847533632,675.3587443946188,253.33295964125563,892,2,2024
43,Tarragona,43020,Banyeres del Penedès,522.5912408759124,431.021897810219,669.8029197080292,238.7810218978102,137,2,2024
45,Toledo,45119,Numancia de la Sagra,522.5308641975308,415.91358024691357,620.2870370370371,204.3734567901235,324,2,2024
50,Zaragoza,50219,"Puebla de Alfindén, La",522.3021582733813,430.7985611510791,602.1007194244604,171.30215827338128,417,2,2024
17,Girona,17223,Vilajuïga,521.4,369.8,617.2,247.40000000000003,65,2,2024
47,Valladolid,47076,Laguna de Duero,521.1021233569262,451.2335692618807,591.6531850353892,140.41961577350855,989,2,2024
46,Valencia/Valéncia,46074,Bonrepòs i Mirambell,521.08,442.52,631.02,188.5,200,2,2024
46,Valencia/Valéncia,46220,Sagunto/Sagunt,520.9417149832163,420.49130302105584,669.6521208422338,249.16081782117794,3277,2,2024
36,Pontevedra,36003,Baiona,520.5566298342542,415.4986187845304,687.9033149171271,272.4046961325967,724,2,2024
17,Girona,17207,"Vall d'en Bas, La",520.3440860215054,409.38709677419354,667.9569892473119,258.56989247311833,186,2,2024
17,Girona,17139,"Preses, Les",520.34375,373.515625,682.984375,309.46875,64,2,2024
11,Cádiz,11028,Puerto Real,520.1421052631579,431.6657894736842,618.7368421052631,187.07105263157894,1140,2,2024
28,Madrid,28091,Morata de Tajuña,520.044776119403,400.0,628.7164179104477,228.71641791044772,402,2,2024
48,Bizkaia,48018,Berriatua,520.0,499.0,563.0,64.0,33,1,2024
03,Alicante,03026,Beniarbeig,519.8119658119658,433.7435897435897,669.3589743589744,235.61538461538464,117,2,2024
11,Cádiz,11032,Sanlúcar de Barrameda,519.3085621970921,411.87399030694667,713.2245557350566,301.3505654281099,1238,2,2024
50,Zaragoza,50272,Utebo,519.0494699646644,447.1660777385159,620.5795053003534,173.41342756183747,1132,2,2024
20,Gipuzkoa,20062,Ormaiztegi,519.0,501.0,618.0,117.0,38,1,2024
50,Zaragoza,50182,"Muela, La",518.7247278382582,439.0248833592535,587.4494556765163,148.4245723172628,643,2,2024
41,Sevilla,41081,"Rinconada, La",518.432364096081,444.4576485461441,630.7206068268015,186.26295828065736,791,2,2024
28,Madrid,28008,Aldea del Fresno,518.2564102564103,441.02564102564105,660.6923076923077,219.66666666666669,117,2,2024
46,Valencia/Valéncia,46164,Massamagrell,517.8907242693774,416.99364675984754,628.6251588310038,211.63151207115624,787,2,2024
17,Girona,17199,Torroella de Montgrí,517.7667044167611,418.00679501698755,634.8131370328426,216.80634201585508,883,2,2024
04,Almería,04052,Huércal de Almería,517.6490066225166,400.0,605.6291390728477,205.6291390728477,302,2,2024
08,Barcelona,08224,Sant Martí de Centelles,517.3451327433628,441.85840707964604,652.787610619469,210.92920353982294,113,2,2024
08,Barcelona,08292,Vallbona d'Anoia,516.7096774193549,359.5806451612903,656.516129032258,296.93548387096774,62,2,2024
43,Tarragona,43178,Vinyols i els Arcs,516.4745762711865,443.79661016949154,636.4745762711865,192.67796610169495,118,2,2024
28,Madrid,28028,Bustarviejo,516.3470319634703,419.4931506849315,624.6575342465753,205.16438356164383,219,2,2024
17,Girona,17114,Olot,516.3438775510205,407.7448979591837,614.8836734693878,207.13877551020408,2940,2,2024
35,"Palmas, Las",35026,Telde,516.0048770575087,440.0121926437716,639.9817110343427,199.96951839057107,4921,2,2024
28,Madrid,28174,Villamanta,516.0,456.8,674.8,217.99999999999994,110,2,2024
25,Lleida,25120,Lleida,515.6917613636364,423.8441051136364,634.2732599431819,210.4291548295455,11264,2,2024
38,Santa Cruz de Tenerife,38026,"Orotava, La",515.4898499558693,405.5216240070609,675.4377758164165,269.91615180935565,1133,2,2024
37,Salamanca,37274,Salamanca,515.4729391577894,427.93250875813254,631.351254736541,203.41874597840848,13987,2,2024
41,Sevilla,41004,Alcalá de Guadaíra,515.3540372670808,426.97910784867304,607.4545454545455,180.47543760587246,1771,2,2024
17,Girona,17083,Hostalric,515.3424657534247,412.05479452054794,635.2054794520548,223.15068493150682,365,2,2024
41,Sevilla,41089,Santiponce,515.265306122449,429.14285714285717,626.9591836734694,197.81632653061223,196,2,2024
48,Bizkaia,48093,Areatza,515.0,452.0,648.0,196.0,37,1,2024
20,Gipuzkoa,20044,Ikaztegieta,515.0,496.0,591.0,95.0,13,1,2024
01,Araba/Álava,01004,Artziniega,515.0,440.0,596.0,156.0,41,1,2024
35,"Palmas, Las",35002,Agüimes,514.9,414.3053191489362,623.9351063829787,209.6297872340425,1880,2,2024
46,Valencia/Valéncia,46021,Aldaia,514.1169451073986,405.71957040572795,628.381861575179,222.662291169451,1676,2,2024
08,Barcelona,08138,Moià,514.040072859745,418.02914389799633,627.6357012750456,209.60655737704923,549,2,2024
43,Tarragona,43171,Vila-seca,514.0332681017612,429.61252446183954,629.8356164383562,200.22309197651663,1533,2,2024
17,Girona,17001,Agullana,514.0,410.0,689.0,279.0,36,1,2024
28,Madrid,28095,Navalagamella,513.7284482758621,400.0,639.073275862069,239.07327586206895,232,2,2024
46,Valencia/Valéncia,46223,Sedaví,513.7154471544716,416.5264227642276,648.4878048780488,231.96138211382117,492,2,2024
17,Girona,17204,Ullà,513.5135135135135,380.9189189189189,634.081081081081,253.16216216216213,74,2,2024
26,"Rioja, La",26089,Logroño,513.3743870781656,419.88654937025285,611.174214017883,191.2876646476301,10401,2,2024
46,Valencia/Valéncia,46159,Manises,513.3312302839116,402.3318611987382,654.6611987381704,252.32933753943217,1585,2,2024
28,Madrid,28094,Navalafuente,513.2894736842105,378.8157894736842,614.1447368421053,235.3289473684211,152,2,2024
33,Asturias,33024,Gijón,513.203681472589,440.2200880352141,622.7402961184474,182.52020808323334,19992,2,2024
43,Tarragona,43123,Reus,512.6051514708034,419.33850431728376,627.4185570027806,208.08005268549687,6833,2,2024
38,Santa Cruz de Tenerife,38046,Tegueste,512.3031674208145,412.3981900452489,663.3484162895927,250.9502262443438,442,2,2024
39,Cantabria,39035,Laredo,512.1344537815127,424.84593837535016,614.6778711484594,189.83193277310926,357,2,2024
17,Girona,17091,Llanars,512.0,399.0,724.0,325.0,26,1,2024
42,Soria,42149,"Rábanos, Los",512.0,366.0,700.0,334.0,12,1,2024
40,Segovia,40072,Encinillas,512.0,290.0,612.0,322.0,17,1,2024
08,Barcelona,08213,Sant Fruitós de Bages,511.9870801033592,426.64599483204137,653.922480620155,227.2764857881137,387,2,2024
08,Barcelona,08127,Monistrol de Montserrat,511.6216216216216,404.81081081081084,625.7657657657658,220.95495495495493,222,2,2024
37,Salamanca,37117,Doñinos de Salamanca,511.2,385.4,611.4,226.0,60,2,2024
03,Alicante,03107,Polop,511.0068493150685,410.5068493150685,654.1095890410959,243.60273972602738,292,2,2024
48,Bizkaia,48074,Urduña/Orduña,511.0,436.0,567.0,131.0,125,1,2024
46,Valencia/Valéncia,46237,Tavernes Blanques,510.6605504587156,412.1926605504587,658.0917431192661,245.8990825688074,436,2,2024
17,Girona,17019,Besalú,510.5405405405405,429.8540540540541,627.1243243243243,197.27027027027026,185,2,2024
35,"Palmas, Las",35006,Arucas,510.4046844502277,424.24202992843203,638.4866623292128,214.24463240078074,1537,2,2024
20,Gipuzkoa,20056,Mutriku,510.30150753768845,463.7889447236181,603.3065326633166,139.5175879396985,199,2,2024
46,Valencia/Valéncia,46054,Benetússer,510.2429906542056,419.5514018691589,637.8598130841121,218.30841121495325,856,2,2024
08,Barcelona,08199,Sant Bartomeu del Grau,510.0,419.0,708.0,289.0,17,1,2024
08,Barcelona,08174,Puigdàlber,510.0,352.0,783.0,431.0,20,1,2024
08,Barcelona,08038,Callús,509.8723404255319,405.1276595744681,617.063829787234,211.9361702127659,94,2,2024
28,Madrid,28062,Garganta de los Montes,509.8709677419355,368.38709677419354,969.3548387096774,600.9677419354839,31,2,2024
39,Cantabria,39076,Santillana del Mar,509.81481481481484,392.74074074074076,616.6296296296297,223.8888888888889,54,2,2024
36,Pontevedra,36038,Pontevedra,509.5079944386514,421.4586374695864,626.0820298922489,204.6233924226625,5754,2,2024
50,Zaragoza,50209,Pinseque,509.21965317919074,427.1791907514451,618.878612716763,191.69942196531787,173,2,2024
46,Valencia/Valéncia,46140,Guardamar de la Safor,509.0,420.0,650.0,230.0,25,1,2024
50,Zaragoza,50017,Alfajarín,509.0,400.0,699.0,299.0,62,1,2024
21,Huelva,21041,Huelva,508.9155572461012,429.2580829212628,619.1570939520731,189.89901103081024,5258,2,2024
46,Valencia/Valéncia,46148,Loriguilla,508.875,442.39285714285717,627.2589285714286,184.8660714285714,112,2,2024
38,Santa Cruz de Tenerife,38025,"Matanza de Acentejo, La",508.64233576642334,403.036496350365,645.3138686131387,242.27737226277367,274,2,2024
43,Tarragona,43103,Perafort,508.5593220338983,424.5762711864407,583.0847457627119,158.50847457627123,59,2,2024
41,Sevilla,41085,Salteras,508.33962264150944,445.4025157232704,637.9496855345911,192.5471698113207,159,2,2024
46,Valencia/Valéncia,46005,Alaquàs,508.24386920980925,421.5817438692098,604.3474114441417,182.7656675749319,1468,2,2024
03,Alicante,03041,Benissa,508.0498866213152,382.2562358276644,680.6122448979592,298.35600907029476,441,2,2024
50,Zaragoza,50285,Villafranca de Ebro,508.0,350.0,651.0,301.0,22,1,2024
28,Madrid,28136,Santorcaz,508.0,426.7826086956522,625.4782608695652,198.69565217391306,46,2,2024
46,Valencia/Valéncia,46194,Picassent,507.8822447102116,409.0726770929163,633.6154553817847,224.54277828886842,1087,2,2024
08,Barcelona,08122,Mediona,507.85185185185185,386.3259259259259,671.0370370370371,284.71111111111117,135,2,2024
45,Toledo,45183,"Ventas de Retamosa, Las",507.81052631578945,399.93684210526317,596.421052631579,196.4842105263158,190,2,2024
45,Toledo,45016,Argés,507.7688888888889,443.1111111111111,614.6666666666666,171.55555555555554,225,2,2024
39,Cantabria,39008,"Astillero, El",507.384,441.761,606.777,165.01600000000002,1000,2,2024
08,Barcelona,08218,Sant Joan de Vilatorrada,507.1458333333333,414.4916666666667,631.6291666666667,217.13750000000005,480,2,2024
11,Cádiz,11007,Barbate,506.90452261306535,400.0,633.1155778894472,233.1155778894472,199,2,2024
28,Madrid,28171,Villa del Prado,506.86725663716817,405.3362831858407,588.2743362831858,182.93805309734506,339,2,2024
45,Toledo,45132,Pepino,506.7894736842105,340.7894736842105,692.7631578947369,351.97368421052636,38,2,2024
17,Girona,17152,Roses,506.69077134986225,413.7947658402204,633.4772727272727,219.68250688705234,1452,2,2024
22,Huesca,22130,Jaca,506.37168141592923,429.7787610619469,606.7486725663717,176.96991150442483,1130,2,2024
35,"Palmas, Las",35010,Haría,506.3139931740614,428.15699658703073,658.4505119453925,230.29351535836173,293,2,2024
08,Barcelona,08065,Castellví de la Marca,506.2962962962963,327.037037037037,686.3703703703703,359.3333333333333,54,2,2024
43,Tarragona,43095,"Morell, El",506.27705627705626,393.72294372294374,607.5454545454545,213.82251082251076,231,2,2024
17,Girona,17018,Bellcaire d'Empordà,506.1818181818182,443.4,706.4909090909091,263.0909090909091,55,2,2024
08,Barcelona,08113,Manresa,505.6518828451883,408.0786610878661,618.5682008368201,210.48953974895397,5975,2,2024
17,Girona,17165,Sant Jaume de Llierca,505.6190476190476,419.8095238095238,589.1904761904761,169.38095238095235,42,2,2024
35,"Palmas, Las",35004,Arrecife,505.53344275748873,416.1838325810423,625.5153877718507,209.3315551908084,4874,2,2024
28,Madrid,28019,Belmonte de Tajo,505.41333333333336,397.8933333333333,598.6666666666666,200.7733333333333,75,2,2024
18,Granada,18068,Dílar,505.0,292.0,907.0,615.0,36,1,2024
08,Barcelona,08116,"Masies de Roda, Les",505.0,352.0,685.0,333.0,14,1,2024
20,Gipuzkoa,20023,Berrobi,505.0,471.0,549.0,78.0,18,1,2024
43,Tarragona,43160,Vallmoll,505.0,413.0,580.0,167.0,38,2,2024
43,Tarragona,43166,Vilallonga del Camp,504.9655172413793,421.5344827586207,596.1379310344828,174.6034482758621,116,2,2024
04,Almería,04064,Mojácar,504.94736842105266,382.8092105263158,647.4144736842105,264.60526315789474,304,2,2024
45,Toledo,45019,Bargas,504.9462365591398,416.6666666666667,603.763440860215,187.09677419354836,651,2,2024
11,Cádiz,11031,San Fernando,504.82593457943926,406.51460280373834,613.4053738317757,206.89077102803736,3424,2,2024
07,"Balears, Illes",07002,Alaior,504.67785234899327,408.6979865771812,627.51677852349,218.81879194630875,596,2,2024
45,Toledo,45064,Esquivias,504.6482213438735,397.67588932806325,638.7351778656126,241.05928853754938,253,2,2024
46,Valencia/Valéncia,46134,Gilet,504.64102564102564,412.8205128205128,692.8461538461538,280.025641025641,156,2,2024
17,Girona,17066,Figueres,504.49484536082474,427.9064801178203,612.6818851251841,184.77540500736376,4074,2,2024
39,Cantabria,39044,Miengo,504.1132075471698,434.33962264150944,609.2452830188679,174.90566037735846,371,2,2024
48,Bizkaia,48030,Etxebarria,504.0,450.0,592.0,142.0,10,1,2024
50,Zaragoza,50203,Pastriz,504.0,377.0,662.0,285.0,37,1,2024
11,Cádiz,11015,Chiclana de la Frontera,503.5056179775281,422.4463738508682,626.317671092952,203.87129724208376,1958,2,2024
46,Valencia/Valéncia,46022,Alfafar,503.1599297012302,397.27592267135327,610.8453427065026,213.56942003514934,1138,2,2024
17,Girona,17022,"Bisbal d'Empordà, La",503.0240202275601,400.0,593.0973451327434,193.09734513274338,791,2,2024
18,Granada,18021,Armilla,502.72065955383124,406.77982541222116,616.4461687681862,209.66634335596507,2062,2,2024
03,Alicante,03077,"Fondó de les Neus, el/Hondón de las Nieves",502.53333333333336,422.4222222222222,543.3777777777777,120.95555555555552,45,2,2024
37,Salamanca,37240,Pelabravo,502.3333333333333,340.77777777777777,626.6666666666666,285.88888888888886,45,2,2024
17,Girona,17042,Capmany,502.0,412.0,644.0,232.0,35,1,2024
09,Burgos,09023,Arcos,502.0,450.0,589.0,139.0,20,1,2024
47,Valladolid,47052,Cistérniga,501.97037037037035,429.30555555555554,564.1222222222223,134.81666666666672,540,2,2024
25,Lleida,25139,Montellà i Martinet,501.7368421052632,362.3421052631579,623.3947368421053,261.0526315789474,38,2,2024
31,Navarra,31041,Ayegui/Aiegi,501.7230769230769,417.46153846153845,568.4153846153846,150.95384615384614,65,2,2024
11,Cádiz,11008,"Barrios, Los",501.60642570281124,404.2570281124498,605.8734939759037,201.61646586345387,498,2,2024
38,Santa Cruz de Tenerife,38039,Santa Úrsula,501.3529411764706,387.8235294117647,665.6470588235294,277.8235294117647,850,2,2024
18,Granada,18036,Cájar,501.00401606425703,395.26104417670683,604.4176706827309,209.15662650602405,249,2,2024
01,Araba/Álava,01051,Agurain/Salvatierra,501.0,449.0,552.0,103.0,164,1,2024
20,Gipuzkoa,20054,Lizartza,501.0,401.0,597.0,196.0,23,1,2024
20,Gipuzkoa,20033,Elgeta,501.0,414.0,552.0,138.0,38,1,2024
48,Bizkaia,48021,Busturia,501.0,451.0,599.0,148.0,41,1,2024
20,Gipuzkoa,20078,Zaldibia,501.0,451.0,593.0,142.0,73,1,2024
43,Tarragona,43081,Maspujols,501.0,350.0,678.0,328.0,19,1,2024
20,Gipuzkoa,20025,Zegama,501.0,431.0,602.0,171.0,53,1,2024
01,Araba/Álava,01003,Aramaio,501.0,432.0,544.0,112.0,17,1,2024
19,Guadalajara,19022,Almonacid de Zorita,501.0,257.0,650.0,393.0,14,1,2024
40,Segovia,40112,"Lastrilla, La",500.89820359281435,406.4670658682635,603.0898203592815,196.622754491018,334,2,2024
08,Barcelona,08183,Roda de Ter,500.6040268456376,400.0,581.9910514541388,181.99105145413876,447,2,2024
18,Granada,18101,Huétor Vega,500.42541436464086,401.3922651933702,648.8950276243094,247.50276243093919,362,2,2024
11,Cádiz,11004,Algeciras,500.1975273953358,420.06181511660577,609.8763697667885,189.81455465018269,3559,2,2024
39,Cantabria,39085,Suances,500.19417475728153,423.4466019417476,585.1067961165048,161.66019417475724,412,2,2024
46,Valencia/Valéncia,46114,Domeño,500.0,377.0,597.0,220.0,21,1,2024
46,Valencia/Valéncia,46110,Xirivella,500.0,399.60073037127205,625.9981740718198,226.39744370054774,1643,2,2024
05,Ávila,05115,Maello,500.0,335.0,764.0,429.0,13,1,2024
35,"Palmas, Las",35022,Santa Lucía de Tirajana,500.0,399.3828798938288,608.0829462508294,208.70006635700065,4521,2,2024
38,Santa Cruz de Tenerife,38052,Vilaflor,500.0,351.0,675.0,324.0,29,1,2024
39,Cantabria,39041,Mazcuerras,500.0,400.0,607.0,207.0,27,1,2024
39,Cantabria,39023,Colindres,500.0,410.0,560.0,150.0,395,1,2024
03,Alicante,03062,Daya Vieja,500.0,367.0,517.0,150.0,11,1,2024
25,Lleida,25151,Olius,500.0,388.0,644.0,256.0,26,1,2024
38,Santa Cruz de Tenerife,38045,Tazacorte,500.0,407.91735537190084,635.5123966942149,227.59504132231405,121,2,2024
03,Alicante,03125,Senija,500.0,380.0,688.0,308.0,15,1,2024
29,Málaga,29092,Totalán,500.0,362.0,651.0,289.0,12,1,2024
19,Guadalajara,19152,Illana,500.0,298.0,762.0,464.0,16,1,2024
08,Barcelona,08206,Sant Cugat Sesgarrigues,500.0,400.0,652.0,252.0,23,1,2024
46,Valencia/Valéncia,46046,Barx,500.0,399.0,658.0,259.0,17,1,2024
08,Barcelona,08904,Badia del Vallès,500.0,430.0,625.0,195.0,61,1,2024
03,Alicante,03040,Benimeli,500.0,417.0,624.0,207.0,24,1,2024
22,Huesca,22127,Igriés,500.0,375.0,555.0,180.0,10,1,2024
09,Burgos,09906,Merindad de Río Ubierna,500.0,394.0,577.0,183.0,10,1,2024
09,Burgos,09434,Villagonzalo Pedernales,500.0,441.0,634.0,193.0,32,1,2024
17,Girona,17175,Sant Miquel de Fluvià,500.0,424.0,826.0,402.0,20,1,2024
14,Córdoba,14047,Obejo,500.0,425.0,550.0,125.0,39,1,2024
18,Granada,18119,Lecrín,500.0,275.0,602.0,327.0,17,1,2024
46,Valencia/Valéncia,46230,Silla,500.0,392.86407766990294,601.1866235167206,208.32254584681766,927,2,2024
45,Toledo,45086,Lucillos,500.0,320.0,686.0,366.0,11,1,2024
17,Girona,17060,Darnius,500.0,446.0,714.0,268.0,17,1,2024
01,Araba/Álava,01054,Urkabustaiz,500.0,444.0,543.0,99.0,41,1,2024
50,Zaragoza,50132,"Joyosa, La",500.0,450.0,603.0,153.0,26,1,2024
39,Cantabria,39024,Comillas,499.7912087912088,429.3956043956044,594.7142857142857,165.31868131868129,91,2,2024
38,Santa Cruz de Tenerife,38049,Valle Gran Rey,499.51851851851853,400.0,652.074074074074,252.07407407407402,216,2,2024
22,Huesca,22125,Huesca,499.44243932794024,417.4192076332711,600.5110972827214,183.09188964945025,4821,2,2024
17,Girona,17903,Sant Julià del Llor i Bonmatí,499.4318181818182,421.6931818181818,569.3181818181819,147.62500000000006,88,2,2024
03,Alicante,03129,Tibi,499.0769230769231,401.0769230769231,666.3076923076923,265.23076923076917,39,2,2024
31,Navarra,31149,Leitza,499.0,377.0,548.0,171.0,61,1,2024
26,"Rioja, La",26143,Sojuela,499.0,381.0,538.0,157.0,54,1,2024
31,Navarra,31183,Obanos,499.0,374.0,584.0,210.0,15,1,2024
43,Tarragona,43089,Montferri,499.0,322.0,603.0,281.0,12,1,2024
31,Navarra,31250,Bera,499.0,399.0,559.0,160.0,144,1,2024
43,Tarragona,43164,Vespella de Gaià,499.0,389.0,640.0,251.0,10,1,2024
33,Asturias,33044,Oviedo,498.7261132728059,404.0981409424989,601.5968439256377,197.4987029831388,18504,2,2024
38,Santa Cruz de Tenerife,38037,Santa Cruz de la Palma,498.6585365853659,393.2926829268293,630.6463414634146,237.35365853658533,820,2,2024
16,Cuenca,16078,Cuenca,498.16955684007706,396.9492614001285,600.0610147719974,203.11175337186893,3114,2,2024
07,"Balears, Illes",07902,"Migjorn Gran, Es",498.0561797752809,410.6741573033708,607.3033707865169,196.6292134831461,89,2,2024
40,Segovia,40155,Palazuelos de Eresma,497.93939393939394,429.6969696969697,589.8181818181819,160.12121212121218,297,2,2024
12,Castellón/Castelló,12040,Castellón de la Plana/Castelló de la Plana,497.5079403860249,392.55680430002445,600.097727827999,207.5409235279746,12279,2,2024
08,Barcelona,08017,Balenyà,497.2623574144487,397.80988593155894,608.4600760456274,210.65019011406844,263,2,2024
08,Barcelona,08182,"Pont de Vilomara i Rocafort, El",497.251572327044,390.5974842767296,599.7861635220125,209.18867924528297,159,2,2024
25,Lleida,25228,Torrefarrera,497.2336065573771,404.4467213114754,589.5040983606557,185.05737704918027,244,2,2024
47,Valladolid,47231,Zaratán,497.14285714285717,436.66585956416463,569.6101694915254,132.9443099273608,413,2,2024
03,Alicante,03139,"Villajoyosa/Vila Joiosa, la",496.8427309782609,394.2595108695652,612.6165081521739,218.3569972826087,2944,2,2024
45,Toledo,45180,Valmojado,496.61633663366337,415.53712871287127,611.6089108910891,196.0717821782178,404,2,2024
25,Lleida,25121,Les,496.59574468085106,442.51063829787233,748.4255319148937,305.91489361702133,47,2,2024
22,Huesca,22170,Panticosa,496.58666666666664,418.6,606.28,187.67999999999995,75,2,2024
32,Ourense,32058,"Pereiro de Aguiar, O",496.0,369.0,615.0,246.0,72,1,2024
15,"Coruña, A",15078,Santiago de Compostela,495.60189319521345,394.1944990176817,633.6295767101268,239.43507769244508,11198,2,2024
18,Granada,18084,Gójar,495.1158536585366,368.5975609756098,612.7256097560976,244.1280487804878,164,2,2024
46,Valencia/Valéncia,46172,Montserrat,494.52115812917594,390.66815144766144,590.4632516703787,199.79510022271722,449,2,2024
06,Badajoz,06015,Badajoz,494.4912220309811,404.5163511187608,589.4729776247849,184.95662650602412,8715,2,2024
38,Santa Cruz de Tenerife,38004,Arafo,494.4736842105263,407.54135338345867,672.3684210526316,264.8270676691729,133,2,2024
20,Gipuzkoa,20065,Soraluze-Placencia de las Armas,494.29357798165137,410.2477064220183,549.8440366972477,139.59633027522938,218,2,2024
28,Madrid,28125,Robledo de Chavela,493.5635593220339,373.89406779661016,647.4915254237288,273.5974576271187,236,2,2024
17,Girona,17189,"Cellera de Ter, La",493.3185840707965,369.46902654867256,625.9026548672566,256.43362831858406,113,2,2024
38,Santa Cruz de Tenerife,38018,"Guancha, La",493.2584269662921,375.6179775280899,684.8426966292135,309.2247191011236,89,2,2024
39,Cantabria,39061,Ribamontán al Mar,493.22033898305085,400.0,566.7118644067797,166.71186440677968,177,2,2024
29,Málaga,29066,Macharaviaya,493.0,362.0,929.0,567.0,10,1,2024
40,Segovia,40076,"Espinar, El",492.9347826086956,392.20652173913044,605.1521739130435,212.94565217391306,552,2,2024
29,Málaga,29015,Antequera,492.7171717171717,413.67676767676767,592.6414141414141,178.96464646464642,1188,2,2024
39,Cantabria,39040,Marina de Cudeyo,492.3333333333333,401.0,620.3333333333334,219.33333333333337,126,2,2024
28,Madrid,28052,Chinchón,492.2801724137931,409.35775862068965,623.2715517241379,213.91379310344826,232,2,2024
17,Girona,17039,Camprodon,492.1264367816092,391.4712643678161,624.7126436781609,233.24137931034483,174,2,2024
36,Pontevedra,36036,Oia,492.0,354.0,688.0,334.0,40,1,2024
26,"Rioja, La",26036,Calahorra,491.99740708729473,399.48141745894554,557.7579948141746,158.27657735522905,1157,2,2024
50,Zaragoza,50066,Cadrete,491.16129032258067,393.61290322580646,586.2903225806451,192.67741935483866,341,2,2024
08,Barcelona,08044,Capellades,491.13486842105266,395.5592105263158,608.9111842105264,213.35197368421058,304,2,2024
45,Toledo,45050,Ciruelos,491.0,400.0,570.0,170.0,46,1,2024
25,Lleida,25208,Soriguera,491.0,400.0,696.0,296.0,11,1,2024
40,Segovia,40094,Garcillán,491.0,396.0,535.0,139.0,26,1,2024
41,Sevilla,41058,Mairena del Alcor,490.8739946380697,416.5871313672922,611.7747989276139,195.1876675603217,373,2,2024
25,Lleida,25053,Benavent de Segrià,490.15,373.05,631.9,258.84999999999997,40,2,2024
19,Guadalajara,19286,Tórtola de Henares,490.0,302.0,597.0,295.0,45,1,2024
08,Barcelona,08262,Sant Vicenç de Castellet,489.8663967611336,383.7206477732793,597.3562753036438,213.63562753036445,741,2,2024
07,"Balears, Illes",07023,Ferreries,489.7477477477477,417.76126126126127,599.5360360360361,181.7747747747748,222,2,2024
38,Santa Cruz de Tenerife,38031,"Realejos, Los",489.696795398521,386.5554642563681,601.3278553820871,214.77239112571903,1217,2,2024
46,Valencia/Valéncia,46102,Quart de Poblet,489.5709090909091,394.9832727272727,598.7127272727273,203.7294545454546,1375,2,2024
18,Granada,18145,Ogíjares,489.38576158940396,417.32615894039736,609.4420529801324,192.11589403973505,604,2,2024
39,Cantabria,39005,Argoños,489.2894736842105,421.2631578947368,625.6315789473684,204.36842105263162,38,2,2024
38,Santa Cruz de Tenerife,38009,Breña Baja,489.2398921832884,408.3018867924528,604.8517520215634,196.54986522911054,371,2,2024
26,"Rioja, La",26084,Lardero,489.16971916971914,410.0732600732601,579.072039072039,168.99877899877896,819,2,2024
08,Barcelona,08143,Òdena,489.1654676258993,368.1294964028777,562.9712230215828,194.84172661870508,139,2,2024
23,Jaén,23050,Jaén,489.031827711073,397.5795692776825,599.6624737945492,202.08290451686673,5247,2,2024
24,León,24089,León,488.9814672556174,392.49347032840404,599.8225465719224,207.3290762435184,10414,2,2024
28,Madrid,28048,Corpa,488.63793103448273,423.2758620689655,665.8448275862069,242.56896551724134,58,2,2024
41,Sevilla,41098,Villanueva del Ariscal,488.4952380952381,396.22857142857146,585.3333333333334,189.10476190476192,105,2,2024
17,Girona,17030,Cabanes,487.85714285714283,361.14285714285717,605.0,243.85714285714283,35,2,2024
36,Pontevedra,36021,Gondomar,487.7978021978022,400.6021978021978,624.5978021978023,223.99560439560446,455,2,2024
17,Girona,17008,Anglès,487.07262569832403,400.5139664804469,594.2067039106146,193.69273743016765,358,2,2024
41,Sevilla,41015,Benacazón,487.0,431.0,570.0,139.0,102,1,2024
40,Segovia,40122,Marugán,487.0,325.0,693.0,368.0,20,1,2024
15,"Coruña, A",15008,Bergondo,486.48850574712645,348.7931034482759,753.735632183908,404.94252873563215,174,2,2024
29,Málaga,29039,Casabermeja,486.41975308641975,399.2716049382716,622.8395061728395,223.5679012345679,81,2,2024
35,"Palmas, Las",35023,Santa María de Guía de Gran Canaria,486.38814016172506,413.3935309973046,606.2614555256065,192.8679245283019,371,2,2024
19,Guadalajara,19331,Yunquera de Henares,486.1993670886076,406.4873417721519,576.503164556962,170.0158227848101,316,2,2024
29,Málaga,29045,Cómpeta,485.89285714285717,352.375,716.1964285714286,363.82142857142856,56,2,2024
03,Alicante,03065,Elche/Elx,485.5198416625433,400.0,609.3622958931222,209.36229589312222,10105,2,2024
09,Burgos,09219,Miranda de Ebro,485.45497630331755,399.4312796208531,556.1232227488151,156.69194312796202,1688,2,2024
35,"Palmas, Las",35017,Puerto del Rosario,485.0748838480459,400.0,592.8075977042907,192.80759770429074,3659,2,2024
43,Tarragona,43172,Vilaverd,485.0,375.0,568.0,193.0,10,1,2024
46,Valencia/Valéncia,46188,Palmera,484.22222222222223,356.44444444444446,663.4444444444445,307.0,45,2,2024
45,Toledo,45041,Casarrubios del Monte,484.1715328467153,408.1094890510949,598.4726277372263,190.36313868613138,548,2,2024
17,Girona,17185,Sant Joan les Fonts,484.09090909090907,365.27272727272725,571.0,205.72727272727275,176,2,2024
39,Cantabria,39054,Polanco,484.05940594059405,398.9306930693069,604.0,205.06930693069307,202,2,2024
19,Guadalajara,19006,Albalate de Zorita,484.0,300.0,619.0,319.0,39,1,2024
03,Alicante,03012,Algorfa,483.6825396825397,376.25396825396825,619.031746031746,242.77777777777777,63,2,2024
46,Valencia/Valéncia,46176,Montroy,483.64912280701753,379.5964912280702,611.8947368421053,232.29824561403512,114,2,2024
35,"Palmas, Las",35030,Tuineje,483.4905437352246,401.36524822695037,595.5082742316785,194.14302600472809,846,2,2024
08,Barcelona,08053,Castellbell i el Vilar,483.4742857142857,373.93142857142857,588.2171428571429,214.28571428571433,175,2,2024
43,Tarragona,43016,"Arboç, L'",483.3502538071066,387.2690355329949,573.4314720812183,186.1624365482234,394,2,2024
05,Ávila,05019,Ávila,483.3225806451613,402.81168265039236,573.090235396687,170.27855274629468,4588,2,2024
28,Madrid,28168,"Vellón, El",483.2730923694779,398.5100401606426,595.7429718875502,197.23293172690762,249,2,2024
38,Santa Cruz de Tenerife,38024,"Llanos de Aridane, Los",483.25581395348837,391.86046511627904,613.4651162790698,221.60465116279073,860,2,2024
03,Alicante,03138,"Verger, el",483.08653846153845,376.72115384615387,638.1634615384615,261.4423076923077,208,2,2024
43,Tarragona,43161,Valls,483.01106500691566,404.16874135546334,566.716459197787,162.54771784232366,1446,2,2024
45,Toledo,45157,Santa Cruz del Retamar,482.74590163934425,375.24590163934425,628.7540983606557,253.50819672131144,122,2,2024
38,Santa Cruz de Tenerife,38034,San Juan de la Rambla,482.7450980392157,383.6470588235294,605.2549019607843,221.60784313725492,51,2,2024
17,Girona,17133,"Planes d'Hostoles, Les",482.6744186046512,335.09302325581393,586.7441860465116,251.65116279069764,86,2,2024
18,Granada,18003,Albolote,482.35915492957747,401.756338028169,594.7183098591549,192.96197183098593,710,2,2024
46,Valencia/Valéncia,46131,Gandia,482.1372416891285,399.9611410601977,582.4609164420485,182.49977538185084,4452,2,2024
22,Huesca,22204,Sallent de Gállego,482.0,400.0,571.0,171.0,111,1,2024
01,Araba/Álava,01010,Ayala/Aiara,482.0,401.0,598.0,197.0,20,1,2024
17,Girona,17158,Sant Climent Sescebes,482.0,431.0,656.0,225.0,24,1,2024
28,Madrid,28151,Torrelaguna,481.8181818181818,403.5,597.7272727272727,194.22727272727275,374,2,2024
35,"Palmas, Las",35008,Firgas,481.4583333333333,370.8333333333333,630.0,259.1666666666667,120,2,2024
08,Barcelona,08265,Sant Vicenç de Torelló,481.3411764705882,395.38823529411764,652.9411764705883,257.55294117647065,85,2,2024
21,Huelva,21060,Punta Umbría,481.251572327044,409.1194968553459,579.3647798742138,170.2452830188679,318,2,2024
39,Cantabria,39042,Medio Cudeyo,481.1954022988506,406.32183908045977,573.5172413793103,167.19540229885058,435,2,2024
43,Tarragona,43088,Montbrió del Camp,480.8965517241379,392.44827586206895,566.6551724137931,174.20689655172418,203,2,2024
39,Cantabria,39028,Entrambasaguas,480.50632911392404,416.79493670886075,559.3974683544304,142.60253164556968,395,2,2024
17,Girona,17184,Santa Pau,480.22972972972974,362.47297297297297,584.918918918919,222.445945945946,74,2,2024
43,Tarragona,43147,Solivella,480.0,300.0,543.0,243.0,13,1,2024
31,Navarra,31153,Lesaka,480.0,399.0,519.0,120.0,53,1,2024
28,Madrid,28121,Redueña,480.0,396.0,650.0,254.0,25,1,2024
43,Tarragona,43029,Blancafort,480.0,356.0,610.0,254.0,10,1,2024
45,Toledo,45047,Cedillo del Condado,479.9571865443425,408.6697247706422,583.5871559633027,174.91743119266056,327,2,2024
09,Burgos,09018,Aranda de Duero,479.9514054311577,398.54597427346357,552.065269175798,153.51929490233442,2099,2,2024
46,Valencia/Valéncia,46256,Vilamarxant,479.866927592955,393.0058708414873,586.5753424657535,193.56947162426616,511,2,2024
43,Tarragona,43162,Vandellòs i l'Hospitalet de l'Infant,479.78723404255317,396.36170212765956,570.1063829787234,173.7446808510639,470,2,2024
30,Murcia,30016,Cartagena,479.4116999008483,378.6690536520877,591.5881899305938,212.91913627850607,9077,2,2024
19,Guadalajara,19274,Torija,478.0,380.0,612.0,232.0,102,1,2024
01,Araba/Álava,01042,Okondo,478.0,428.0,540.0,112.0,12,1,2024
37,Salamanca,37087,Carrascal de Barregas,478.0,440.0,684.0,244.0,24,1,2024
46,Valencia/Valéncia,46245,Torres Torres,478.0,281.0,610.0,329.0,16,1,2024
39,Cantabria,39078,Santiurde de Toranzo,478.0,338.0,763.0,425.0,17,1,2024
25,Lleida,25239,"Valls de Valira, Les",478.0,350.0,572.0,222.0,17,1,2024
35,"Palmas, Las",35031,Valsequillo de Gran Canaria,477.81456953642385,391.0993377483444,599.8609271523179,208.76158940397352,302,2,2024
28,Madrid,28183,Zarzalejo,477.77777777777777,381.77777777777777,605.5555555555555,223.77777777777777,162,2,2024
39,Cantabria,39011,Bareyo,477.36842105263156,390.5263157894737,540.2105263157895,149.68421052631578,57,2,2024
28,Madrid,28035,Carabaña,477.3076923076923,348.9076923076923,554.6153846153846,205.70769230769235,130,2,2024
45,Toledo,45099,Méntrida,477.2613065326633,386.73366834170855,567.2110552763819,180.47738693467335,199,2,2024
46,Valencia/Valéncia,46015,Alcàsser,477.011135857461,377.0423162583519,582.6436525612472,205.60133630289533,449,2,2024
29,Málaga,29043,Colmenar,477.0,300.0,606.0,306.0,55,1,2024
25,Lleida,25024,Alt Àneu,477.0,350.0,531.0,181.0,26,1,2024
43,Tarragona,43135,Salomó,477.0,370.0,645.0,275.0,17,1,2024
17,Girona,17107,Molló,477.0,290.0,809.0,519.0,26,1,2024
47,Valladolid,47193,Viana de Cega,476.864406779661,349.79661016949154,605.7627118644068,255.96610169491527,59,2,2024
10,Cáceres,10037,Cáceres,476.8350062735257,400.0,568.5326223337515,168.53262233375153,6376,2,2024
29,Málaga,29002,Alcaucín,476.775,331.5625,661.0625,329.5,80,2,2024
31,Navarra,31191,Olite/Erriberri,476.4256756756757,394.77702702702703,546.0608108108108,151.2837837837838,148,2,2024
40,Segovia,40181,Real Sitio de San Ildefonso,476.1968085106383,383.1436170212766,609.3244680851063,226.18085106382972,376,2,2024
20,Gipuzkoa,20011,Antzuola,476.0,421.0,526.0,105.0,65,1,2024
22,Huesca,22250,Villanúa,476.0,350.0,544.0,194.0,37,1,2024
01,Araba/Álava,01047,Ribera Baja/Erriberabeitia,476.0,444.0,595.0,151.0,13,1,2024
45,Toledo,45203,Yuncler,475.875,395.0,556.75,161.75,336,2,2024
41,Sevilla,41087,Sanlúcar la Mayor,475.8478260869565,391.0978260869565,552.7608695652174,161.66304347826087,460,2,2024
46,Valencia/Valéncia,46168,Miramar,475.84313725490193,399.2156862745098,558.7450980392157,159.5294117647059,153,2,2024
20,Gipuzkoa,20015,Ataun,475.50847457627117,419.0,558.9661016949152,139.9661016949152,59,2,2024
50,Zaragoza,50247,Sobradiel,475.16129032258067,419.35483870967744,588.8387096774194,169.48387096774195,31,2,2024
03,Alicante,03076,Guardamar del Segura,475.03203661327234,400.0,565.1670480549199,165.16704805491986,874,2,2024
46,Valencia/Valéncia,46161,Marines,475.0,381.0,597.0,216.0,40,1,2024
08,Barcelona,08151,Oristà,475.0,315.0,619.0,304.0,20,1,2024
43,Tarragona,43907,"Canonja, La",474.37007874015745,385.43307086614175,564.5669291338583,179.1338582677165,254,2,2024
18,Granada,18153,Peligros,474.3333333333333,392.5568181818182,560.8636363636364,168.3068181818182,264,2,2024
01,Araba/Álava,01031,Laguardia,474.0,430.0,514.0,84.0,24,1,2024
29,Málaga,29018,Ardales,474.0,300.0,620.0,320.0,28,1,2024
41,Sevilla,41095,Utrera,473.8667271078876,398.18313689936537,568.1867633726201,170.00362647325477,1103,2,2024
46,Valencia/Valéncia,46067,Benisanó,473.6991150442478,375.0619469026549,583.8407079646017,208.77876106194685,113,2,2024
25,Lleida,25158,"Palau d'Anglesola, El",473.6111111111111,369.5,543.5,174.0,54,2,2024
38,Santa Cruz de Tenerife,38027,"Paso, El",473.59223300970876,357.126213592233,634.6504854368932,277.5242718446602,206,2,2024
08,Barcelona,08165,"Pobla de Claramunt, La",473.2325581395349,359.95348837209303,594.4186046511628,234.46511627906978,86,2,2024
37,Salamanca,37202,Monterrubio de Armuña,473.0,432.0,638.0,206.0,16,1,2024
08,Barcelona,08285,Torelló,472.786680541103,388.7939646201873,569.9791883454735,181.18522372528622,961,2,2024
15,"Coruña, A",15031,Culleredo,472.67391304347825,395.54347826086956,572.2826086956521,176.73913043478257,2300,2,2024
25,Lleida,25135,Miralcamp,472.5,370.5,575.5,205.0,24,2,2024
08,Barcelona,08117,"Masies de Voltregà, Les",472.4117647058824,387.25,574.2867647058823,187.03676470588232,136,2,2024
45,Toledo,45128,Pantoja,472.16494845360825,387.7525773195876,553.1958762886597,165.44329896907215,97,2,2024
35,"Palmas, Las",35009,Gáldar,472.0611570247934,392.1900826446281,580.5537190082645,188.36363636363637,605,2,2024
09,Burgos,09439,Villalbilla de Burgos,472.0,400.0,500.0,100.0,51,1,2024
08,Barcelona,08901,Rupit i Pruit,472.0,277.0,670.0,393.0,22,1,2024
08,Barcelona,08288,Torrelles de Foix,471.969696969697,334.8939393939394,619.8636363636364,284.969696969697,132,2,2024
40,Segovia,40101,Hontanares de Eresma,471.84615384615387,360.61538461538464,536.7692307692307,176.15384615384608,65,2,2024
39,Cantabria,39001,Alfoz de Lloredo,471.83720930232556,372.2325581395349,589.2093023255813,216.97674418604646,43,2,2024
12,Castellón/Castelló,12011,Almenara,471.8181818181818,392.69972451790636,578.038567493113,185.3388429752066,363,2,2024
39,Cantabria,39087,Torrelavega,471.75661172863164,396.39785358374854,556.6021464162515,160.20429283250292,2609,2,2024
43,Tarragona,43906,"Ampolla, L'",471.70242214532874,407.1799307958477,567.4325259515571,160.25259515570934,289,2,2024
38,Santa Cruz de Tenerife,38008,Breña Alta,471.55797101449275,390.8985507246377,570.4202898550725,179.5217391304348,276,2,2024
38,Santa Cruz de Tenerife,38036,San Sebastián de la Gomera,471.49819494584835,400.0,587.8140794223826,187.81407942238263,554,2,2024
17,Girona,17086,"Jonquera, La",471.3688524590164,412.6803278688525,537.8360655737705,125.15573770491801,244,2,2024
16,Cuenca,16203,Tarancón,471.3385909568875,392.9547844374343,568.5793901156677,175.62460567823342,951,2,2024
03,Alicante,03034,Benijófar,471.3235294117647,369.61764705882354,603.2058823529412,233.58823529411768,68,2,2024
31,Navarra,31206,Puente la Reina/Gares,471.0,369.0,548.0,179.0,74,1,2024
08,Barcelona,08010,Artés,470.8993288590604,368.61073825503354,591.9597315436241,223.34899328859058,298,2,2024
28,Madrid,28901,Lozoyuela-Navas-Sieteiglesias,470.8333333333333,356.6666666666667,592.5,235.83333333333331,78,2,2024
28,Madrid,28043,Colmenar de Oreja,470.5940594059406,359.8762376237624,634.5792079207921,274.7029702970297,202,2,2024
38,Santa Cruz de Tenerife,38051,"Victoria de Acentejo, La",470.5359477124183,393.0980392156863,562.3137254901961,169.21568627450984,306,2,2024
15,"Coruña, A",15017,Cambre,470.35611038107754,396.9250985545335,566.2930354796321,169.36793692509855,1522,2,2024
19,Guadalajara,19143,Horche,469.7639751552795,372.98136645962734,577.0186335403727,204.03726708074532,161,2,2024
38,Santa Cruz de Tenerife,38022,Icod de los Vinos,469.44144144144144,389.76576576576576,567.6456456456457,177.87987987987992,666,2,2024
12,Castellón/Castelló,12099,Sant Jordi/San Jorge,469.32167832167835,349.4965034965035,570.1538461538462,220.65734265734267,143,2,2024
39,Cantabria,39037,Liérganes,469.219512195122,399.6829268292683,545.390243902439,145.7073170731707,82,2,2024
03,Alicante,03001,Adsubia,469.0,339.0,500.0,161.0,11,1,2024
18,Granada,18014,Alhendín,468.9618473895582,396.214859437751,584.9879518072289,188.77309236947792,498,2,2024
03,Alicante,03099,Orihuela,468.7878787878788,375.1454545454545,587.5757575757576,212.4303030303031,2145,2,2024
46,Valencia/Valéncia,46105,Cullera,468.75856443719414,378.2830342577488,593.5065252854812,215.2234910277324,1226,2,2024
08,Barcelona,08236,Sant Quintí de Mediona,468.75,375.375,638.875,263.5,136,2,2024
46,Valencia/Valéncia,46228,Serra,468.6949152542373,351.8813559322034,587.2372881355932,235.35593220338978,177,2,2024
37,Salamanca,37085,Carbajosa de la Sagrada,468.6328125,397.53125,532.7734375,135.2421875,384,2,2024
43,Tarragona,43129,Riudoms,468.60493827160496,390.8641975308642,566.7592592592592,175.89506172839504,324,2,2024
37,Salamanca,37294,Santa Marta de Tormes,468.3173198482933,404.1087231352718,522.5031605562579,118.39443742098604,791,2,2024
28,Madrid,28011,Ambite,468.0,319.0,642.0,323.0,14,1,2024
03,Alicante,03101,Pedreguer,467.64497041420117,350.0,618.4792899408284,268.4792899408284,338,2,2024
08,Barcelona,08112,Manlleu,467.61650485436894,377.71035598705504,552.5226537216829,174.81229773462786,1236,2,2024
41,Sevilla,41049,Guillena,467.4458598726115,385.71974522292993,682.7643312101911,297.0445859872612,314,2,2024
08,Barcelona,08302,Vilanova del Camí,467.4320241691843,383.31570996978854,556.6767371601209,173.36102719033232,662,2,2024
40,Segovia,40104,Ituero y Lama,467.0,375.0,539.0,164.0,16,1,2024
45,Toledo,45188,Villaluenga de la Sagra,466.752,353.456,565.096,211.64,125,2,2024
28,Madrid,28027,Buitrago del Lozoya,466.2193548387097,381.6322580645161,621.2838709677419,239.65161290322578,155,2,2024
17,Girona,17010,Argelaguer,466.0,377.0,599.0,222.0,24,1,2024
17,Girona,17014,"Vajol, La",466.0,388.0,608.0,220.0,13,1,2024
39,Cantabria,39060,Reocín,465.25735294117646,400.0,547.8860294117648,147.88602941176475,272,2,2024
25,Lleida,25203,"Seu d'Urgell, La",464.9538583929992,377.5887032617343,575.5624502784407,197.9737470167064,1257,2,2024
46,Valencia/Valéncia,46060,Benifaió,464.25,366.85,559.3,192.44999999999993,500,2,2024
44,Teruel,44216,Teruel,464.03192584963955,389.90216271884657,566.3233779608651,176.4212152420185,2913,2,2024
46,Valencia/Valéncia,46053,Beneixida,464.0,404.0,568.0,164.0,13,1,2024
03,Alicante,03095,Ondara,463.89830508474574,361.5762711864407,579.180790960452,217.6045197740113,354,2,2024
08,Barcelona,08140,Navarcles,463.71794871794873,357.05128205128204,558.8846153846154,201.83333333333331,312,2,2024
08,Barcelona,08274,Súria,463.70758122743683,382.69675090252707,536.3393501805054,153.64259927797838,277,2,2024
17,Girona,17046,Castellfollit de la Roca,463.38461538461536,301.10769230769233,607.5076923076923,306.4,65,2,2024
17,Girona,17177,Sant Pau de Segúries,463.1489361702128,349.82978723404256,642.5744680851063,292.7446808510638,47,2,2024
08,Barcelona,08237,Sant Quirze de Besora,462.90697674418607,350.4418604651163,552.6976744186046,202.2558139534883,129,2,2024
08,Barcelona,08258,Santa Maria d'Oló,462.85714285714283,377.3809523809524,601.0238095238095,223.6428571428571,42,2,2024
04,Almería,04074,Pechina,462.38709677419354,382.258064516129,507.35483870967744,125.09677419354841,62,2,2024
25,Lleida,25059,Bossòst,462.3050847457627,399.1864406779661,565.9152542372881,166.72881355932196,59,2,2024
26,"Rioja, La",26168,Villamediana de Iregua,462.283185840708,396.92035398230087,533.8230088495575,136.90265486725662,565,2,2024
08,Barcelona,08079,"Estany, L'",462.0689655172414,380.3448275862069,549.6551724137931,169.31034482758622,29,2,2024
03,Alicante,03110,"Ràfol d'Almúnia, El",462.0,345.0,654.0,309.0,10,1,2024
22,Huesca,22054,Benasque,462.0,400.0,550.0,150.0,196,1,2024
25,Lleida,25004,"Alamús, Els",462.0,406.0,502.0,96.0,48,1,2024
31,Navarra,31097,Estella-Lizarra,461.85714285714283,378.33090379008746,550.7857142857143,172.45481049562687,686,2,2024
03,Alicante,03097,Orba,461.7391304347826,380.0,651.304347826087,271.304347826087,69,2,2024
28,Madrid,28056,Fresnedillas de la Oliva,461.3728813559322,323.9830508474576,649.0084745762712,325.02542372881356,118,2,2024
38,Santa Cruz de Tenerife,38003,Alajeró,461.31325301204816,373.90361445783134,526.7951807228916,152.89156626506025,83,2,2024
35,"Palmas, Las",35013,Moya,461.1803278688525,382.2950819672131,582.639344262295,200.34426229508193,244,2,2024
50,Zaragoza,50062,"Burgo de Ebro, El",461.02985074626866,371.64179104477614,567.9850746268656,196.3432835820895,134,2,2024
39,Cantabria,39056,Puente Viesgo,460.85714285714283,390.17857142857144,530.0714285714286,139.8928571428571,56,2,2024
47,Valladolid,47066,Fuensaldaña,460.8235294117647,414.7549019607843,529.4705882352941,114.71568627450984,102,2,2024
46,Valencia/Valéncia,46147,Llíria,460.7650042265427,355.8816568047337,566.1614539306847,210.279797125951,1183,2,2024
46,Valencia/Valéncia,46211,Real de Gandía,460.38461538461536,358.84615384615387,524.9230769230769,166.07692307692304,78,2,2024
46,Valencia/Valéncia,46136,Godelleta,460.1951219512195,341.5447154471545,652.6016260162602,311.0569105691057,123,2,2024
08,Barcelona,08215,Sant Hipòlit de Voltregà,460.18518518518516,364.24074074074076,575.4629629629629,211.22222222222217,270,2,2024
46,Valencia/Valéncia,46113,Daimús,460.18518518518516,364.05555555555554,538.6851851851852,174.62962962962968,162,2,2024
43,Tarragona,43144,"Secuita, La",460.1818181818182,378.90909090909093,555.0909090909091,176.1818181818182,77,2,2024
50,Zaragoza,50201,Paracuellos de Jiloca,460.0,362.0,548.0,186.0,16,1,2024
43,Tarragona,43128,Riudecols,460.0,400.0,510.0,110.0,38,1,2024
36,Pontevedra,36058,Vilaboa,460.0,300.0,717.0,417.0,31,1,2024
25,Lleida,25012,Alcoletge,459.65909090909093,379.53977272727275,542.5056818181819,162.96590909090912,176,2,2024
18,Granada,18173,Salobreña,459.55307262569835,365.08379888268155,568.0446927374302,202.96089385474863,358,2,2024
38,Santa Cruz de Tenerife,38029,Puntagorda,458.93333333333334,349.8666666666667,561.8,211.93333333333328,45,2,2024
28,Madrid,28146,Tielmes,458.92957746478874,387.32394366197184,559.6338028169014,172.30985915492954,142,2,2024
03,Alicante,03113,Rojales,458.9137254901961,357.55686274509804,622.1098039215686,264.5529411764706,255,2,2024
43,Tarragona,43127,Riudecanyes,458.7647058823529,364.70588235294116,651.2941176470588,286.5882352941176,34,2,2024
08,Barcelona,08191,Sallent,458.63823529411764,395.2852941176471,541.8470588235294,146.56176470588235,340,2,2024
24,León,24076,Garrafe de Torío,458.55882352941177,405.88235294117646,572.9411764705883,167.05882352941182,34,2,2024
46,Valencia/Valéncia,46035,Almussafes,458.4232804232804,384.3121693121693,553.047619047619,168.73544973544972,378,2,2024
41,Sevilla,41045,Gerena,458.14193548387095,388.8516129032258,547.0193548387097,158.16774193548383,155,2,2024
09,Burgos,09108,Cogollos,458.0,362.0,501.0,139.0,12,1,2024
18,Granada,18127,Maracena,457.93287566742947,379.36536994660565,536.8993135011442,157.53394355453855,1311,2,2024
22,Huesca,22021,Almudévar,457.55172413793105,356.0689655172414,512.551724137931,156.48275862068965,87,2,2024
08,Barcelona,08254,Santa Maria de Corcó,457.5466666666667,377.6933333333333,573.3266666666667,195.63333333333338,150,2,2024
31,Navarra,31216,Sangüesa/Zangoza,457.52713178294573,375.93798449612405,567.3798449612403,191.4418604651163,129,2,2024
17,Girona,17161,Sant Feliu de Pallerols,457.4117647058824,377.54901960784315,591.2941176470588,213.74509803921563,102,2,2024
48,Bizkaia,48022,Karrantza Harana/Valle de Carranza,457.0,321.3658536585366,663.0975609756098,341.7317073170732,41,2,2024
38,Santa Cruz de Tenerife,38021,Hermigua,456.9148936170213,359.1914893617021,622.8936170212766,263.70212765957444,47,2,2024
04,Almería,04101,Viator,456.8888888888889,381.04,524.1155555555556,143.07555555555558,225,2,2024
19,Guadalajara,19290,Trijueque,456.75409836065575,349.2950819672131,542.1967213114754,192.90163934426226,61,2,2024
39,Cantabria,39012,Cabezón de la Sal,456.5051020408163,371.7474489795918,521.905612244898,150.15816326530614,392,2,2024
28,Madrid,28042,Colmenar del Arroyo,456.25581395348837,340.2325581395349,630.6976744186046,290.4651162790697,129,2,2024
18,Granada,18911,Vegas del Genil,456.0279069767442,379.0558139534884,546.3162790697675,167.26046511627908,215,2,2024
43,Tarragona,43009,Alforja,456.0,353.2083333333333,529.3333333333334,176.12500000000006,48,2,2024
43,Tarragona,43086,Montblanc,455.91160220994476,371.1491712707182,527.8453038674033,156.69613259668512,362,2,2024
46,Valencia/Valéncia,46034,Almoines,455.84615384615387,373.7846153846154,598.1692307692308,224.38461538461542,65,2,2024
08,Barcelona,08149,Olost,455.78723404255317,355.06382978723406,587.7872340425532,232.72340425531917,47,2,2024
43,Tarragona,43031,"Borges del Camp, Les",455.75,354.25,575.5,221.25,92,2,2024
22,Huesca,22061,Binéfar,455.0670037926675,392.2250316055626,534.1984829329962,141.97345132743357,791,2,2024
08,Barcelona,08233,Sant Pere de Torelló,454.90909090909093,344.8636363636364,551.5454545454545,206.68181818181813,110,2,2024
04,Almería,04079,Roquetas de Mar,454.6253137325206,363.75761921835783,559.2506274650412,195.49300824668342,5578,2,2024
17,Girona,17101,Massanes,454.0,269.0,640.0,371.0,30,1,2024
09,Burgos,09058,Buniel,454.0,349.0,613.0,264.0,14,1,2024
29,Málaga,29100,Yunquera,454.0,300.0,600.0,300.0,11,1,2024
35,"Palmas, Las",35011,Ingenio,453.95148669796555,385.320813771518,560.4851330203443,175.1643192488263,1278,2,2024
03,Alicante,03019,Aspe,453.6909871244635,359.45064377682405,531.3433476394849,171.89270386266088,466,2,2024
43,Tarragona,43005,Alcover,453.42285714285714,374.81714285714287,564.1942857142857,189.37714285714281,175,2,2024
46,Valencia/Valéncia,46017,Alzira,453.3167495854063,373.56053067993366,559.0215588723051,185.4610281923715,1809,2,2024
43,Tarragona,43047,Constantí,453.0978723404255,370.46382978723403,537.7021276595744,167.2382978723404,235,2,2024
38,Santa Cruz de Tenerife,38053,Villa de Mazo,453.0827586206897,340.93793103448274,622.2689655172413,281.3310344827586,145,2,2024
40,Segovia,40906,San Cristóbal de Segovia,452.90697674418607,397.7906976744186,550.953488372093,153.16279069767444,172,2,2024
38,Santa Cruz de Tenerife,38014,Fuencaliente de la Palma,452.8536585365854,393.9024390243902,532.439024390244,138.53658536585374,41,2,2024
18,Granada,18193,"Zubia, La",452.58718572587185,370.70965125709654,520.139497161395,149.42984590429842,1233,2,2024
45,Toledo,45085,Lominchar,452.4370860927152,350.2384105960265,540.0993377483444,189.8609271523179,151,2,2024
36,Pontevedra,36033,Mos,452.27814569536423,356.6225165562914,617.3377483443709,260.7152317880795,151,2,2024
22,Huesca,22086,Castiello de Jaca,451.72727272727275,360.6363636363636,571.0909090909091,210.4545454545455,22,2,2024
13,Ciudad Real,13034,Ciudad Real,451.72624859181377,370.247840781074,528.2889598197521,158.04111903867812,5326,2,2024
03,Alicante,03030,Benidoleig,451.5,358.5,602.5,244.0,36,2,2024
47,Valladolid,47155,Santovenia de Pisuerga,451.45,394.025,515.85,121.82500000000005,360,2,2024
12,Castellón/Castelló,12135,Vila-real,451.24119241192415,365.1056910569106,548.7371273712737,183.6314363143631,2214,2,2024
33,Asturias,33054,"Regueras, Las",451.0,302.0,686.0,384.0,21,1,2024
33,Asturias,33016,Castrillón,450.9321394910462,394.36946277097076,554.8539114043356,160.48444863336482,1061,2,2024
39,Cantabria,39018,Cartes,450.80696202531647,400.0,537.0569620253165,137.05696202531647,316,2,2024
41,Sevilla,41034,Coria del Río,450.4678217821782,378.91831683168317,548.2797029702971,169.3613861386139,808,2,2024
21,Huelva,21010,Ayamonte,450.2437722419929,350.7562277580071,551.6014234875445,200.84519572953735,562,2,2024
34,Palencia,34120,Palencia,450.07151515151514,378.9987878787879,516.050101010101,137.05131313131312,4950,2,2024
22,Huesca,22084,Castejón de Sos,450.0105263157895,394.8,563.7894736842105,168.9894736842105,95,2,2024
25,Lleida,25189,Rosselló,450.0,378.09815950920245,503.33742331288346,125.23926380368101,163,2,2024
09,Burgos,09410,Valle de Mena,450.0,355.0,547.0,192.0,53,1,2024
28,Madrid,28170,Villaconejos,450.0,343.54347826086956,532.5217391304348,188.9782608695652,138,2,2024
19,Guadalajara,19041,Armuña de Tajuña,450.0,364.0,523.0,159.0,13,1,2024
08,Barcelona,08303,Vilanova de Sau,450.0,356.0,625.0,269.0,19,1,2024
39,Cantabria,39032,Hermandad de Campoo de Suso,450.0,350.0,746.0,396.0,15,1,2024
35,"Palmas, Las",35027,Teror,450.0,353.0576923076923,575.9752747252747,222.91758241758242,364,2,2024
50,Zaragoza,50903,Villamayor de Gállego,450.0,337.0,643.0,306.0,67,1,2024
32,Ourense,32047,"Merca, A",450.0,300.0,574.0,274.0,20,1,2024
05,Ávila,05128,Mingorría,450.0,388.0,550.0,162.0,14,1,2024
39,Cantabria,39079,Santoña,450.0,400.0,505.0,105.0,428,1,2024
39,Cantabria,39068,Ruiloba,450.0,338.0,803.0,465.0,14,1,2024
46,Valencia/Valéncia,46187,Palma de Gandía,450.0,322.0,569.0,247.0,20,1,2024
28,Madrid,28107,Patones,450.0,380.0,712.0,332.0,15,1,2024
33,Asturias,33065,Sariego,450.0,350.0,650.0,300.0,23,1,2024
17,Girona,17084,Isòvol,450.0,320.0,869.0,549.0,10,1,2024
36,Pontevedra,36041,Poio,450.0,375.71356147021544,567.234474017744,191.52091254752855,789,2,2024
25,Lleida,25248,Vilanova de Bellpuig,450.0,384.0,504.0,120.0,11,1,2024
04,Almería,04017,Arboleas,450.0,382.0,535.0,153.0,26,1,2024
41,Sevilla,41051,Huévar del Aljarafe,450.0,372.0,514.0,142.0,52,1,2024
25,Lleida,25086,Esterri d'Àneu,450.0,375.0,567.0,192.0,107,1,2024
38,Santa Cruz de Tenerife,38015,Garachico,450.0,330.4347826086956,568.3478260869565,237.91304347826087,69,2,2024
17,Girona,17200,Tortellà,450.0,365.0,604.0,239.0,62,1,2024
39,Cantabria,39047,Noja,450.0,390.0,549.0,159.0,81,1,2024
05,Ávila,05076,"Fresno, El",450.0,285.0,588.0,303.0,21,1,2024
28,Madrid,28165,Valdilecha,450.0,391.3930131004367,554.7816593886463,163.3886462882096,229,2,2024
03,Alicante,03100,Parcent,450.0,333.0,550.0,217.0,19,1,2024
45,Toledo,45056,Chozas de Canales,450.0,351.0,547.0,196.0,188,1,2024
11,Cádiz,11013,Castellar de la Frontera,450.0,400.0,535.0,135.0,41,1,2024
11,Cádiz,11903,San Martín del Tesorillo,450.0,400.0,650.0,250.0,23,1,2024
41,Sevilla,41079,"Puebla del Río, La",450.0,380.0,501.8,121.80000000000001,160,2,2024
38,Santa Cruz de Tenerife,38048,Valverde,450.0,356.62240663900417,533.2240663900415,176.6016597510373,241,2,2024
22,Huesca,22205,San Esteban de Litera,450.0,350.0,500.0,150.0,19,1,2024
49,Zamora,49178,Roales,450.0,311.0,518.0,207.0,19,1,2024
25,Lleida,25078,Corbins,450.0,315.0,575.0,260.0,25,1,2024
29,Málaga,29012,Álora,449.5147928994083,369.4082840236686,574.4201183431952,205.0118343195266,169,2,2024
18,Granada,18134,Monachil,449.218085106383,358.39716312056737,546.8581560283687,188.46099290780137,564,2,2024
36,Pontevedra,36039,"Porriño, O",449.1480206540447,379.2917383820998,540.5378657487091,161.2461273666093,1162,2,2024
31,Navarra,31227,Tafalla,449.0,349.0,519.0,170.0,452,1,2024
28,Madrid,28117,Prádena del Rincón,449.0,357.0,700.0,343.0,11,1,2024
25,Lleida,25183,Rialp,449.0,324.0,550.0,226.0,39,1,2024
31,Navarra,31221,Doneztebe/Santesteban,449.0,381.0,499.0,118.0,72,1,2024
31,Navarra,31260,Valle de Yerri/Deierri,449.0,409.0,644.0,235.0,10,1,2024
29,Málaga,29083,Riogordo,449.0,334.0,800.0,466.0,31,1,2024
28,Madrid,28063,Gargantilla del Lozoya y Pinilla de Buitrago,449.0,299.0,599.0,300.0,24,1,2024
31,Navarra,31236,Ultzama,449.0,399.0,501.0,102.0,17,1,2024
31,Navarra,31167,Mendigorria,449.0,349.0,629.0,280.0,19,1,2024
35,"Palmas, Las",35033,Vega de San Mateo,448.78350515463916,379.7250859106529,544.1168384879725,164.39175257731955,291,2,2024
43,Tarragona,43108,"Pla de Santa Maria, El",448.75,378.27777777777777,556.6944444444445,178.41666666666669,72,2,2024
45,Toledo,45051,Cobeja,448.6930693069307,348.6930693069307,538.5346534653465,189.84158415841586,101,2,2024
22,Huesca,22078,Canfranc,448.0,405.0,550.0,145.0,67,1,2024
25,Lleida,25163,"Coma i la Pedra, La",448.0,346.0,548.0,202.0,18,1,2024
50,Zaragoza,50056,Botorrita,448.0,391.0,602.0,211.0,16,1,2024
18,Granada,18062,Churriana de la Vega,447.94389140271494,374.01990950226246,530.5294117647059,156.5095022624434,1105,2,2024
46,Valencia/Valéncia,46055,Beniarjó,447.88732394366195,334.36619718309856,571.887323943662,237.5211267605634,71,2,2024
03,Alicante,03071,Gata de Gorgos,447.8848167539267,367.0157068062827,610.3193717277487,243.303664921466,191,2,2024
18,Granada,18140,Motril,447.66472303206996,380.6618075801749,553.8483965014577,173.1865889212828,2058,2,2024
08,Barcelona,08250,Santa Margarida de Montbui,447.4963325183374,375.1002444987775,517.6748166259168,142.57457212713933,409,2,2024
33,Asturias,33004,Avilés,447.1042435424354,356.46448339483396,530.6734317343173,174.20894833948336,4336,2,2024
39,Cantabria,39090,Udías,446.72093023255815,344.8837209302326,541.7209302325581,196.8372093023255,43,2,2024
40,Segovia,40203,Torrecaballeros,446.08730158730157,363.57142857142856,554.436507936508,190.8650793650794,126,2,2024
08,Barcelona,08141,Navàs,446.0674418604651,347.7906976744186,519.660465116279,171.86976744186046,430,2,2024
28,Madrid,28180,Villarejo de Salvanés,446.0,390.4761904761905,516.7619047619048,126.28571428571433,357,2,2024
45,Toledo,45126,Otero,446.0,340.0,500.0,160.0,12,1,2024
34,Palencia,34217,Villalobón,445.45454545454544,373.6363636363636,506.3636363636364,132.72727272727275,66,2,2024
28,Madrid,28157,Valdelaguna,445.38461538461536,342.3076923076923,562.0,219.69230769230768,39,2,2024
43,Tarragona,43033,Botarell,445.0,300.0,500.0,200.0,26,1,2024
12,Castellón/Castelló,12077,Moncofa,444.87620357634114,359.49793672627237,553.6341127922971,194.1361760660247,727,2,2024
39,Cantabria,39009,Bárcena de Cicero,444.87336244541484,360.05676855895194,526.7423580786026,166.68558951965065,229,2,2024
43,Tarragona,43007,"Aleixar, L'",444.6,356.6,616.2,259.6,30,2,2024
12,Castellón/Castelló,12032,Borriana/Burriana,444.4257891202149,344.98321020819344,513.4392209536602,168.45601074546676,1489,2,2024
50,Zaragoza,50298,Zuera,444.0630797773655,363.45454545454544,526.5677179962894,163.11317254174395,539,2,2024
25,Lleida,25100,Gósol,444.0,356.0,603.0,247.0,12,1,2024
15,"Coruña, A",15091,Vilarmaior,444.0,350.0,500.0,150.0,15,1,2024
08,Barcelona,08178,Rajadell,444.0,405.0,1100.0,695.0,15,1,2024
39,Cantabria,39038,Limpias,443.77570093457945,379.2710280373832,538.1869158878504,158.91588785046724,107,2,2024
33,Asturias,33076,Villaviciosa,443.76528117359413,366.9621026894865,566.9694376528117,200.0073349633252,818,2,2024
22,Huesca,22059,Biescas,443.76510067114094,378.00671140939596,509.4496644295302,131.4429530201342,149,2,2024
41,Sevilla,41024,Carmona,443.74782608695654,362.0086956521739,567.0782608695653,205.06956521739136,460,2,2024
46,Valencia/Valéncia,46065,Beniparrell,443.45238095238096,359.0952380952381,557.797619047619,198.70238095238096,84,2,2024
09,Burgos,09177,Ibeas de Juarros,443.0,315.0,561.0,246.0,38,1,2024
45,Toledo,45021,Borox,442.7956989247312,381.83870967741933,524.9193548387096,143.0806451612903,186,2,2024
37,Salamanca,37354,Villamayor,442.7149758454106,378.4492753623188,524.5338164251208,146.08454106280197,414,2,2024
34,Palencia,34225,Villamuriel de Cerrato,442.67241379310343,378.73275862068965,484.0431034482759,105.31034482758622,232,2,2024
03,Alicante,03118,San Fulgencio,442.60663507109007,341.65876777251185,570.2369668246446,228.57819905213273,211,2,2024
40,Segovia,40152,Otero de Herreros,442.5090909090909,325.96363636363634,605.7636363636364,279.8,55,2,2024
50,Zaragoza,50107,Figueruelas,442.4,347.75,521.5,173.75,40,2,2024
46,Valencia/Valéncia,46051,Benaguasil,442.39506172839504,367.8941798941799,551.0864197530864,183.19223985890648,567,2,2024
17,Girona,17178,Sant Pere Pescador,442.3492063492063,364.73015873015873,605.015873015873,240.28571428571428,126,2,2024
25,Lleida,25007,Albatàrrec,442.2844036697248,338.29357798165137,513.302752293578,175.00917431192664,109,2,2024
03,Alicante,03088,Monforte del Cid,441.4179104477612,311.7164179104478,572.4813432835821,260.7649253731343,268,2,2024
15,"Coruña, A",15075,Sada,441.19359534206694,361.7001455604076,544.6943231441048,182.99417758369725,1374,2,2024
47,Valladolid,47111,"Pedraja de Portillo, La",441.0,350.0,640.0,290.0,15,1,2024
46,Valencia/Valéncia,46103,Quartell,440.90909090909093,337.45454545454544,526.7272727272727,189.2727272727273,44,2,2024
28,Madrid,28060,Fuentidueña de Tajo,440.8363636363636,352.45454545454544,575.3454545454546,222.89090909090913,55,2,2024
28,Madrid,28182,Villavieja del Lozoya,440.0,388.0,563.0,175.0,13,1,2024
42,Soria,42094,Garray,440.0,344.0,487.0,143.0,13,1,2024
08,Barcelona,08253,Santa Maria de Besora,440.0,294.0,532.0,238.0,13,1,2024
29,Málaga,29027,Benamocarra,440.0,350.0,600.0,250.0,13,1,2024
08,Barcelona,08011,Avià,439.7445255474453,354.5985401459854,517.6642335766423,163.06569343065695,137,2,2024
17,Girona,17007,Amer,439.44,366.7733333333333,541.3333333333334,174.56000000000006,150,2,2024
46,Valencia/Valéncia,46145,Xàtiva,439.14738929279576,352.2128222075347,517.703899537343,165.49107732980826,1513,2,2024
50,Zaragoza,50008,Alagón,439.1407867494824,355.3312629399586,513.5383022774328,158.20703933747416,483,2,2024
30,Murcia,30024,Lorca,439.1362857841938,361.7908000978713,523.9109371176902,162.1201370198189,4087,2,2024
18,Granada,18047,Cenes de la Vega,439.1327623126338,362.86509635974306,520.2098501070664,157.3447537473233,467,2,2024
03,Alicante,03902,Pilar de la Horadada,439.0328185328185,369.2084942084942,526.1003861003861,156.89189189189193,1036,2,2024
41,Sevilla,41012,Aznalcázar,438.8360655737705,365.73770491803276,537.360655737705,171.6229508196722,122,2,2024
39,Cantabria,39006,Arnuero,438.79487179487177,314.2564102564103,543.8461538461538,229.58974358974353,39,2,2024
17,Girona,17009,Arbúcies,438.7943548387097,345.85887096774195,547.7822580645161,201.92338709677415,496,2,2024
23,Jaén,23099,"Villares, Los",438.3636363636364,326.90909090909093,548.9090909090909,221.99999999999994,55,2,2024
24,León,24222,Villaquilambre,438.00397877984085,369.7957559681698,503.4290450928382,133.6332891246684,1508,2,2024
39,Cantabria,39102,Voto,438.0,359.1111111111111,512.4444444444445,153.33333333333337,81,2,2024
24,León,24205,Villadangos del Páramo,438.0,357.0,544.5,187.5,40,2,2024
31,Navarra,31019,Aoiz/Agoitz,437.7844827586207,353.7413793103448,527.3534482758621,173.61206896551727,116,2,2024
03,Alicante,03133,Torrevieja,437.44805194805195,357.85064935064935,558.4675324675325,200.61688311688312,4774,2,2024
28,Madrid,28021,"Berrueco, El",437.25,357.625,545.3125,187.6875,80,2,2024
36,Pontevedra,36060,Vilagarcía de Arousa,437.2328458942632,355.8492688413948,528.4398200224972,172.5905511811024,1778,2,2024
43,Tarragona,43013,"Ametlla de Mar, L'",437.1173184357542,350.0,550.2793296089385,200.2793296089385,358,2,2024
03,Alicante,03117,Sanet y Negrals,437.0,331.0,739.0,408.0,20,1,2024
43,Tarragona,43079,Masllorenç,437.0,362.0,632.0,270.0,36,1,2024
28,Madrid,28112,Pinilla del Valle,437.0,350.0,600.0,250.0,11,1,2024
39,Cantabria,39080,San Vicente de la Barquera,436.979797979798,368.030303030303,503.07070707070704,135.04040404040404,198,2,2024
33,Asturias,33035,Llanera,436.5732484076433,357.7579617834395,561.0891719745223,203.3312101910828,628,2,2024
46,Valencia/Valéncia,46181,Oliva,436.5334590009425,347.1498586239397,535.1922714420358,188.04241281809612,1061,2,2024
41,Sevilla,41007,"Algaba, La",436.4055944055944,358.2564102564103,550.0,191.74358974358972,429,2,2024
33,Asturias,33066,Siero,436.2858719646799,366.990434142752,539.2844002943341,172.29396615158208,2718,2,2024
16,Cuenca,16279,Zarza de Tajo,436.0,244.0,610.0,366.0,10,1,2024
22,Huesca,22112,Fraga,435.94920634920635,366.22222222222223,497.3015873015873,131.07936507936506,945,2,2024
28,Madrid,28133,San Martín de Valdeiglesias,435.6641221374046,350.0,535.0076335877862,185.00763358778624,393,2,2024
36,Pontevedra,36008,Cangas,435.51135407905804,371.67788057190916,521.394449116905,149.71656854499582,1189,2,2024
43,Tarragona,43119,Puigpelat,435.5,361.5,572.5,211.0,28,2,2024
21,Huelva,21007,Aracena,435.49295774647885,340.49295774647885,516.2112676056338,175.71830985915494,284,2,2024
33,Asturias,33025,Gozón,435.4758620689655,358.048275862069,513.3448275862069,155.29655172413788,435,2,2024
16,Cuenca,16905,Arcas del Villar,435.1639344262295,378.9836065573771,551.7540983606557,172.77049180327862,61,2,2024
31,Navarra,31904,Irurtzun,435.0,349.0,548.0,199.0,78,1,2024
18,Granada,18189,Víznar,435.0,270.0,536.0,266.0,40,1,2024
08,Barcelona,08293,Vallcebre,435.0,338.0,547.0,209.0,18,1,2024
28,Madrid,28159,Valdemaqueda,434.8958333333333,313.9375,511.1041666666667,197.16666666666669,48,2,2024
24,León,24162,Santovenia de la Valdoncina,434.6190476190476,335.3809523809524,514.047619047619,178.66666666666663,42,2,2024
47,Valladolid,47027,Cabezón de Pisuerga,434.5145631067961,371.11650485436894,512.6941747572815,141.5776699029126,206,2,2024
33,Asturias,33056,Ribadesella,434.24590163934425,349.2950819672131,543.639344262295,194.34426229508193,244,2,2024
46,Valencia/Valéncia,46904,Benicull de Xúquer,434.1111111111111,325.2962962962963,477.0740740740741,151.77777777777777,27,2,2024
47,Valladolid,47173,Traspinedo,434.0,280.0,500.0,220.0,15,1,2024
17,Girona,17105,Mieres,434.0,398.0,786.0,388.0,18,1,2024
29,Málaga,29084,Ronda,433.8120702826585,355.45301757066466,518.8189457601222,163.36592818945758,1309,2,2024
38,Santa Cruz de Tenerife,38010,Buenavista del Norte,433.7560975609756,337.1951219512195,604.8048780487804,267.60975609756093,82,2,2024
08,Barcelona,08022,Berga,433.66179275270184,350.900826446281,514.0667514303877,163.16592498410677,1573,2,2024
41,Sevilla,41067,Olivares,433.61538461538464,363.53846153846155,492.46153846153845,128.9230769230769,182,2,2024
12,Castellón/Castelló,12053,Chilches/Xilxes,433.5416666666667,343.21875,519.5,176.28125,192,2,2024
03,Alicante,03098,Orxeta,433.45454545454544,293.45454545454544,527.8181818181819,234.36363636363643,33,2,2024
36,Pontevedra,36029,Moaña,433.2482993197279,349.1496598639456,545.5136054421769,196.36394557823127,588,2,2024
22,Huesca,22048,Barbastro,433.1784232365145,353.0373443983402,503.56846473029043,150.5311203319502,1205,2,2024
45,Toledo,45001,Ajofrín,433.0,303.0,520.0,217.0,21,1,2024
25,Lleida,25254,Vilanova de la Barca,433.0,406.0,502.0,96.0,17,1,2024
03,Alicante,03120,San Miguel de Salinas,432.9166666666667,332.9761904761905,556.3095238095239,223.33333333333337,168,2,2024
04,Almería,04024,Benahadux,432.8867924528302,350.52830188679246,506.7358490566038,156.20754716981133,106,2,2024
17,Girona,17147,Ripoll,432.6896551724138,361.9704433497537,516.3940886699507,154.42364532019707,812,2,2024
45,Toledo,45088,Magán,432.6442307692308,366.8269230769231,517.6442307692307,150.81730769230762,208,2,2024
06,Badajoz,06083,Mérida,432.5287356321839,358.9668695064233,507.43745774171737,148.4705882352941,2958,2,2024
15,"Coruña, A",15013,Brión,432.43674698795184,366.1656626506024,517.0632530120482,150.8975903614458,332,2,2024
45,Toledo,45145,Recas,431.9764705882353,350.0,503.9529411764706,153.95294117647057,255,2,2024
50,Zaragoza,50235,San Mateo de Gállego,431.75,365.375,530.625,165.25,200,2,2024
43,Tarragona,43001,Aiguamúrcia,431.6216216216216,372.97297297297297,521.7567567567568,148.7837837837838,37,2,2024
38,Santa Cruz de Tenerife,38012,Fasnia,431.42857142857144,375.23809523809524,569.047619047619,193.8095238095238,63,2,2024
39,Cantabria,39069,San Felices de Buelna,431.3636363636364,327.6363636363636,482.8181818181818,155.1818181818182,22,2,2024
31,Navarra,31050,Baztan,430.57142857142856,345.9795918367347,576.3265306122449,230.34693877551024,245,2,2024
25,Lleida,25137,Mollerussa,430.11675126903555,360.76142131979697,505.23857868020303,144.47715736040607,1182,2,2024
22,Huesca,22249,Villanova,430.0,324.0,496.0,172.0,13,1,2024
26,"Rioja, La",26071,Haro,430.0,356.0,500.0,144.0,428,1,2024
45,Toledo,45003,Albarreal de Tajo,430.0,254.0,550.0,296.0,13,1,2024
09,Burgos,09073,Cardeñadijo,429.8536585365854,401.0731707317073,577.7317073170732,176.65853658536588,41,2,2024
22,Huesca,22907,Aínsa-Sobrarbe,429.77777777777777,363.61574074074076,526.2592592592592,162.64351851851848,216,2,2024
28,Madrid,28110,Perales de Tajuña,429.57232704402514,330.29559748427675,550.2515723270441,219.95597484276732,159,2,2024
46,Valencia/Valéncia,46012,Alborache,429.42857142857144,338.57142857142856,509.06349206349205,170.4920634920635,63,2,2024
09,Burgos,09141,Fuentespina,429.0,300.0,550.0,250.0,14,1,2024
25,Lleida,25244,Vilagrassa,429.0,379.0,518.0,139.0,34,2,2024
24,León,24189,Valverde de la Virgen,428.94965277777777,363.63194444444446,514.1145833333334,150.4826388888889,576,2,2024
12,Castellón/Castelló,12009,Almazora/Almassora,428.4102730819246,350.0,512.77633289987,162.77633289987,1538,2,2024
19,Guadalajara,19257,Sigüenza,428.3975409836066,354.75409836065575,517.483606557377,162.72950819672127,244,2,2024
12,Castellón/Castelló,12089,Peníscola/Peñíscola,428.1456953642384,342.6655629139073,543.0629139072847,200.39735099337742,604,2,2024
33,Asturias,33014,Carreño,428.11387900355874,356.7615658362989,504.66548042704625,147.90391459074732,562,2,2024
04,Almería,04100,Vera,428.09064609450337,350.0,515.159112825458,165.159112825458,1037,2,2024
09,Burgos,09276,"Puebla de Arganzón, La",428.0,362.0,493.0,131.0,12,1,2024
08,Barcelona,08132,Montmajor,428.0,330.0,673.0,343.0,11,1,2024
18,Granada,18185,Ventas de Huelma,428.0,361.0,450.0,89.0,14,1,2024
12,Castellón/Castelló,12138,Vinaròs,427.91100323624596,353.2686084142395,519.4482200647249,166.17961165048536,2472,2,2024
34,Palencia,34004,Aguilar de Campoo,427.9,364.0,505.0,141.0,420,2,2024
28,Madrid,28099,Navas del Rey,427.86486486486484,327.4054054054054,602.5405405405405,275.1351351351351,185,2,2024
43,Tarragona,43170,Vila-rodona,427.7083333333333,317.2916666666667,458.25,140.95833333333331,72,2,2024
15,"Coruña, A",15082,Teo,427.4793388429752,360.07575757575756,533.0730027548209,172.99724517906333,726,2,2024
13,Ciudad Real,13005,Alcázar de San Juan,427.4270833333333,350.55694444444447,507.2388888888889,156.6819444444444,1440,2,2024
45,Toledo,45121,Ocaña,427.40356083086056,352.40356083086056,501.97091988130563,149.56735905044508,1685,2,2024
28,Madrid,28173,Villamanrique de Tajo,427.27272727272725,351.3030303030303,591.030303030303,239.7272727272727,33,2,2024
50,Zaragoza,50099,Épila,427.11764705882354,350.0,529.0294117647059,179.02941176470586,204,2,2024
30,Murcia,30038,"Torres de Cotillas, Las",427.00237529691213,350.0,515.7054631828979,165.70546318289792,421,2,2024
46,Valencia/Valéncia,46246,Tous,427.0,340.0,600.0,260.0,14,1,2024
22,Huesca,22069,Broto,427.0,355.0,500.0,145.0,34,1,2024
31,Navarra,31257,Villatuerta,427.0,299.0,548.0,249.0,12,1,2024
39,Cantabria,39019,Castañeda,426.96774193548384,378.26881720430106,486.1505376344086,107.88172043010752,186,2,2024
25,Lleida,25156,Os de Balaguer,426.7857142857143,362.5,476.7857142857143,114.28571428571428,28,2,2024
22,Huesca,22158,Monzón,426.6680743243243,346.66385135135135,501.3344594594595,154.67060810810813,1184,2,2024
18,Granada,18022,Atarfe,426.65051903114187,350.0,515.3760092272203,165.37600922722027,867,2,2024
15,"Coruña, A",15005,Arteixo,426.4872521246459,354.5945467422096,516.2181303116147,161.62358356940507,2824,2,2024
21,Huelva,21050,Moguer,426.46198830409355,350.0,529.8567251461989,179.85672514619887,342,2,2024
39,Cantabria,39031,Hazas de Cesto,426.24285714285713,357.8285714285714,501.24285714285713,143.4142857142857,70,2,2024
28,Madrid,28120,Rascafría,426.1904761904762,340.0,567.6190476190476,227.6190476190476,105,2,2024
29,Málaga,29087,Sedella,426.0,292.0,600.0,308.0,14,1,2024
21,Huelva,21055,Palos de la Frontera,426.0,377.04347826086956,523.9130434782609,146.8695652173913,138,2,2024
01,Araba/Álava,01009,Asparrena,426.0,402.0,465.0,63.0,38,1,2024
45,Toledo,45165,Talavera de la Reina,425.9148000837346,347.9903705254344,506.7684739376177,158.77810341218333,4777,2,2024
39,Cantabria,39074,Santa María de Cayón,425.56451612903226,358.33870967741933,492.2903225806452,133.95161290322585,496,2,2024
12,Castellón/Castelló,12031,Borriol,425.5431754874652,340.06963788300834,520.6128133704735,180.5431754874652,359,2,2024
29,Málaga,29072,Mollina,425.1748251748252,309.53146853146853,494.3076923076923,184.7762237762238,143,2,2024
41,Sevilla,41005,Alcalá del Río,425.103734439834,369.07883817427387,503.6473029045643,134.56846473029043,241,2,2024
30,Murcia,30035,San Javier,425.0686070686071,365.6964656964657,528.8814968814969,163.18503118503122,1924,2,2024
39,Cantabria,39100,Villafufre,425.0,309.0,610.0,301.0,13,1,2024
04,Almería,04022,Bédar,425.0,225.0,588.0,363.0,12,1,2024
03,Alicante,03029,Benigembla,425.0,300.0,525.0,225.0,23,1,2024
27,Lugo,27023,Guntín,425.0,316.0,654.0,338.0,13,1,2024
15,"Coruña, A",15001,Abegondo,425.0,345.0,631.0,286.0,69,1,2024
22,Huesca,22221,Sesué,425.0,352.0,497.0,145.0,11,1,2024
39,Cantabria,39066,Ruente,425.0,325.0,558.0,233.0,15,1,2024
37,Salamanca,37023,Aldeatejada,424.95454545454544,341.0681818181818,570.0,228.9318181818182,88,2,2024
25,Lleida,25209,Sort,424.82716049382714,352.34567901234567,498.0246913580247,145.67901234567904,243,2,2024
31,Navarra,31202,Peralta/Azkoien,424.82278481012656,342.0379746835443,499.0,156.9620253164557,158,2,2024
03,Alicante,03055,Catral,424.63157894736844,350.0,533.3684210526316,183.36842105263156,190,2,2024
36,Pontevedra,36045,Redondela,424.46926829268295,358.79414634146343,524.8975609756097,166.1034146341463,1025,2,2024
46,Valencia/Valéncia,46031,Alginet,424.4594594594595,345.4054054054054,532.1621621621622,186.75675675675677,555,2,2024
29,Málaga,29079,Periana,424.25,322.9375,493.03125,170.09375,32,2,2024
26,"Rioja, La",26013,Anguciana,424.0,296.0,491.0,195.0,10,1,2024
45,Toledo,45031,Camarena,423.98130841121497,353.1588785046729,514.9532710280374,161.79439252336454,321,2,2024
41,Sevilla,41102,"Viso del Alcor, El",423.7351351351351,328.9189189189189,497.1459459459459,168.22702702702702,185,2,2024
17,Girona,17102,Maçanet de Cabrenys,423.3673469387755,321.7142857142857,495.1224489795918,173.4081632653061,49,2,2024
45,Toledo,45036,Carmena,423.1111111111111,377.77777777777777,494.22222222222223,116.44444444444446,27,2,2024
18,Granada,18165,Pulianas,422.94505494505495,356.04395604395603,520.7912087912088,164.74725274725273,91,2,2024
31,Navarra,31084,Etxarri Aranatz,422.0,377.0,469.0,92.0,34,1,2024
17,Girona,17064,Espolla,422.0,322.0,600.0,278.0,18,1,2024
50,Zaragoza,50123,Grisén,422.0,353.0,500.0,147.0,28,1,2024
25,Lleida,25011,Alcarràs,421.5966587112172,363.1491646778043,484.1766109785203,121.02744630071595,838,2,2024
08,Barcelona,08048,Carme,421.5,258.0,473.0,215.0,32,2,2024
25,Lleida,25110,Guissona,421.4117647058824,375.8235294117647,494.4117647058824,118.58823529411768,374,2,2024
47,Valladolid,47175,Tudela de Duero,421.34567901234567,356.84156378600824,485.5761316872428,128.73456790123458,486,2,2024
17,Girona,17138,Portbou,421.2112676056338,352.056338028169,517.1971830985915,165.14084507042247,71,2,2024
18,Granada,18057,Cúllar Vega,421.14285714285717,358.85714285714283,498.4,139.54285714285714,280,2,2024
37,Salamanca,37362,Villares de la Reina,420.8333333333333,357.9166666666667,482.3958333333333,124.47916666666663,432,2,2024
30,Murcia,30003,Águilas,420.51419800460474,346.68073676132,511.2854950115119,164.60475825019188,1303,2,2024
29,Málaga,29013,Alozaina,420.0,320.0,659.0,339.0,15,1,2024
28,Madrid,28034,Canencia,420.0,383.0,912.0,529.0,22,1,2024
33,Asturias,33030,Illas,420.0,348.0,500.0,152.0,23,1,2024
08,Barcelona,08229,Sant Mateu de Bages,420.0,315.7142857142857,492.0,176.28571428571428,21,2,2024
27,Lugo,27014,"Corgo, O",420.0,320.0,566.0,246.0,30,1,2024
01,Araba/Álava,01043,Oyón-Oion,420.0,356.0,474.0,118.0,85,1,2024
36,Pontevedra,36051,Sanxenxo,419.54954954954957,350.0,520.4684684684685,170.46846846846847,555,2,2024
08,Barcelona,08018,Balsareny,419.3921568627451,334.2549019607843,500.0,165.7450980392157,153,2,2024
21,Huelva,21005,Almonte,419.36842105263156,354.3157894736842,518.0631578947368,163.7473684210526,285,2,2024
33,Asturias,33036,Llanes,419.06976744186045,350.0,521.7209302325581,171.7209302325581,688,2,2024
50,Zaragoza,50150,Lumpiaque,419.0,307.0,500.0,193.0,24,1,2024
46,Valencia/Valéncia,46248,Turís,418.95604395604397,317.2087912087912,553.5164835164835,236.30769230769232,273,2,2024
39,Cantabria,39025,"Corrales de Buelna, Los",418.90909090909093,340.961038961039,490.75324675324674,149.79220779220776,385,2,2024
38,Santa Cruz de Tenerife,38050,Vallehermoso,418.741935483871,331.0,578.0322580645161,247.0322580645161,31,2,2024
24,León,24142,San Andrés del Rabanedo,418.3631284916201,347.1173184357542,489.7977653631285,142.6804469273743,1790,2,2024
39,Cantabria,39091,Valdáliga,418.3333333333333,319.0,502.5,183.5,30,2,2024
28,Madrid,28135,Santa María de la Alameda,418.3333333333333,331.6666666666667,643.0,311.3333333333333,66,2,2024
03,Alicante,03070,Formentera del Segura,418.2,348.5,497.65,149.14999999999998,220,2,2024
03,Alicante,03104,Petrer,418.1438645980254,343.2552891396333,504.95063469675597,161.69534555712266,709,2,2024
25,Lleida,25124,Lladurs,418.0,170.0,525.0,355.0,10,1,2024
24,León,24065,Chozas de Abajo,418.0,350.0,500.0,150.0,32,1,2024
47,Valladolid,47218,Villanueva de Duero,418.0,337.0,554.0,217.0,14,1,2024
25,Lleida,25193,Sant Llorenç de Morunys,417.6666666666667,314.1333333333333,509.1111111111111,194.97777777777776,90,2,2024
26,"Rioja, La",26005,Albelda de Iregua,417.3191489361702,347.0496453900709,459.1489361702128,112.09929078014187,141,2,2024
46,Valencia/Valéncia,46048,Bellreguard,417.24242424242425,345.6363636363636,536.1212121212121,190.4848484848485,165,2,2024
31,Navarra,31176,Murchante,417.2,314.2,505.8,191.60000000000002,80,2,2024
15,"Coruña, A",15002,Ames,417.1020408163265,356.74120082815733,490.7586512866016,134.01745045844427,3381,2,2024
46,Valencia/Valéncia,46217,Rotglà i Corberà,417.0,251.0,528.0,277.0,10,1,2024
31,Navarra,31138,Lakuntza,417.0,299.0,478.0,179.0,23,1,2024
46,Valencia/Valéncia,46233,Sollana,416.86486486486484,343.72972972972974,500.0,156.27027027027026,185,2,2024
14,Córdoba,14067,Villafranca de Córdoba,416.7391304347826,376.4492753623188,478.0289855072464,101.57971014492756,69,2,2024
08,Barcelona,08016,Bagà,416.65822784810126,333.34177215189874,529.1139240506329,195.7721518987342,158,2,2024
21,Huelva,21021,Cartaya,416.59528907922913,338.6423982869379,535.1948608137045,196.5524625267666,467,2,2024
25,Lleida,25029,Arbeca,416.54545454545456,300.0,538.0,238.0,33,2,2024
18,Granada,18905,"Gabias, Las",416.51542152159016,358.60178204249485,496.5044551062372,137.90267306374233,1459,2,2024
04,Almería,04103,Zurgena,416.4516129032258,341.1290322580645,528.0645161290323,186.9354838709678,62,2,2024
28,Madrid,28109,Pelayos de la Presa,416.44444444444446,325.8169934640523,557.7124183006536,231.89542483660125,153,2,2024
25,Lleida,25027,Anglesola,416.2352941176471,368.11764705882354,468.0,99.88235294117646,34,2,2024
36,Pontevedra,36028,Meis,416.2280701754386,317.63157894736844,515.5964912280701,197.9649122807017,57,2,2024
08,Barcelona,08012,Avinyó,416.15841584158414,300.56435643564356,519.9306930693069,219.36633663366337,101,2,2024
46,Valencia/Valéncia,46077,Buñol,416.1225806451613,309.19032258064516,506.3,197.10967741935485,310,2,2024
25,Lleida,25912,Gimenells i el Pla de la Font,416.0,400.0,462.0,62.0,14,1,2024
47,Valladolid,47182,Valdestillas,416.0,350.0,520.0,170.0,14,1,2024
30,Murcia,30902,"Alcázares, Los",415.84353214562356,343.7722695584818,493.1959721146398,149.423702556158,1291,2,2024
47,Valladolid,47217,Villanubla,415.7608695652174,345.4130434782609,482.9347826086956,137.52173913043475,138,2,2024
08,Barcelona,08212,Sant Feliu Sasserra,415.6774193548387,266.7741935483871,499.0967741935484,232.32258064516134,31,2,2024
25,Lleida,25047,Bellcaire d'Urgell,415.44444444444446,341.77777777777777,505.55555555555554,163.77777777777777,27,2,2024
43,Tarragona,43139,Santa Coloma de Queralt,415.4166666666667,323.3333333333333,469.5833333333333,146.25,108,2,2024
17,Girona,17145,Ribes de Freser,415.3503184713376,330.68152866242036,552.6687898089172,221.9872611464968,157,2,2024
08,Barcelona,08171,Prats de Lluçanès,415.1783783783784,315.8162162162162,494.64324324324326,178.82702702702704,185,2,2024
45,Toledo,45012,Almonacid de Toledo,415.1020408163265,376.0,448.3469387755102,72.34693877551018,49,2,2024
46,Valencia/Valéncia,46143,Xeraco,415.0,345.0,513.8333333333334,168.83333333333337,186,2,2024
43,Tarragona,43155,Tortosa,414.96136962247584,338.1299385425812,505.6435469710272,167.513608428446,2278,2,2024
50,Zaragoza,50262,Torres de Berrellén,414.6341463414634,331.8048780487805,529.5121951219512,197.7073170731707,41,2,2024
46,Valencia/Valéncia,46195,Piles,414.2384105960265,343.5298013245033,546.3576158940398,202.82781456953649,151,2,2024
40,Segovia,40077,Espirdo,414.1837837837838,321.38378378378377,483.6,162.21621621621625,185,2,2024
40,Segovia,40170,Riaza,414.1475409836066,360.8032786885246,464.75409836065575,103.95081967213116,122,2,2024
43,Tarragona,43136,Sant Carles de la Ràpita,413.9900299102692,347.9361914257228,506.87936191425723,158.9431704885344,1003,2,2024
37,Salamanca,37092,Castellanos de Moriscos,413.9501779359431,345.34163701067615,473.1886120996441,127.84697508896795,281,2,2024
36,Pontevedra,36055,Tui,413.54852320675104,335.65400843881855,511.9198312236287,176.26582278481015,711,2,2024
45,Toledo,45025,Cabañas de la Sagra,413.5049504950495,321.7821782178218,483.7722772277228,161.99009900990097,101,2,2024
45,Toledo,45002,Alameda de la Sagra,413.49693251533745,349.60122699386505,516.5214723926381,166.92024539877303,163,2,2024
03,Alicante,03048,Callosa d'En Sarrià,413.39285714285717,340.48214285714283,492.85714285714283,152.375,280,2,2024
11,Cádiz,11039,Vejer de la Frontera,413.2262443438914,316.6425339366516,522.3981900452488,205.75565610859724,221,2,2024
29,Málaga,29055,Fuente de Piedra,413.2083333333333,340.4166666666667,510.5,170.08333333333331,72,2,2024
25,Lleida,25211,Sudanell,413.0,395.0,470.0,75.0,14,1,2024
31,Navarra,31038,Artajona,412.8095238095238,327.5952380952381,480.42857142857144,152.83333333333337,42,2,2024
08,Barcelona,08226,Sant Martí de Tous,412.70588235294116,321.0,484.6470588235294,163.6470588235294,34,2,2024
45,Toledo,45118,Novés,412.5,325.89130434782606,525.4782608695652,199.58695652173918,92,2,2024
25,Lleida,25217,Tàrrega,412.35792349726773,349.51502732240436,494.3483606557377,144.83333333333331,1464,2,2024
31,Navarra,31006,Ablitas,412.3,336.0,516.15,180.14999999999998,40,2,2024
17,Girona,17224,Vilallonga de Ter,412.29787234042556,304.1063829787234,528.2127659574468,224.1063829787234,47,2,2024
47,Valladolid,47090,Mojados,412.0232558139535,330.0,508.6744186046512,178.67441860465118,86,2,2024
25,Lleida,25251,Vilanova de Segrià,411.7391304347826,307.30434782608694,612.8695652173913,305.5652173913043,23,2,2024
08,Barcelona,08175,Puig-reig,411.69278996865205,339.9373040752351,494.90595611285266,154.96865203761757,319,2,2024
50,Zaragoza,50095,Ejea de los Caballeros,411.62393162393164,341.51404151404154,474.41269841269843,132.8986568986569,819,2,2024
25,Lleida,25002,Àger,411.60869565217394,358.7826086956522,533.5652173913044,174.7826086956522,23,2,2024
39,Cantabria,39002,Ampuero,411.4347826086956,368.2173913043478,463.04347826086956,94.82608695652175,138,2,2024
33,Asturias,33019,Colunga,411.36842105263156,336.63157894736844,543.3684210526316,206.73684210526312,114,2,2024
25,Lleida,25058,"Borges Blanques, Les",411.06887052341597,346.90358126721765,468.5234159779614,121.61983471074376,363,2,2024
17,Girona,17164,Sant Hilari Sacalm,410.92134831460675,329.6741573033708,548.5730337078652,218.8988764044944,356,2,2024
03,Alicante,03903,"Montesinos, Los",410.80213903743316,350.45454545454544,487.01604278074865,136.5614973262032,187,2,2024
36,Pontevedra,36004,Bueu,410.625,341.38513513513516,500.0,158.61486486486484,296,2,2024
50,Zaragoza,50204,Pedrola,410.0507614213198,349.497461928934,476.61928934010155,127.12182741116754,197,2,2024
46,Valencia/Valéncia,46227,Senyera,410.0,300.0,496.0,196.0,15,1,2024
30,Murcia,30041,"Unión, La",409.87748851454825,341.1102603369066,487.63093415007654,146.52067381316994,653,2,2024
49,Zamora,49275,Zamora,409.813200498132,348.13200498132005,490.560398505604,142.42839352428393,4015,2,2024
13,Ciudad Real,13015,Almodóvar del Campo,409.61538461538464,314.84615384615387,502.2307692307692,187.38461538461536,52,2,2024
40,Segovia,40031,Bernuy de Porreros,409.4736842105263,325.94736842105266,464.89473684210526,138.9473684210526,133,2,2024
43,Tarragona,43055,Falset,409.0,336.4142857142857,536.3714285714286,199.9571428571429,140,2,2024
30,Murcia,30037,Torre-Pacheco,408.9266842800528,336.6875825627477,490.6340819022457,153.94649933949802,1514,2,2024
38,Santa Cruz de Tenerife,38030,Puntallana,408.46153846153845,330.2153846153846,500.7076923076923,170.4923076923077,65,2,2024
32,Ourense,32054,Ourense,408.2749003984064,347.84362549800795,500.0,152.15637450199205,10040,2,2024
03,Alicante,03102,Pego,408.2142857142857,340.5,537.1428571428571,196.6428571428571,266,2,2024
12,Castellón/Castelló,12085,Oropesa del Mar/Orpesa,408.17622950819674,343.5598360655738,510.9016393442623,167.34180327868853,1220,2,2024
46,Valencia/Valéncia,46120,Estivella,408.09090909090907,345.27272727272725,563.0454545454545,217.77272727272725,44,2,2024
31,Navarra,31010,Altsasu/Alsasua,408.0,332.0,499.0,167.0,183,1,2024
46,Valencia/Valéncia,46064,Benimuslem,408.0,264.0,499.0,235.0,16,1,2024
39,Cantabria,39084,Solórzano,408.0,367.0,519.0,152.0,13,1,2024
15,"Coruña, A",15027,Coirós,408.0,298.0,600.0,302.0,24,1,2024
46,Valencia/Valéncia,46026,Alfarp,407.9714285714286,358.0857142857143,547.6857142857143,189.60000000000002,35,2,2024
33,Asturias,33041,Navia,407.7886597938144,349.12371134020617,483.39690721649487,134.2731958762887,388,2,2024
41,Sevilla,41019,Burguillos,407.5401069518717,339.96791443850265,487.7005347593583,147.73262032085563,187,2,2024
04,Almería,04049,Garrucha,407.51557093425606,346.97231833910035,501.21107266435985,154.2387543252595,578,2,2024
46,Valencia/Valéncia,46235,Sueca,407.4125113327289,344.50045330915685,515.3544877606528,170.85403445149592,1103,2,2024
17,Girona,17036,Campdevànol,407.3979591836735,328.9387755102041,528.3673469387755,199.42857142857144,196,2,2024
46,Valencia/Valéncia,46083,Carcaixent,407.3880813953488,325.1598837209302,507.0668604651163,181.90697674418607,688,2,2024
21,Huelva,21042,Isla Cristina,407.3188405797101,350.0,494.1449275362319,144.14492753623188,552,2,2024
03,Alicante,03025,Benferri,407.02777777777777,328.75,487.25,158.5,36,2,2024
49,Zamora,49125,Moraleja del Vino,407.0,369.0,450.0,81.0,20,1,2024
41,Sevilla,41069,"Palacios y Villafranca, Los",406.8727272727273,331.27272727272725,482.3454545454546,151.07272727272732,275,2,2024
35,"Palmas, Las",35032,Valleseco,406.8524590163934,283.39344262295083,501.60655737704917,218.21311475409834,61,2,2024
38,Santa Cruz de Tenerife,38042,"Silos, Los",406.83505154639175,323.2886597938144,570.9278350515464,247.63917525773195,97,2,2024
22,Huesca,22066,Boltaña,406.8313253012048,338.43373493975906,526.3253012048193,187.89156626506025,83,2,2024
17,Girona,17054,Colera,406.75,330.2291666666667,568.3333333333334,238.10416666666669,48,2,2024
16,Cuenca,16134,Motilla del Palancar,406.5800865800866,349.3982683982684,500.0,150.60173160173161,231,2,2024
03,Alicante,03904,San Isidro,406.46153846153845,340.61538461538464,464.15384615384613,123.53846153846149,91,2,2024
38,Santa Cruz de Tenerife,38013,Frontera,406.41911764705884,343.1029411764706,592.9044117647059,249.80147058823525,136,2,2024
47,Valladolid,47050,Cigales,406.34328358208955,351.94029850746267,470.14925373134326,118.2089552238806,335,2,2024
10,Cáceres,10148,Plasencia,406.3432494279176,339.2356979405034,486.0503432494279,146.81464530892447,2185,2,2024
41,Sevilla,41018,Brenes,406.0973451327434,350.0,468.46017699115043,118.46017699115043,226,2,2024
43,Tarragona,43054,"Espluga de Francolí, L'",406.0,351.5,481.25,129.75,160,2,2024
25,Lleida,25242,Verdú,406.0,356.0,450.0,94.0,14,1,2024
36,Pontevedra,36002,Barro,405.27906976744185,304.4651162790698,531.8604651162791,227.39534883720933,43,2,2024
04,Almería,04075,Pulpí,405.199203187251,300.57768924302786,487.33067729083666,186.7529880478088,251,2,2024
03,Alicante,03061,Daya Nueva,405.0,338.0,550.0,212.0,25,1,2024
17,Girona,17167,Sant Joan de les Abadesses,404.69465648854964,299.3854961832061,486.77862595419845,187.39312977099235,262,2,2024
22,Huesca,22199,Sabiñánigo,404.2440318302387,326.2122015915119,476.7055702917772,150.49336870026525,754,2,2024
45,Toledo,45091,Maqueda,404.0,392.0,455.0,63.0,16,1,2024
45,Toledo,45171,"Torre de Esteban Hambrán, La",403.8181818181818,315.05454545454546,485.09090909090907,170.0363636363636,55,2,2024
30,Murcia,30005,Alcantarilla,403.80132450331126,301.21854304635764,500.0,198.78145695364236,1510,2,2024
15,"Coruña, A",15015,Cabanas,403.66101694915255,306.66101694915255,527.0338983050848,220.37288135593224,118,2,2024
46,Valencia/Valéncia,46184,Ontinyent,403.6281050390348,301.153300212917,470.42441447835347,169.2711142654365,1409,2,2024
26,"Rioja, La",26018,Arnedo,403.6216216216216,336.43243243243245,495.4594594594595,159.02702702702703,592,2,2024
30,Murcia,30036,San Pedro del Pinatar,403.474762253109,346.0848573518654,489.7293343087052,143.64447695683975,1367,2,2024
40,Segovia,40216,Valverde del Majano,403.2258064516129,337.0967741935484,489.9032258064516,152.80645161290317,93,2,2024
32,Ourense,32008,Barbadás,403.0681818181818,351.70454545454544,459.03409090909093,107.3295454545455,704,2,2024
38,Santa Cruz de Tenerife,38047,Tijarafe,403.0,300.0,546.0,246.0,40,1,2024
47,Valladolid,47104,Olmedo,402.78225806451616,349.1532258064516,455.1693548387097,106.0161290322581,124,2,2024
50,Zaragoza,50165,Mequinenza,402.741935483871,340.51612903225805,479.2903225806452,138.77419354838713,62,2,2024
45,Toledo,45173,Torrijos,402.6752767527675,343.75645756457567,464.28044280442805,120.52398523985238,813,2,2024
03,Alicante,03066,Elda,402.6326666666667,339.788,490.2126666666667,150.42466666666667,1500,2,2024
18,Granada,18079,Fuente Vaqueros,402.4146341463415,336.3414634146341,483.2926829268293,146.95121951219517,41,2,2024
25,Lleida,25038,Aitona,402.2093023255814,313.4186046511628,580.7674418604652,267.34883720930236,43,2,2024
25,Lleida,25043,"Vall de Boí, La",402.0,350.0,479.0,129.0,64,1,2024
46,Valencia/Valéncia,46122,Faura,402.0,340.1333333333333,482.6666666666667,142.53333333333336,150,2,2024
27,Lugo,27028,Lugo,401.9000391491583,336.50006524859714,500.816651441994,164.31658619339686,7663,2,2024
36,Pontevedra,36053,Soutomaior,401.6132075471698,345.5188679245283,485.4811320754717,139.96226415094338,424,2,2024
39,Cantabria,39059,Reinosa,401.4268585131895,345.4724220623501,486.0335731414868,140.56115107913666,417,2,2024
33,Asturias,33012,Cangas de Onís,401.14018691588785,343.58644859813086,474.27570093457945,130.6892523364486,428,2,2024
42,Soria,42134,Ólvega,401.1046511627907,330.43023255813955,455.5232558139535,125.09302325581393,172,2,2024
19,Guadalajara,19053,Brihuega,401.0472972972973,323.7162162162162,504.18918918918916,180.47297297297297,148,2,2024
01,Araba/Álava,01017,Campezo/Kanpezu,401.0,361.0,497.0,136.0,10,1,2024
12,Castellón/Castelló,12074,"Llosa, la",401.0,300.0,414.0,114.0,22,1,2024
01,Araba/Álava,01033,Lapuebla de Labarca,401.0,301.0,429.0,128.0,10,1,2024
09,Burgos,09406,Valdorros,401.0,357.0,542.0,185.0,13,1,2024
01,Araba/Álava,01028,Labastida/Bastida,401.0,381.0,473.0,92.0,15,1,2024
50,Zaragoza,50251,Tarazona,400.76957494407156,331.6510067114094,490.11633109619686,158.46532438478744,447,2,2024
03,Alicante,03093,Novelda,400.70588235294116,342.88235294117646,489.47058823529414,146.58823529411768,680,2,2024
50,Zaragoza,50025,"Almunia de Doña Godina, La",400.7003816793893,339.7080152671756,475.48664122137404,135.77862595419845,524,2,2024
50,Zaragoza,50067,Calatayud,400.64516129032256,323.8709677419355,463.06451612903226,139.19354838709677,1333,2,2024
39,Cantabria,39055,Potes,400.4186046511628,350.9767441860465,468.0,117.02325581395348,86,2,2024
08,Barcelona,08128,Monistrol de Calders,400.2857142857143,305.7142857142857,516.4285714285714,210.71428571428572,28,2,2024
12,Castellón/Castelló,12126,"Vall d'Uixó, la",400.1197110423117,338.0918472652219,496.5562435500516,158.46439628482972,969,2,2024
18,Granada,18916,Torrenueva Costa,400.0,351.0,477.0,126.0,118,1,2024
41,Sevilla,41063,"Molares, Los",400.0,350.0,529.0,179.0,40,1,2024
41,Sevilla,41075,Pilas,400.0,347.6111111111111,483.05555555555554,135.44444444444446,216,2,2024
45,Toledo,45189,Villamiel de Toledo,400.0,345.03846153846155,483.65384615384613,138.61538461538458,26,2,2024
18,Granada,18138,Moraleda de Zafayona,400.0,200.0,800.0,600.0,15,1,2024
05,Ávila,05245,Tornadizos de Ávila,400.0,300.0,478.0,178.0,11,1,2024
25,Lleida,25126,Llavorsí,400.0,350.0,508.0,158.0,10,1,2024
41,Sevilla,41003,Albaida del Aljarafe,400.0,350.0,500.0,150.0,39,1,2024
25,Lleida,25062,Camarasa,400.0,267.0,550.0,283.0,11,1,2024
45,Toledo,45181,Velada,400.0,300.0,409.0,109.0,27,1,2024
41,Sevilla,41025,Carrión de los Céspedes,400.0,319.0,476.0,157.0,37,1,2024
03,Alicante,03091,Murla,400.0,250.0,796.0,546.0,11,1,2024
25,Lleida,25033,Artesa de Lleida,400.0,306.0,550.0,244.0,26,1,2024
47,Valladolid,47098,Mucientes,400.0,350.0,446.0,96.0,19,1,2024
48,Bizkaia,48028,Ea,400.0,315.0,500.0,185.0,19,1,2024
25,Lleida,25073,Cervià de les Garrigues,400.0,380.0,488.0,108.0,12,1,2024
50,Zaragoza,50199,Osera de Ebro,400.0,358.0,433.0,75.0,14,1,2024
02,Albacete,02009,Almansa,400.0,327.0,462.5,135.5,780,2,2024
17,Girona,17116,Osor,400.0,309.0,685.0,376.0,18,1,2024
22,Huesca,22103,Estadilla,400.0,306.0,483.0,177.0,12,1,2024
46,Valencia/Valéncia,46085,Carlet,400.0,322.84991568296795,500.0,177.15008431703205,593,2,2024
02,Albacete,02029,Chinchilla de Monte-Aragón,400.0,338.963963963964,469.86486486486484,130.90090090090087,222,2,2024
25,Lleida,25050,Bellpuig,400.0,353.4366197183099,465.6866197183099,112.25,284,2,2024
33,Asturias,33055,Ribadedeva,400.0,349.0,450.0,101.0,37,1,2024
21,Huelva,21072,Valverde del Camino,400.0,330.16022099447514,487.0662983425414,156.90607734806628,181,2,2024
36,Pontevedra,36022,"Grove, O",400.0,333.09141274238226,485.3573407202216,152.26592797783934,361,2,2024
50,Zaragoza,50053,Boquiñeni,400.0,306.0,421.0,115.0,12,1,2024
08,Barcelona,08160,Perafita,400.0,299.0,476.0,177.0,21,1,2024
25,Lleida,25052,Bellvís,400.0,352.1333333333333,478.6666666666667,126.53333333333336,75,2,2024
45,Toledo,45032,Camarenilla,400.0,400.0,466.0,66.0,15,1,2024
19,Guadalajara,19138,Hita,400.0,278.0,450.0,172.0,11,1,2024
25,Lleida,25019,Almacelles,400.0,350.0,452.1512605042017,102.15126050420167,357,2,2024
29,Málaga,29009,Almáchar,400.0,300.0,450.0,150.0,17,1,2024
46,Valencia/Valéncia,46037,"Alqueria de la Comtessa, l'",400.0,300.0,603.0,303.0,11,1,2024
22,Huesca,22234,Torrente de Cinca,400.0,324.72727272727275,464.72727272727275,140.0,22,2,2024
40,Segovia,40179,Sanchonuño,400.0,353.0,435.0,82.0,21,1,2024
40,Segovia,40173,Roda de Eresma,400.0,378.0,488.0,110.0,12,1,2024
39,Cantabria,39043,Meruelo,400.0,350.0,450.0,100.0,66,1,2024
26,"Rioja, La",26105,Navarrete,400.0,330.0,460.0,130.0,79,1,2024
28,Madrid,28076,Lozoya,400.0,318.62068965517244,509.17241379310343,190.551724137931,58,2,2024
25,Lleida,25901,Vall de Cardós,400.0,285.0,486.0,201.0,21,1,2024
45,Toledo,45154,San Román de los Montes,400.0,340.0,519.0,179.0,56,1,2024
33,Asturias,33067,Sobrescobio,400.0,300.0,480.0,180.0,11,1,2024
32,Ourense,32079,Taboadela,400.0,302.0,544.0,242.0,17,1,2024
15,"Coruña, A",15064,Paderne,400.0,246.0,509.0,263.0,32,1,2024
36,Pontevedra,36006,Cambados,400.0,350.0,482.7169811320755,132.7169811320755,371,2,2024
35,"Palmas, Las",35025,Tejeda,400.0,312.0,533.0,221.0,14,1,2024
32,Ourense,32052,Nogueira de Ramuín,400.0,300.0,482.0,182.0,13,1,2024
41,Sevilla,41101,Villaverde del Río,400.0,350.0,437.0,87.0,30,1,2024
26,"Rioja, La",26061,Ezcaray,400.0,350.0,450.0,100.0,67,1,2024
26,"Rioja, La",26042,Casalarreina,400.0,300.0,475.0,175.0,17,1,2024
41,Sevilla,41013,Aznalcóllar,400.0,303.0,482.0,179.0,27,1,2024
39,Cantabria,39064,Riotuerto,400.0,308.95,485.75,176.8,40,2,2024
21,Huelva,21044,Lepe,400.0,329.46014492753625,491.47463768115944,162.0144927536232,552,2,2024
40,Segovia,40225,Villacastín,400.0,329.93150684931504,493.67123287671234,163.7397260273973,73,2,2024
46,Valencia/Valéncia,46212,Real,400.0,332.4271844660194,478.3203883495146,145.89320388349518,103,2,2024
46,Valencia/Valéncia,46109,Cheste,400.0,327.88535031847135,504.98301486199574,177.0976645435244,471,2,2024
36,Pontevedra,36037,Pazos de Borbén,400.0,345.0,500.0,155.0,27,1,2024
21,Huelva,21033,Fuenteheridos,400.0,258.0,550.0,292.0,27,1,2024
21,Huelva,21035,Gibraleón,400.0,325.6,450.0,124.39999999999998,170,2,2024
21,Huelva,21046,Lucena del Puerto,400.0,256.0,472.0,216.0,16,1,2024
16,Cuenca,16106,Horcajo de Santiago,400.0,339.1111111111111,473.3703703703704,134.2592592592593,81,2,2024
45,Toledo,45018,Barcience,400.0,325.0,500.0,175.0,55,1,2024
46,Valencia/Valéncia,46146,Xeresa,400.0,318.22033898305085,514.0338983050848,195.81355932203394,59,2,2024
46,Valencia/Valéncia,46222,Sant Joanet,400.0,300.0,448.0,148.0,16,1,2024
36,Pontevedra,36031,Mondariz-Balneario,400.0,300.0,450.0,150.0,39,1,2024
50,Zaragoza,50137,Leciñena,400.0,349.0,500.0,151.0,11,1,2024
24,León,24115,Ponferrada,399.7960163186945,331.5929925605952,464.7333813294936,133.14038876889845,4167,2,2024
13,Ciudad Real,13071,Puertollano,399.7739463601533,343.2183908045977,454.52107279693485,111.30268199233717,1044,2,2024
46,Valencia/Valéncia,46139,Guadassuar,399.6857142857143,324.25714285714287,458.0571428571429,133.8,105,2,2024
14,Córdoba,14005,Almodóvar del Río,399.5974025974026,330.83116883116884,481.12987012987014,150.2987012987013,77,2,2024
15,"Coruña, A",15009,Betanzos,399.590099009901,328.1059405940594,469.57722772277225,141.47128712871285,1010,2,2024
32,Ourense,32075,San Cibrao das Viñas,399.5031847133758,324.8407643312102,518.9872611464968,194.14649681528664,157,2,2024
12,Castellón/Castelló,12901,Alquerías del Niño Perdido,399.46078431372547,310.2450980392157,483.98039215686276,173.73529411764707,102,2,2024
41,Sevilla,41068,Osuna,399.4503816793893,301.09923664122135,486.70992366412213,185.61068702290078,262,2,2024
19,Guadalajara,19192,Mondéjar,399.3543307086614,322.9685039370079,473.33858267716533,150.37007874015745,127,2,2024
12,Castellón/Castelló,12084,Onda,399.1006346328196,321.58476881233,460.7488667271079,139.16409791477787,1103,2,2024
47,Valladolid,47184,Valoria la Buena,399.0,326.0,503.0,177.0,10,1,2024
25,Lleida,25046,Belianes,399.0,328.0,422.0,94.0,12,1,2024
31,Navarra,31049,Basaburua,399.0,359.0,464.0,105.0,18,1,2024
31,Navarra,31169,Milagro,399.0,349.0,495.77777777777777,146.77777777777777,72,2,2024
31,Navarra,31251,Viana,399.0,308.0,477.0,169.0,96,1,2024
31,Navarra,31159,Lumbier,399.0,349.0,449.0,100.0,39,1,2024
29,Málaga,29902,Villanueva de la Concepción,399.0,278.0,506.0,228.0,14,1,2024
46,Valencia/Valéncia,46028,Algar de Palancia,399.0,268.0,613.0,345.0,14,1,2024
06,Badajoz,06158,Zafra,398.9294117647059,335.6823529411765,461.2576470588235,125.57529411764705,850,2,2024
46,Valencia/Valéncia,46063,Benimodo,398.83720930232556,330.4418604651163,487.0,156.5581395348837,43,2,2024
18,Granada,18157,Pinos Genil,398.7068965517241,315.8103448275862,468.7241379310345,152.91379310344826,58,2,2024
03,Alicante,03009,Alcoy/Alcoi,398.6961699388478,320.76601223044736,470.28001287415515,149.5140006437078,3107,2,2024
45,Toledo,45102,Mocejón,398.6933333333333,300.6533333333333,475.82666666666665,175.17333333333335,150,2,2024
30,Murcia,30018,Ceutí,398.45871559633025,317.3302752293578,461.4678899082569,144.13761467889907,327,2,2024
46,Valencia/Valéncia,46029,Algemesí,398.36469221835074,327.77003484320556,471.8583042973287,144.08826945412312,861,2,2024
45,Toledo,45014,Añover de Tajo,398.3644859813084,297.86915887850466,535.6915887850467,237.82242990654208,107,2,2024
25,Lleida,25040,Balaguer,398.31863186318634,324.68046804680466,458.77587758775877,134.0954095409541,1111,2,2024
22,Huesca,22213,Sariñena,398.26589595375725,296.1849710982659,450.0,153.81502890173408,173,2,2024
04,Almería,04902,"Ejido, El",398.03549319026,342.9839042509286,487.3338836153529,144.34997936442426,2423,2,2024
03,Alicante,03075,"Castell de Guadalest, el",398.0,288.0,484.0,196.0,14,1,2024
15,"Coruña, A",15003,Aranga,398.0,258.0,424.0,166.0,18,1,2024
46,Valencia/Valéncia,46155,Llaurí,397.72,273.52,499.84,226.32,25,2,2024
08,Barcelona,08131,Montesquiu,397.4651162790698,275.4186046511628,504.6046511627907,229.18604651162786,86,2,2024
12,Castellón/Castelló,12082,Nules,397.2299065420561,313.6672897196262,498.6654205607477,184.9981308411215,535,2,2024
46,Valencia/Valéncia,46058,Benifairó de les Valls,397.2,338.9529411764706,471.15294117647056,132.2,85,2,2024
36,Pontevedra,36026,Marín,397.1752837326608,332.7402269861286,459.10718789407315,126.36696090794453,793,2,2024
42,Soria,42020,Almazán,397.0108695652174,323.9402173913044,452.9891304347826,129.04891304347825,184,2,2024
15,"Coruña, A",15036,Ferrol,396.5931034482759,308.49655172413793,498.4758620689655,189.97931034482758,4060,2,2024
25,Lleida,25048,Bell-lloc d'Urgell,396.54901960784315,316.37254901960785,467.0980392156863,150.72549019607845,102,2,2024
46,Valencia/Valéncia,46123,Favara,396.42857142857144,311.04761904761904,508.85714285714283,197.8095238095238,84,2,2024
15,"Coruña, A",15021,Carral,396.2133333333333,337.952,464.4746666666667,126.52266666666668,375,2,2024
08,Barcelona,08049,Casserres,396.2043010752688,275.0430107526882,559.6666666666666,284.62365591397844,93,2,2024
10,Cáceres,10131,Navalmoral de la Mata,396.07814045499504,320.06132542037585,453.90702274975274,133.8456973293769,1011,2,2024
23,Jaén,23092,Úbeda,396.01157742402313,323.16931982633866,454.1837916063676,131.01447178002894,1382,2,2024
47,Valladolid,47114,Peñafiel,396.0,346.9178082191781,442.1095890410959,95.1917808219178,219,2,2024
25,Lleida,25215,Talarn,396.0,300.0,431.0,131.0,14,1,2024
28,Madrid,28070,Horcajo de la Sierra-Aoslos,396.0,338.0,550.0,212.0,25,1,2024
45,Toledo,45143,Quismondo,396.0,337.39130434782606,480.1304347826087,142.73913043478262,46,2,2024
45,Toledo,45015,Arcicóllar,396.0,361.0,588.0,227.0,12,1,2024
03,Alicante,03015,Almoradí,395.9139784946237,328.36021505376345,464.0376344086022,135.67741935483872,744,2,2024
21,Huelva,21064,San Juan del Puerto,395.30864197530866,336.4567901234568,480.21604938271605,143.75925925925924,162,2,2024
23,Jaén,23060,Martos,395.09018036072143,340.18036072144287,454.90981963927857,114.7294589178357,499,2,2024
30,Murcia,30007,Alguazas,395.0451612903226,300.0,455.98064516129034,155.98064516129034,155,2,2024
32,Ourense,32025,Cenlle,395.0,304.0,512.0,208.0,10,1,2024
22,Huesca,22904,"Sotonera, La",395.0,352.0,462.0,110.0,10,1,2024
24,León,24225,Villasabariego,395.0,250.0,458.0,208.0,20,1,2024
36,Pontevedra,36027,Meaño,394.9382716049383,338.85185185185185,463.7654320987654,124.91358024691357,81,2,2024
33,Asturias,33042,Noreña,394.8753462603878,334.39058171745154,472.0886426592798,137.69806094182826,361,2,2024
18,Granada,18099,Huétor de Santillán,394.67391304347825,291.7391304347826,505.3478260869565,213.60869565217388,46,2,2024
39,Cantabria,39095,Val de San Vicente,394.5833333333333,310.4166666666667,428.3333333333333,117.91666666666663,120,2,2024
33,Asturias,33039,Muros de Nalón,394.53125,330.4166666666667,532.2916666666666,201.87499999999994,96,2,2024
33,Asturias,33069,Soto del Barco,394.2173913043478,322.5217391304348,458.60869565217394,136.08695652173913,184,2,2024
46,Valencia/Valéncia,46218,Rótova,394.03846153846155,298.84615384615387,513.0,214.15384615384613,26,2,2024
25,Lleida,25223,Torà,393.83116883116884,323.61038961038963,461.5584415584416,137.94805194805195,77,2,2024
36,Pontevedra,36050,Salvaterra de Miño,393.6491935483871,340.633064516129,442.875,102.24193548387098,496,2,2024
33,Asturias,33018,Coaña,393.4725274725275,338.02197802197804,470.94505494505495,132.9230769230769,91,2,2024
45,Toledo,45070,Guadamur,393.2258064516129,335.03225806451616,441.93548387096774,106.90322580645159,31,2,2024
30,Murcia,30039,Totana,393.2230273752013,316.0829307568438,453.56682769726245,137.48389694041867,1242,2,2024
03,Alicante,03079,Ibi,393.1022222222222,327.20444444444445,452.37333333333333,125.16888888888889,900,2,2024
30,Murcia,30008,Alhama de Murcia,393.04605263157896,329.2050438596491,450.0,120.7949561403509,912,2,2024
37,Salamanca,37156,Guijuelo,393.0188679245283,327.4339622641509,455.3056603773585,127.87169811320757,265,2,2024
25,Lleida,25903,"Guingueta d'Àneu, La",393.0,342.0,420.0,78.0,11,1,2024
02,Albacete,02046,Mahora,393.0,310.0,458.0,148.0,26,1,2024
49,Zamora,49127,Morales del Vino,392.7631578947368,332.89473684210526,446.05263157894734,113.15789473684208,76,2,2024
18,Granada,18175,Santa Fe,392.258064516129,315.59139784946234,460.06451612903226,144.47311827956992,465,2,2024
29,Málaga,29059,Humilladero,392.0,300.0,467.0,167.0,42,1,2024
28,Madrid,28020,Berzosa del Lozoya,392.0,293.0,502.0,209.0,15,1,2024
25,Lleida,25122,Linyola,392.0,325.0,450.0,125.0,82,1,2024
33,Asturias,33045,Parres,391.96078431372547,291.96078431372547,477.20392156862744,185.24313725490197,255,2,2024
44,Teruel,44263,Villastar,391.8709677419355,363.6774193548387,454.51612903225805,90.83870967741933,31,2,2024
41,Sevilla,41011,Arahal,391.85858585858585,330.83838383838383,446.020202020202,115.18181818181819,99,2,2024
46,Valencia/Valéncia,46019,"Alcúdia, l'",391.7792207792208,318.6818181818182,463.5194805194805,144.83766233766232,462,2,2024
28,Madrid,28102,Orusco de Tajuña,391.53846153846155,272.2153846153846,497.2923076923077,225.0769230769231,65,2,2024
47,Valladolid,47165,Tordesillas,391.4713216957606,335.5860349127182,434.1197007481297,98.53366583541145,401,2,2024
40,Segovia,40063,Cuéllar,391.26153846153846,343.6,445.7076923076923,102.10769230769228,390,2,2024
03,Alicante,03140,Villena,391.2304900181488,322.66424682395643,452.4065335753176,129.74228675136118,1102,2,2024
43,Tarragona,43004,Alcanar,391.2298136645963,309.9130434782609,489.80124223602485,179.88819875776397,483,2,2024
36,Pontevedra,36049,Salceda de Caselas,391.17427385892114,340.7883817427386,461.298755186722,120.51037344398344,482,2,2024
25,Lleida,25021,Almenar,390.99159663865544,303.2773109243698,456.7226890756302,153.44537815126046,119,2,2024
08,Barcelona,08166,"Pobla de Lillet, La",390.76271186440675,283.76271186440675,467.79661016949154,184.0338983050848,59,2,2024
33,Asturias,33020,Corvera de Asturias,390.58383233532936,308.48802395209583,491.6377245508982,183.14970059880238,668,2,2024
31,Navarra,31108,Fustiñana,390.42857142857144,314.0,437.57142857142856,123.57142857142856,28,2,2024
18,Granada,18048,Cijuela,390.40677966101697,328.49152542372883,451.35593220338984,122.86440677966101,118,2,2024
04,Almería,04046,Fondón,390.0,300.0,406.0,106.0,11,1,2024
29,Málaga,29090,Tolox,390.0,312.5,499.5,187.0,26,2,2024
45,Toledo,45160,Segurilla,390.0,329.0,500.0,171.0,26,1,2024
33,Asturias,33021,Cudillero,389.9375,301.0625,498.25,197.1875,128,2,2024
18,Granada,18011,Alfacar,389.9372197309417,325.0,461.2690582959641,136.2690582959641,223,2,2024
47,Valladolid,47085,Medina del Campo,389.80757420675536,335.8085977482088,455.15864892528145,119.35005117707266,977,2,2024
03,Alicante,03053,Castalla,389.44303797468353,312.1518987341772,454.37974683544303,142.2278481012658,395,2,2024
30,Murcia,30010,Beniel,389.31451612903226,337.31451612903226,434.2741935483871,96.95967741935482,248,2,2024
15,"Coruña, A",15089,Vedra,389.28,282.08,632.8,350.71999999999997,50,2,2024
34,Palencia,34901,Osorno la Mayor,389.0,349.0,445.0,96.0,13,1,2024
31,Navarra,31908,Lekunberri,389.0,353.0,463.0,110.0,31,1,2024
15,"Coruña, A",15007,"Baña, A",389.0,286.0,408.0,122.0,22,1,2024
46,Valencia/Valéncia,46127,"Font d'En Carròs, la",388.8938053097345,306.9026548672566,476.34513274336285,169.44247787610624,113,2,2024
43,Tarragona,43133,Roquetes,388.8101265822785,320.8185654008439,472.32067510548524,151.50210970464133,237,2,2024
31,Navarra,31077,Corella,388.7857142857143,295.42857142857144,463.64285714285717,168.21428571428572,294,2,2024
46,Valencia/Valéncia,46089,Casinos,388.6448598130841,302.8411214953271,450.0,147.15887850467288,107,2,2024
36,Pontevedra,36054,Tomiño,388.6,325.4594594594595,457.97297297297297,132.5135135135135,370,2,2024
18,Granada,18150,Padul,388.42,300.0,477.34,177.33999999999997,200,2,2024
46,Valencia/Valéncia,46208,Rafelcofer,388.4,285.2,488.0,202.8,30,2,2024
31,Navarra,31042,Azagra,388.3048780487805,316.6219512195122,420.0365853658537,103.41463414634148,82,2,2024
46,Valencia/Valéncia,46213,Requena,388.1942196531792,308.5907514450867,459.71098265895955,151.12023121387284,865,2,2024
24,León,24061,Cuadros,388.0,285.0,587.0,302.0,24,1,2024
14,Córdoba,14065,"Victoria, La",388.0,315.0,451.0,136.0,22,1,2024
30,Murcia,30042,Villanueva del Río Segura,387.7674418604651,326.3488372093023,455.83720930232556,129.48837209302326,129,2,2024
02,Albacete,02035,"Gineta, La",387.7014925373134,310.6865671641791,507.53731343283584,196.85074626865674,67,2,2024
08,Barcelona,08144,Olvan,387.4146341463415,251.65853658536585,527.8048780487804,276.1463414634146,41,2,2024
31,Navarra,31065,Caparroso,387.39506172839504,319.98765432098764,449.0,129.01234567901236,81,2,2024
18,Granada,18066,Deifontes,387.0,249.0,489.0,240.0,17,1,2024
29,Málaga,29032,Campillos,386.73873873873873,324.6216216216216,453.3333333333333,128.7117117117117,111,2,2024
25,Lleida,25240,Vallfogona de Balaguer,386.188679245283,333.24528301886795,478.3018867924528,145.05660377358487,53,2,2024
31,Navarra,31027,Arbizu,386.0,341.0,633.0,292.0,16,1,2024
46,Valencia/Valéncia,46197,Polinyà de Xúquer,385.9375,287.828125,438.5,150.671875,64,2,2024
30,Murcia,30025,Lorquí,385.7806451612903,310.7032258064516,484.65806451612906,173.95483870967746,155,2,2024
31,Navarra,31215,San Adrián,385.7647058823529,222.02941176470588,468.29411764705884,246.26470588235296,170,2,2024
45,Toledo,45196,Villaseca de la Sagra,385.609756097561,327.1463414634146,503.8658536585366,176.71951219512198,82,2,2024
30,Murcia,30901,Santomera,385.6043956043956,335.6043956043956,467.8021978021978,132.19780219780216,455,2,2024
19,Guadalajara,19245,Sacedón,385.5844155844156,296.5584415584416,461.84415584415586,165.28571428571428,77,2,2024
50,Zaragoza,50115,Fuentes de Ebro,385.5527638190955,315.3115577889447,492.2110552763819,176.8994974874372,199,2,2024
03,Alicante,03059,Crevillent,385.4516640253566,296.3946117274168,464.4215530903328,168.02694136291598,631,2,2024
25,Lleida,25155,Organyà,385.0,300.0,492.0,192.0,40,1,2024
46,Valencia/Valéncia,46002,Ador,384.8484848484849,301.09090909090907,628.3939393939394,327.3030303030303,33,2,2024
03,Alicante,03123,Sax,384.3469387755102,325.40816326530614,428.88775510204084,103.4795918367347,196,2,2024
43,Tarragona,43093,Móra d'Ebre,384.0506329113924,314.3544303797468,457.0759493670886,142.72151898734177,237,2,2024
12,Castellón/Castelló,12049,Costur,384.0,312.0,417.0,105.0,10,1,2024
45,Toledo,45061,Escalona,383.9622641509434,301.10377358490564,513.9716981132076,212.86792452830196,106,2,2024
42,Soria,42043,Burgo de Osma-Ciudad de Osma,383.82608695652175,335.04347826086956,457.60869565217394,122.56521739130437,207,2,2024
15,"Coruña, A",15066,"Pino, O",383.7821782178218,285.84158415841586,456.6039603960396,170.76237623762376,101,2,2024
38,Santa Cruz de Tenerife,38033,San Andrés y Sauces,383.63358778625957,306.6412213740458,464.10687022900765,157.46564885496184,131,2,2024
23,Jaén,23055,Linares,383.53846153846155,320.3931623931624,458.33504273504275,137.94188034188033,1755,2,2024
49,Zamora,49166,Puebla de Sanabria,383.5348837209302,320.5813953488372,448.6279069767442,128.04651162790702,86,2,2024
45,Toledo,45069,Gerindote,383.27927927927925,315.5765765765766,473.4234234234234,157.8468468468468,111,2,2024
41,Sevilla,41053,Lebrija,383.2388663967611,330.4736842105263,436.417004048583,105.94331983805671,247,2,2024
49,Zamora,49261,Villaralbo,383.06451612903226,354.5806451612903,455.0967741935484,100.5161290322581,31,2,2024
25,Lleida,25234,Tremp,382.8063872255489,300.0,452.3512974051896,152.3512974051896,501,2,2024
49,Zamora,49122,Monfarracinos,382.62068965517244,331.0344827586207,435.17241379310343,104.13793103448273,29,2,2024
40,Segovia,40134,Mozoncillo,382.60869565217394,294.5652173913044,424.8695652173913,130.30434782608694,23,2,2024
29,Málaga,29040,Casarabonela,382.5,287.0,540.0,253.0,28,2,2024
25,Lleida,25207,Solsona,382.48908296943233,307.3973799126638,466.8122270742358,159.41484716157203,687,2,2024
47,Valladolid,47086,Medina de Rioseco,382.18978102189783,338.9051094890511,431.18978102189783,92.28467153284674,137,2,2024
26,"Rioja, La",26002,Agoncillo,382.0,313.3636363636364,461.45454545454544,148.09090909090907,55,2,2024
43,Tarragona,43902,Sant Jaume d'Enveja,381.94405594405595,314.57342657342656,463.5104895104895,148.93706293706293,143,2,2024
45,Toledo,45115,Noblejas,381.7647058823529,308.25882352941176,477.50588235294117,169.24705882352941,85,2,2024
15,"Coruña, A",15048,Miño,381.75,307.76785714285717,455.73214285714283,147.96428571428567,560,2,2024
46,Valencia/Valéncia,46011,Alberic,381.6280701754386,316.70175438596493,464.6771929824561,147.9754385964912,285,2,2024
18,Granada,18059,Chauchina,381.1111111111111,312.02222222222224,490.7111111111111,178.68888888888887,90,2,2024
26,"Rioja, La",26064,Fuenmayor,381.0,332.0,450.0,118.0,126,1,2024
43,Tarragona,43150,Tivissa,381.0,350.0,518.0,168.0,11,1,2024
30,Murcia,30009,Archena,380.884476534296,298.70758122743683,449.8176895306859,151.1101083032491,554,2,2024
45,Toledo,45040,"Casar de Escalona, El",380.63829787234044,289.27659574468083,552.7234042553191,263.4468085106383,47,2,2024
08,Barcelona,08092,Gironella,380.54635761589407,294.3377483443709,490.1788079470199,195.841059602649,302,2,2024
25,Lleida,25072,Cervera,380.5379746835443,317.0253164556962,454.96835443037975,137.94303797468353,632,2,2024
38,Santa Cruz de Tenerife,38901,"Pinar de El Hierro, El",380.1764705882353,326.7647058823529,449.70588235294116,122.94117647058823,51,2,2024
12,Castellón/Castelló,12107,Sot de Ferrer,380.0,300.0,412.0,112.0,15,1,2024
18,Granada,18143,Nigüelas,380.0,295.0,486.0,191.0,12,1,2024
32,Ourense,32081,Toén,380.0,300.0,418.0,118.0,21,1,2024
25,Lleida,25173,"Pont de Suert, El",380.0,320.0,450.0,130.0,183,1,2024
03,Alicante,03124,Sella,380.0,312.0,488.0,176.0,12,1,2024
25,Lleida,25070,Castellserà,380.0,350.0,479.0,129.0,11,1,2024
31,Navarra,31029,"Arcos, Los",380.0,332.0,449.0,117.0,15,1,2024
36,Pontevedra,36061,Vilanova de Arousa,379.88957055214723,306.3803680981595,481.90184049079755,175.52147239263803,163,2,2024
21,Huelva,21013,Bollullos Par del Condado,379.8780487804878,329.4756097560976,451.7926829268293,122.3170731707317,164,2,2024
12,Castellón/Castelló,12027,Benicarló,379.79776247848537,300.0,459.59552495697073,159.59552495697073,2324,2,2024
16,Cuenca,16263,Villar de Olalla,379.6078431372549,304.05882352941177,427.6862745098039,123.62745098039215,51,2,2024
25,Lleida,25008,Albesa,379.375,297.6875,546.8125,249.125,32,2,2024
04,Almería,04102,Vícar,379.3568075117371,300.8392018779343,456.36150234741785,155.52230046948358,852,2,2024
24,León,24105,Onzonilla,378.93617021276594,316.0851063829787,459.0425531914894,142.95744680851067,47,2,2024
36,Pontevedra,36042,Ponteareas,378.87958115183244,330.4188481675393,439.65968586387436,109.24083769633506,1146,2,2024
45,Toledo,45197,Villasequilla,378.83720930232556,300.0,393.5348837209302,93.53488372093022,43,2,2024
45,Toledo,45066,Fuensalida,378.8258785942492,313.1645367412141,453.2140575079872,140.04952076677313,626,2,2024
21,Huelva,21070,Trigueros,378.80434782608694,328.80434782608694,456.8804347826087,128.07608695652175,92,2,2024
39,Cantabria,39022,Cillorigo de Liébana,378.05194805194805,307.94805194805195,457.5064935064935,149.55844155844153,77,2,2024
41,Sevilla,41065,Morón de la Frontera,378.04977375565613,309.8755656108597,433.88235294117646,124.00678733031674,442,2,2024
36,Pontevedra,36902,Cerdedo-Cotobade,378.0,300.0,500.0,200.0,71,1,2024
15,"Coruña, A",15086,Trazo,378.0,250.0,490.0,240.0,19,1,2024
29,Málaga,29044,Comares,378.0,194.0,597.0,403.0,18,1,2024
31,Navarra,31072,Cintruénigo,377.92436974789916,308.03361344537814,463.0924369747899,155.05882352941177,238,2,2024
03,Alicante,03111,Redován,377.8156028368794,290.2695035460993,422.8510638297872,132.5815602836879,141,2,2024
15,"Coruña, A",15054,Narón,377.73478055686644,294.26616328456817,455.39782916470034,161.13166588013218,2119,2,2024
45,Toledo,45163,Sonseca,377.67336683417085,301.40201005025125,464.9145728643216,163.51256281407035,199,2,2024
14,Córdoba,14038,Lucena,377.65089722675367,302.6818923327896,428.4828711256117,125.80097879282215,1226,2,2024
10,Cáceres,10116,Malpartida de Plasencia,377.61538461538464,310.7692307692308,470.0,159.23076923076923,104,2,2024
04,Almería,04032,Carboneras,377.54672897196264,300.0,477.5700934579439,177.57009345794393,214,2,2024
04,Almería,04066,Níjar,377.4529058116232,300.0,501.63326653306615,201.63326653306615,499,2,2024
43,Tarragona,43903,Camarles,377.28,297.6,506.72,209.12,125,2,2024
25,Lleida,25003,Agramunt,377.2587412587413,306.75524475524475,425.4125874125874,118.65734265734267,286,2,2024
25,Lleida,25165,Peramola,377.0,300.0,407.0,107.0,12,1,2024
43,Tarragona,43014,Amposta,377.0,317.8,443.6,125.80000000000001,1100,2,2024
45,Toledo,45202,Yepes,376.9325842696629,300.0,461.2584269662921,161.25842696629212,178,2,2024
26,"Rioja, La",26117,Pradejón,376.47058823529414,321.29411764705884,442.94117647058823,121.64705882352939,136,2,2024
43,Tarragona,43901,Deltebre,376.47058823529414,308.83193277310926,455.3613445378151,146.52941176470586,476,2,2024
45,Toledo,45901,Santo Domingo-Caudilla,376.25,293.325,486.375,193.05,40,2,2024
18,Granada,18089,Guadix,376.24622030237583,312.6868250539957,451.65658747300216,138.96976241900649,463,2,2024
45,Toledo,45106,Mora,376.1798561151079,298.0863309352518,462.57553956834533,164.48920863309354,278,2,2024
15,"Coruña, A",15004,Ares,376.1711711711712,318.8198198198198,458.14414414414415,139.32432432432432,333,2,2024
19,Guadalajara,19212,Pastrana,376.0416666666667,304.4791666666667,383.7083333333333,79.22916666666663,48,2,2024
04,Almería,04016,Antas,375.5,275.0,475.0,200.0,68,2,2024
46,Valencia/Valéncia,46093,Catadau,375.4736842105263,318.55263157894734,447.89473684210526,129.34210526315792,76,2,2024
08,Barcelona,08031,Calaf,375.2654867256637,294.7345132743363,478.01769911504425,183.28318584070797,226,2,2024
25,Lleida,25119,Juneda,375.09638554216866,296.9879518072289,473.0,176.0120481927711,83,2,2024
09,Burgos,09438,Villalba de Duero,375.0,275.0,400.0,125.0,13,1,2024
45,Toledo,45204,Yunclillos,375.0,353.3333333333333,564.25,210.91666666666669,24,2,2024
18,Granada,18024,Beas de Granada,375.0,300.0,519.0,219.0,12,1,2024
03,Alicante,03037,Benimantell,375.0,338.0,432.0,94.0,21,1,2024
34,Palencia,34158,Salinas de Pisuerga,375.0,337.0,500.0,163.0,11,1,2024
22,Huesca,22150,Loporzano,375.0,262.0,476.0,214.0,12,1,2024
22,Huesca,22200,Sahún,375.0,354.0,450.0,96.0,20,1,2024
46,Valencia/Valéncia,46198,Potríes,375.0,339.0,498.0,159.0,21,1,2024
46,Valencia/Valéncia,46030,Algimia de Alfara,375.0,325.0,450.0,125.0,19,1,2024
21,Huelva,21054,"Palma del Condado, La",374.7916666666667,306.2291666666667,440.2083333333333,133.97916666666663,144,2,2024
36,Pontevedra,36043,Ponte Caldelas,374.5357142857143,290.17857142857144,441.60714285714283,151.4285714285714,140,2,2024
35,"Palmas, Las",35020,"Aldea de San Nicolás, La",374.2056074766355,300.0,450.5607476635514,150.5607476635514,107,2,2024
14,Córdoba,14018,"Carpio, El",374.078431372549,289.5686274509804,459.5882352941176,170.01960784313724,51,2,2024
25,Lleida,25133,Maials,374.0,300.0,450.0,150.0,16,1,2024
18,Granada,18126,"Malahá, La",374.0,252.52631578947367,464.8421052631579,212.31578947368425,38,2,2024
43,Tarragona,43021,Barberà de la Conca,374.0,306.0,514.0,208.0,16,1,2024
41,Sevilla,41032,Cazalla de la Sierra,373.9130434782609,295.8695652173913,474.0869565217391,178.2173913043478,46,2,2024
26,"Rioja, La",26011,Alfaro,373.8421052631579,289.39473684210526,451.0,161.60526315789474,342,2,2024
45,Toledo,45158,Santa Olalla,373.03370786516854,304.85393258426967,446.0674157303371,141.2134831460674,89,2,2024
02,Albacete,02012,Balazote,372.94117647058823,314.20588235294116,627.9411764705883,313.73529411764713,34,2,2024
21,Huelva,21053,Niebla,372.2,312.0,497.6,185.60000000000002,25,2,2024
26,"Rioja, La",26046,Cenicero,372.0,326.0,400.0,74.0,63,1,2024
08,Barcelona,08047,Cardona,371.61306532663315,268.54773869346735,472.25125628140705,203.7035175879397,199,2,2024
50,Zaragoza,50038,Ateca,371.6041666666667,287.3333333333333,452.875,165.54166666666669,48,2,2024
27,Lugo,27051,Ribadeo,371.511013215859,294.79295154185024,450.6035242290749,155.81057268722464,681,2,2024
46,Valencia/Valéncia,46238,Tavernes de la Valldigna,371.2838589981447,296.77179962894246,450.0,153.22820037105754,539,2,2024
32,Ourense,32001,Allariz,371.19941348973606,316.68035190615836,443.91788856304987,127.2375366568915,341,2,2024
40,Segovia,40138,Nava de la Asunción,371.171875,312.6015625,412.21875,99.6171875,128,2,2024
04,Almería,04053,Huércal-Overa,371.0315186246418,304.12607449856733,433.3323782234957,129.20630372492838,698,2,2024
19,Guadalajara,19151,Humanes,370.45454545454544,288.8636363636364,424.54545454545456,135.6818181818182,66,2,2024
46,Valencia/Valéncia,46261,Yátova,370.45454545454544,300.0,432.72727272727275,132.72727272727275,44,2,2024
04,Almería,04003,Adra,370.2315436241611,293.4563758389262,434.3456375838926,140.8892617449664,298,2,2024
44,Teruel,44013,Alcañiz,370.110383536015,304.79887745556596,431.7661365762395,126.96725912067353,1069,2,2024
02,Albacete,02007,Alcalá del Júcar,370.0,328.0,429.0,101.0,20,1,2024
15,"Coruña, A",15024,Cerceda,370.0,308.0,462.5,154.5,152,2,2024
03,Alicante,03017,"Alqueria d'Asnar, l'",370.0,262.0,508.0,246.0,13,1,2024
18,Granada,18039,Caniles,370.0,330.0,381.0,51.0,11,1,2024
15,"Coruña, A",15012,Boqueixón,370.0,305.69620253164555,574.0759493670886,268.37974683544303,79,2,2024
43,Tarragona,43049,Cornudella de Montsant,370.0,300.0,432.0,132.0,23,1,2024
15,"Coruña, A",15060,Oroso,369.9343629343629,313.003861003861,440.6795366795367,127.67567567567568,518,2,2024
30,Murcia,30033,Puerto Lumbreras,369.46869070208726,314.2561669829222,414.2770398481973,100.02087286527512,527,2,2024
36,Pontevedra,36010,Catoira,369.38775510204084,291.0204081632653,478.55102040816325,187.53061224489795,49,2,2024
44,Teruel,44045,Bronchales,369.3666666666667,338.8666666666667,500.0,161.13333333333333,30,2,2024
33,Asturias,33057,Ribera de Arriba,369.2307692307692,255.3846153846154,449.2307692307692,193.84615384615384,39,2,2024
15,"Coruña, A",15069,Pontedeume,369.22857142857146,306.8,445.57142857142856,138.77142857142854,315,2,2024
06,Badajoz,06128,Talavera la Real,369.0618556701031,334.10309278350513,456.96907216494844,122.86597938144331,97,2,2024
41,Sevilla,41071,Paradas,369.0,250.0,400.0,150.0,14,1,2024
26,"Rioja, La",26138,Santo Domingo de la Calzada,369.0,300.0,416.0,116.0,254,1,2024
30,Murcia,30023,Librilla,368.978102189781,315.1824817518248,460.6569343065693,145.47445255474452,137,2,2024
13,Ciudad Real,13056,Miguelturra,368.6764705882353,310.98615916955015,428.9498269896194,117.96366782006925,578,2,2024
03,Alicante,03044,Bigastro,368.609375,289.453125,445.984375,156.53125,128,2,2024
18,Granada,18184,Vélez de Benaudalla,368.3050847457627,298.1694915254237,454.5762711864407,156.40677966101697,59,2,2024
46,Valencia/Valéncia,46203,"Pobla Llarga, la",368.2260869565217,289.6608695652174,446.7304347826087,157.0695652173913,115,2,2024
26,"Rioja, La",26006,Alberite,368.22147651006713,299.06040268456377,461.46308724832215,162.40268456375838,149,2,2024
30,Murcia,30026,Mazarrón,368.12633451957294,305.13434163701066,443.5017793594306,138.36743772241994,1124,2,2024
50,Zaragoza,50181,Muel,368.10526315789474,294.8421052631579,529.078947368421,234.23684210526312,76,2,2024
22,Huesca,22110,Fonz,368.0,234.0,622.0,388.0,16,1,2024
46,Valencia/Valéncia,46024,Alfara de la Baronia,368.0,283.0,462.0,179.0,10,1,2024
03,Alicante,03080,Jacarilla,367.96875,294.34375,419.84375,125.5,64,2,2024
14,Córdoba,14017,"Carlota, La",367.94520547945206,314.95433789954336,446.0,131.04566210045664,219,2,2024
40,Segovia,40041,Cantimpalos,367.6923076923077,270.71794871794873,460.79487179487177,190.07692307692304,39,2,2024
06,Badajoz,06044,Don Benito,367.38069498069495,314.92509652509654,421.47335907335906,106.54826254826253,1295,2,2024
25,Lleida,25220,Térmens,367.0,332.5,404.5,72.0,36,2,2024
18,Granada,18093,Gualchos,366.8527918781726,320.0862944162437,420.6294416243655,100.54314720812181,197,2,2024
34,Palencia,34023,Venta de Baños,366.7111111111111,288.25925925925924,429.2148148148148,140.95555555555558,270,2,2024
14,Córdoba,14036,Hornachuelos,366.3448275862069,308.3448275862069,438.0,129.65517241379308,29,2,2024
10,Cáceres,10195,Trujillo,366.1146953405018,297.6200716845878,416.3620071684588,118.74193548387098,279,2,2024
36,Pontevedra,36046,Ribadumia,365.8914728682171,289.984496124031,422.48062015503876,132.49612403100775,129,2,2024
05,Ávila,05002,"Adrada, La",365.8333333333333,296.0833333333333,465.8333333333333,169.75,180,2,2024
46,Valencia/Valéncia,46191,Pedralba,365.80645161290323,276.51612903225805,505.51612903225805,229.0,93,2,2024
46,Valencia/Valéncia,46132,Genovés,365.69767441860466,298.13953488372096,516.2093023255813,218.0697674418604,43,2,2024
25,Lleida,25096,"Fuliola, La",365.65384615384613,335.96153846153845,420.38461538461536,84.4230769230769,26,2,2024
14,Córdoba,14056,Puente Genil,365.644,300.0,434.56,134.56,500,2,2024
40,Segovia,40208,Turégano,365.34375,334.375,468.8125,134.4375,32,2,2024
31,Navarra,31032,Arguedas,365.30434782608694,299.0,434.8695652173913,135.8695652173913,46,2,2024
03,Alicante,03116,Salinas,365.0,322.0,516.0,194.0,14,1,2024
23,Jaén,23002,Alcalá la Real,365.0,300.10516252390056,411.26386233269596,111.1586998087954,523,2,2024
45,Toledo,45147,Rielves,365.0,300.0,499.0,199.0,17,1,2024
19,Guadalajara,19161,Lupiana,365.0,243.0,444.0,201.0,12,1,2024
24,León,24201,Vegas del Condado,365.0,246.0,450.0,204.0,10,1,2024
29,Málaga,29020,Arriate,364.8,283.27272727272725,478.6909090909091,195.41818181818184,55,2,2024
40,Segovia,40057,Coca,364.5833333333333,326.0416666666667,432.125,106.08333333333331,48,2,2024
04,Almería,04093,Turre,364.4295302013423,300.0,432.4161073825503,132.4161073825503,149,2,2024
47,Valladolid,47122,Portillo,364.3939393939394,285.6060606060606,428.7878787878788,143.1818181818182,66,2,2024
30,Murcia,30015,Caravaca de la Cruz,364.21035058430715,293.06510851419034,427.79632721202006,134.73121869782972,599,2,2024
17,Girona,17192,Setcases,364.0,319.0,479.0,160.0,14,1,2024
28,Madrid,28088,Montejo de la Sierra,363.95652173913044,330.82608695652175,437.5652173913044,106.73913043478262,23,2,2024
39,Cantabria,39027,Campoo de Enmedio,363.8095238095238,321.23809523809524,449.3015873015873,128.06349206349205,63,2,2024
13,Ciudad Real,13087,Valdepeñas,363.5420439844761,313.7031047865459,426.1824062095731,112.47930142302721,1546,2,2024
15,"Coruña, A",15087,Valdoviño,363.42857142857144,259.18367346938777,486.0204081632653,226.83673469387753,147,2,2024
03,Alicante,03064,Dolores,363.28125,293.875,460.9375,167.0625,128,2,2024
31,Navarra,31249,Valtierra,363.1025641025641,291.1025641025641,416.56410256410254,125.46153846153845,39,2,2024
08,Barcelona,08299,Vilada,363.0,263.0,544.0,281.0,36,2,2024
46,Valencia/Valéncia,46008,Albalat de la Ribera,362.4657534246575,287.5342465753425,426.3150684931507,138.78082191780823,73,2,2024
23,Jaén,23086,Torre del Campo,362.41078838174275,293.52697095435684,436.51452282157675,142.9875518672199,241,2,2024
46,Valencia/Valéncia,46098,Corbera,362.18840579710144,286.95652173913044,418.1159420289855,131.15942028985506,69,2,2024
26,"Rioja, La",26099,Murillo de Río Leza,362.05454545454546,274.4727272727273,485.45454545454544,210.98181818181814,55,2,2024
29,Málaga,29056,Gaucín,362.0,307.0,525.0,218.0,18,1,2024
25,Lleida,25227,"Torre de Cabdella, La",362.0,322.0,478.0,156.0,22,1,2024
03,Alicante,03083,Jijona/Xixona,361.7,285.975,477.675,191.7,160,2,2024
08,Barcelona,08268,Cercs,361.5774647887324,290.14084507042253,447.1830985915493,157.04225352112678,71,2,2024
47,Valladolid,47075,Íscar,361.5579399141631,300.0,423.9227467811159,123.9227467811159,233,2,2024
09,Burgos,09194,Lerma,361.43307086614175,301.4173228346457,419.70866141732284,118.29133858267716,127,2,2024
26,"Rioja, La",26008,Aldeanueva de Ebro,361.42857142857144,274.44444444444446,406.031746031746,131.58730158730157,63,2,2024
04,Almería,04006,Albox,361.3888888888889,289.8888888888889,424.3222222222222,134.43333333333328,360,2,2024
26,"Rioja, La",26059,Entrena,361.3076923076923,309.61538461538464,438.7692307692308,129.15384615384613,52,2,2024
22,Huesca,22225,Tamarite de Litera,361.0945945945946,307.43243243243245,424.6081081081081,117.17567567567568,148,2,2024
46,Valencia/Valéncia,46040,Antella,361.0,248.0,410.0,162.0,16,1,2024
45,Toledo,45133,Polán,360.6730769230769,304.03846153846155,457.9230769230769,153.88461538461536,104,2,2024
36,Pontevedra,36048,"Rosal, O",360.6666666666667,286.56666666666666,430.2888888888889,143.72222222222223,180,2,2024
24,León,24010,"Bañeza, La",360.59016393442624,300.21311475409834,429.9836065573771,129.77049180327873,488,2,2024
25,Lleida,25230,Torregrossa,360.5,266.9166666666667,441.0833333333333,174.16666666666663,36,2,2024
05,Ávila,05240,Sotillo de la Adrada,360.46801346801345,279.4983164983165,421.1178451178451,141.61952861952858,297,2,2024
25,Lleida,25134,Menàrguens,360.35714285714283,310.14285714285717,420.57142857142856,110.42857142857139,28,2,2024
22,Huesca,22117,Graus,360.2926829268293,301.0731707317073,436.6829268292683,135.609756097561,205,2,2024
33,Asturias,33011,Cangas del Narcea,360.03846153846155,293.36538461538464,448.1923076923077,154.82692307692304,416,2,2024
08,Barcelona,08228,Sant Martí Sesgueioles,360.0,288.0,586.0,298.0,10,1,2024
39,Cantabria,39029,Escalante,360.0,300.0,470.0,170.0,11,1,2024
16,Cuenca,16149,Palomera,360.0,246.0,485.0,239.0,13,1,2024
08,Barcelona,08168,Pontons,360.0,300.0,633.0,333.0,17,1,2024
15,"Coruña, A",15034,Dumbría,360.0,341.0,472.0,131.0,16,1,2024
25,Lleida,25210,Soses,360.0,295.0,459.0,164.0,10,1,2024
50,Zaragoza,50045,Belchite,360.0,300.0,448.0,148.0,37,1,2024
50,Zaragoza,50059,Bujaraloz,360.0,300.0,500.0,200.0,15,1,2024
40,Segovia,40123,Matabuena,360.0,310.0,565.0,255.0,13,1,2024
23,Jaén,23058,Mancha Real,359.9504950495049,306.5742574257426,388.18811881188117,81.61386138613858,202,2,2024
41,Sevilla,41092,Tocina,359.75,313.3125,436.0,122.6875,144,2,2024
13,Ciudad Real,13064,Poblete,359.6578947368421,309.2631578947368,438.4736842105263,129.21052631578948,114,2,2024
31,Navarra,31165,Mendavia,359.63829787234044,292.40425531914894,430.70212765957444,138.2978723404255,47,2,2024
18,Granada,18115,Láchar,359.55056179775283,294.1573033707865,434.8314606741573,140.6741573033708,89,2,2024
50,Zaragoza,50208,Pina de Ebro,359.38775510204084,316.734693877551,385.48979591836735,68.75510204081633,98,2,2024
15,"Coruña, A",15041,"Laracha, A",359.33806146572107,292.15602836879435,439.6099290780142,147.45390070921985,423,2,2024
04,Almería,04029,Berja,359.20353982300884,291.2566371681416,419.4070796460177,128.15044247787608,113,2,2024
03,Alicante,03089,Monóvar/Monòver,359.0813953488372,272.72093023255815,419.7674418604651,147.04651162790697,258,2,2024
26,"Rioja, La",26102,Nájera,359.0,300.0,439.0,139.0,328,1,2024
41,Sevilla,41009,Almadén de la Plata,359.0,275.0,430.0,155.0,19,1,2024
41,Sevilla,41902,Isla Mayor,359.0,305.0,441.0,136.0,13,1,2024
10,Cáceres,10008,Alcántara,359.0,268.0,574.0,306.0,20,1,2024
44,Teruel,44050,Calamocha,358.7644927536232,296.29347826086956,435.5072463768116,139.21376811594206,276,2,2024
49,Zamora,49219,Toro,358.75757575757575,312.91818181818184,435.330303030303,122.41212121212118,330,2,2024
15,"Coruña, A",15074,Rois,358.75384615384615,269.5692307692308,428.0,158.43076923076922,65,2,2024
03,Alicante,03092,Muro de Alcoy,358.1241379310345,300.0,439.1310344827586,139.1310344827586,290,2,2024
13,Ciudad Real,13031,Carrión de Calatrava,358.12280701754383,296.57894736842104,462.719298245614,166.140350877193,57,2,2024
03,Alicante,03043,Biar,358.070796460177,300.0,423.070796460177,123.07079646017701,113,2,2024
12,Castellón/Castelló,12136,"Vilavella, la",358.0487804878049,284.1463414634146,459.5609756097561,175.41463414634148,41,2,2024
19,Guadalajara,19007,Albares,358.0,250.0,412.0,162.0,11,1,2024
46,Valencia/Valéncia,46154,Llanera de Ranes,358.0,289.0,488.0,199.0,18,1,2024
40,Segovia,40162,Prádena,358.0,300.0,565.0,265.0,20,1,2024
39,Cantabria,39057,Ramales de la Victoria,358.0,300.0,448.0,148.0,98,1,2024
31,Navarra,31068,Cascante,357.92561983471074,282.55371900826447,449.0,166.44628099173553,121,2,2024
46,Valencia/Valéncia,46183,"Olleria, l'",357.92349726775956,281.0218579234973,456.60109289617486,175.57923497267757,183,2,2024
03,Alicante,03096,Onil,357.87368421052633,291.85263157894735,416.5578947368421,124.70526315789476,285,2,2024
12,Castellón/Castelló,12094,"Pobla Tornesa, la",357.7142857142857,290.57142857142856,452.85714285714283,162.28571428571428,35,2,2024
30,Murcia,30022,Jumilla,357.6985981308411,294.2464953271028,407.6985981308411,113.45210280373828,856,2,2024
46,Valencia/Valéncia,46192,Petrés,357.6923076923077,288.0,571.6923076923077,283.69230769230774,39,2,2024
03,Alicante,03109,Rafal,357.53846153846155,298.84615384615387,420.3076923076923,121.46153846153845,104,2,2024
31,Navarra,31070,Castejón,357.47457627118644,278.23728813559325,460.3220338983051,182.08474576271186,118,2,2024
03,Alicante,03105,"Pinós, el/Pinoso",357.4325842696629,296.7696629213483,435.39325842696627,138.62359550561797,178,2,2024
45,Toledo,45059,Dosbarrios,357.38775510204084,269.2448979591837,461.8775510204082,192.63265306122452,49,2,2024
40,Segovia,40032,Boceguillas,357.2631578947368,342.10526315789474,436.5263157894737,94.42105263157896,57,2,2024
05,Ávila,05168,"Navas del Marqués, Las",357.0935960591133,289.11330049261085,455.5960591133005,166.48275862068965,406,2,2024
24,León,24034,Camponaraya,357.02298850574715,293.5632183908046,431.264367816092,137.70114942528738,87,2,2024
46,Valencia/Valéncia,46162,Massalavés,357.0,293.0,463.0,170.0,48,1,2024
40,Segovia,40065,Chañe,357.0,342.0,419.0,77.0,16,1,2024
08,Barcelona,08190,Saldes,356.9230769230769,303.46153846153845,501.9230769230769,198.46153846153845,26,2,2024
12,Castellón/Castelló,12104,Segorbe,356.839248434238,293.0062630480167,434.3945720250522,141.38830897703548,479,2,2024
33,Asturias,33070,Tapia de Casariego,356.8181818181818,296.3636363636364,420.72727272727275,124.36363636363637,121,2,2024
43,Tarragona,43064,Gandesa,356.8181818181818,304.3636363636364,382.54545454545456,78.18181818181819,77,2,2024
16,Cuenca,16251,Villanueva de la Jara,356.7313432835821,306.5970149253731,420.53731343283584,113.94029850746273,67,2,2024
25,Lleida,25204,Seròs,356.5853658536585,301.3658536585366,421.8780487804878,120.51219512195121,41,2,2024
04,Almería,04035,Cuevas del Almanzora,356.56349206349205,279.96031746031747,439.0079365079365,159.04761904761904,378,2,2024
06,Badajoz,06072,Lobón,356.0,238.0,464.0,226.0,18,1,2024
14,Córdoba,14060,Santaella,356.0,271.0,438.0,167.0,16,1,2024
18,Granada,18912,Cuevas del Campo,356.0,300.0,444.0,144.0,16,1,2024
30,Murcia,30017,Cehegín,355.86238532110093,269.7844036697248,409.4954128440367,139.71100917431193,218,2,2024
19,Guadalajara,19190,Molina de Aragón,355.6734693877551,296.1734693877551,432.984693877551,136.8112244897959,196,2,2024
18,Granada,18147,Órgiva,355.6388888888889,285.19444444444446,455.25,170.05555555555554,144,2,2024
03,Alicante,03005,Albatera,355.57275541795667,298.28173374613004,439.43343653250776,141.1517027863777,323,2,2024
11,Cádiz,11023,Medina-Sidonia,355.561797752809,291.19101123595505,442.6179775280899,151.42696629213486,178,2,2024
19,Guadalajara,19086,Cifuentes,355.421686746988,300.0,447.34939759036143,147.34939759036143,83,2,2024
42,Soria,42162,San Esteban de Gormaz,355.3424657534247,294.2945205479452,406.472602739726,112.17808219178085,146,2,2024
15,"Coruña, A",15062,Outes,355.2894736842105,282.17105263157896,403.0394736842105,120.86842105263156,76,2,2024
44,Teruel,44008,Albalate del Arzobispo,355.0,276.0,394.0,118.0,12,1,2024
25,Lleida,25068,Castellnou de Seana,355.0,340.0,385.0,45.0,15,1,2024
16,Cuenca,16130,Montalbo,355.0,329.0,415.0,86.0,18,1,2024
12,Castellón/Castelló,12101,San Rafael del Río,355.0,326.0,446.0,120.0,10,1,2024
09,Burgos,09056,Briviesca,354.7008547008547,303.7692307692308,391.4017094017094,87.63247863247864,234,2,2024
40,Segovia,40043,Carbonero el Mayor,354.6857142857143,311.7142857142857,420.7142857142857,109.0,70,2,2024
36,Pontevedra,36901,"Illa de Arousa, A",354.57894736842104,319.82894736842104,455.60526315789474,135.7763157894737,76,2,2024
11,Cádiz,11037,Trebujena,354.5,291.75,425.125,133.375,32,2,2024
05,Ávila,05241,"Tiemblo, El",354.30555555555554,284.2361111111111,437.7916666666667,153.5555555555556,216,2,2024
37,Salamanca,37046,Béjar,354.2763636363636,301.3090909090909,411.24727272727273,109.93818181818182,550,2,2024
43,Tarragona,43142,Sarral,354.13461538461536,259.71153846153845,415.15384615384613,155.44230769230768,52,2,2024
21,Huelva,21004,Almonaster la Real,354.0,300.0,409.0,109.0,18,1,2024
14,Córdoba,14012,Bujalance,354.0,315.0,399.0,84.0,22,1,2024
03,Alicante,03056,Cocentaina,353.89312977099235,289.4936386768448,426.62849872773535,137.13486005089055,393,2,2024
31,Navarra,31157,Lodosa,353.864406779661,254.59322033898306,430.0169491525424,175.42372881355934,118,2,2024
14,Córdoba,14049,Palma del Río,353.76014760147604,300.0,403.0848708487085,103.08487084870848,271,2,2024
33,Asturias,33031,Langreo,353.10281690140846,291.6901408450704,418.3380281690141,126.64788732394368,1420,2,2024
03,Alicante,03132,"Torremanzanas/Torre de les Maçanes, la",353.0,284.0,500.0,216.0,10,1,2024
39,Cantabria,39004,Arenas de Iguña,353.0,304.0,574.0,270.0,16,1,2024
26,"Rioja, La",26142,San Vicente de la Sonsierra,353.0,288.0,435.0,147.0,12,1,2024
18,Granada,18095,Güevéjar,352.97872340425533,298.8085106382979,451.9148936170213,153.1063829787234,47,2,2024
50,Zaragoza,50094,Daroca,352.9761904761905,299.4047619047619,439.6666666666667,140.26190476190476,84,2,2024
45,Toledo,45134,Portillo de Toledo,352.92857142857144,280.39285714285717,465.4642857142857,185.07142857142856,56,2,2024
41,Sevilla,41020,"Cabezas de San Juan, Las",352.7304347826087,307.32173913043476,452.5652173913044,145.2434782608696,115,2,2024
36,Pontevedra,36015,Cuntis,352.7027027027027,300.0,416.27027027027026,116.27027027027026,74,2,2024
05,Ávila,05022,"Barraco, El",352.39130434782606,285.4782608695652,401.6521739130435,116.17391304347831,69,2,2024
16,Cuenca,16125,Minglanilla,352.0,295.0,554.0,259.0,22,1,2024
22,Huesca,22089,Castillonroy,352.0,295.0,400.0,105.0,10,1,2024
43,Tarragona,43052,Xerta,352.0,251.0,444.0,193.0,13,1,2024
31,Navarra,31107,Funes,351.95081967213116,299.0,414.40983606557376,115.40983606557376,61,2,2024
14,Córdoba,14042,Montilla,351.785,298.98,406.375,107.39499999999998,400,2,2024
49,Zamora,49021,Benavente,351.68224299065423,298.10747663551405,394.1214953271028,96.01401869158877,856,2,2024
09,Burgos,09330,Salas de los Infantes,351.4698795180723,315.421686746988,390.2409638554217,74.81927710843371,83,2,2024
06,Badajoz,06011,Almendralejo,351.3389121338912,296.65271966527195,406.8284518828452,110.17573221757323,956,2,2024
15,"Coruña, A",15902,Oza-Cesuras,351.1641791044776,300.0,482.07462686567163,182.07462686567163,134,2,2024
21,Huelva,21073,Villablanca,351.0,292.0,419.0,127.0,22,1,2024
21,Huelva,21038,Higuera de la Sierra,351.0,300.0,454.0,154.0,21,1,2024
37,Salamanca,37038,Babilafuente,351.0,295.0,390.0,95.0,10,1,2024
28,Madrid,28114,Piñuécar-Gandullas,351.0,300.0,508.0,208.0,21,1,2024
41,Sevilla,41099,Villanueva del Río y Minas,351.0,285.0,390.0,105.0,24,1,2024
39,Cantabria,39082,Selaya,351.0,300.0,400.0,100.0,45,1,2024
46,Valencia/Valéncia,46158,Macastre,350.8474576271187,276.06779661016947,463.6271186440678,187.55932203389835,59,2,2024
13,Ciudad Real,13028,Campo de Criptana,350.72727272727275,288.3636363636364,401.8181818181818,113.45454545454544,253,2,2024
33,Asturias,33037,Mieres,350.70871722182846,289.1438695960312,429.77250177179303,140.62863217576182,1411,2,2024
03,Alicante,03002,Agost,350.6666666666667,300.0,428.6666666666667,128.66666666666669,120,2,2024
47,Valladolid,47112,Pedrajas de San Esteban,350.6231884057971,297.768115942029,406.7826086956522,109.01449275362319,69,2,2024
11,Cádiz,11021,Jimena de la Frontera,350.5977011494253,275.632183908046,480.5632183908046,204.9310344827586,87,2,2024
24,León,24188,Valencia de Don Juan,350.44444444444446,296.44444444444446,398.6666666666667,102.22222222222223,216,2,2024
39,Cantabria,39098,Villacarriedo,350.3703703703704,279.4074074074074,435.18518518518516,155.77777777777777,27,2,2024
33,Asturias,33034,Valdés,350.07655502392345,287.17703349282294,423.7129186602871,136.53588516746413,418,2,2024
28,Madrid,28031,Cadalso de los Vidrios,350.06666666666666,253.65833333333333,446.1166666666667,192.45833333333334,120,2,2024
41,Sevilla,41027,Castilblanco de los Arroyos,350.0,300.0,429.0,129.0,42,1,2024
41,Sevilla,41023,Cantillana,350.0,277.6811594202899,401.55797101449275,123.87681159420288,138,2,2024
14,Córdoba,14066,Villa del Río,350.0,315.56626506024094,382.43373493975906,66.86746987951813,83,2,2024
41,Sevilla,41055,Lora del Río,350.0,300.6885245901639,399.1475409836066,98.45901639344265,122,2,2024
36,Pontevedra,36019,Fornelos de Montes,350.0,289.0,484.0,195.0,18,1,2024
36,Pontevedra,36005,Caldas de Reis,350.0,295.65683646112603,408.5898123324397,112.93297587131366,373,2,2024
03,Alicante,03052,Cañada,350.0,259.0,402.0,143.0,15,1,2024
40,Segovia,40040,Cantalejo,350.0,290.95652173913044,410.1449275362319,119.18840579710144,207,2,2024
25,Lleida,25016,Alguaire,350.0,284.8,491.46666666666664,206.66666666666663,60,2,2024
03,Alicante,03058,Cox,350.0,304.39344262295083,415.8469945355191,111.45355191256829,183,2,2024
24,León,24223,Villarejo de Órbigo,350.0,287.94520547945206,392.05479452054794,104.10958904109589,73,2,2024
03,Alicante,03112,Relleu,350.0,300.0,610.0,310.0,22,1,2024
22,Huesca,22025,Altorricón,350.0,299.46268656716416,422.67164179104475,123.2089552238806,67,2,2024
22,Huesca,22039,Ayerbe,350.0,288.0,400.0,112.0,34,1,2024
21,Huelva,21049,Minas de Riotinto,350.0,311.0,419.0,108.0,29,1,2024
40,Segovia,40095,Gomezserracín,350.0,261.0,408.0,147.0,17,1,2024
33,Asturias,33009,Cabranes,350.0,300.0,440.0,140.0,21,1,2024
36,Pontevedra,36040,Portas,350.0,300.0,504.0,204.0,21,1,2024
05,Ávila,05016,Arévalo,350.0,295.6162464985994,404.68347338935575,109.06722689075633,357,2,2024
04,Almería,04038,Dalías,350.0,275.6756756756757,366.2972972972973,90.62162162162161,37,2,2024
25,Lleida,25171,"Pobla de Segur, La",350.0,289.0,402.0,113.0,236,1,2024
25,Lleida,25099,Golmés,350.0,298.0,613.0,315.0,18,1,2024
21,Huelva,21061,Rociana del Condado,350.0,250.0,383.0,133.0,83,1,2024
21,Huelva,21052,Nerva,350.0,250.0,448.0,198.0,31,1,2024
21,Huelva,21017,Calañas,350.0,300.0,360.0,60.0,11,1,2024
03,Alicante,03114,"Romana, la",350.0,300.0,494.0,194.0,18,1,2024
41,Sevilla,41083,"Ronquillo, El",350.0,299.0,480.0,181.0,23,1,2024
41,Sevilla,41080,"Real de la Jara, El",350.0,300.0,400.0,100.0,19,1,2024
16,Cuenca,16158,"Picazo, El",350.0,255.0,580.0,325.0,12,1,2024
43,Tarragona,43176,Vimbodí i Poblet,350.0,300.0,377.0,77.0,19,1,2024
18,Granada,18100,Huétor Tájar,350.0,295.25,407.0,111.75,208,2,2024
18,Granada,18144,Nívar,350.0,285.0,412.0,127.0,18,1,2024
46,Valencia/Valéncia,46257,Villanueva de Castellón,350.0,300.0,426.47058823529414,126.47058823529414,153,2,2024
21,Huelva,21023,"Cerro de Andévalo, El",350.0,301.0,393.0,92.0,12,1,2024
21,Huelva,21040,Hinojos,350.0,300.0,431.0,131.0,21,1,2024
46,Valencia/Valéncia,46254,Venta del Moro,350.0,260.0,423.0,163.0,15,1,2024
11,Cádiz,11038,Ubrique,350.0,290.7096774193548,412.51612903225805,121.80645161290323,248,2,2024
08,Barcelona,08903,Sant Julià de Cerdanyola,350.0,275.0,659.0,384.0,13,1,2024
46,Valencia/Valéncia,46255,Villalonga,350.0,300.0,482.2251655629139,182.2251655629139,151,2,2024
18,Granada,18023,Baza,350.0,300.0,414.88030888030886,114.88030888030886,518,2,2024
18,Granada,18027,Benalúa,350.0,288.0,408.0,120.0,10,1,2024
43,Tarragona,43124,"Riba, La",350.0,285.0,395.0,110.0,21,1,2024
26,"Rioja, La",26019,Arrúbal,350.0,315.0,449.0,134.0,17,1,2024
26,"Rioja, La",26120,Quel,350.0,282.0,400.0,118.0,38,1,2024
39,Cantabria,39046,Molledo,350.0,249.0,511.0,262.0,21,1,2024
16,Cuenca,16027,Barajas de Melo,350.0,250.0,533.0,283.0,13,1,2024
15,"Coruña, A",15073,Ribeira,350.0,294.97011952191235,425.04183266932273,130.07171314741038,1004,2,2024
15,"Coruña, A",15072,Rianxo,350.0,299.45454545454544,398.45454545454544,99.0,176,2,2024
32,Ourense,32026,Coles,350.0,300.0,456.0,156.0,50,1,2024
13,Ciudad Real,13083,Torralba de Calatrava,350.0,263.0,394.0,131.0,32,1,2024
13,Ciudad Real,13020,Argamasilla de Calatrava,350.0,304.56,415.29333333333335,110.73333333333335,75,2,2024
44,Teruel,44246,Valderrobres,350.0,294.4601226993865,400.0,105.53987730061351,163,2,2024
37,Salamanca,37278,San Cristóbal de la Cuesta,350.0,297.86516853932585,418.2022471910112,120.33707865168537,89,2,2024
37,Salamanca,37207,Moriscos,350.0,300.0,418.0,118.0,39,1,2024
15,"Coruña, A",15084,Tordoia,350.0,285.0,456.0,171.0,20,1,2024
32,Ourense,32002,Amoeiro,350.0,276.0,456.0,180.0,36,1,2024
12,Castellón/Castelló,12105,Sierra Engarcerán,350.0,283.0,402.0,119.0,26,1,2024
21,Huelva,21078,Zalamea la Real,350.0,250.0,407.0,157.0,23,1,2024
33,Asturias,33051,Pravia,350.0,267.9845758354756,447.8149100257069,179.83033419023133,389,2,2024
23,Jaén,23035,Fuerte del Rey,350.0,272.0,475.0,203.0,25,1,2024
13,Ciudad Real,13023,Bolaños de Calatrava,350.0,257.4451612903226,416.6193548387097,159.1741935483871,155,2,2024
13,Ciudad Real,13039,Daimiel,350.0,290.78846153846155,412.0659340659341,121.27747252747253,364,2,2024
15,"Coruña, A",15080,Sobrado,350.0,300.0,400.0,100.0,15,1,2024
29,Málaga,29048,Cuevas del Becerro,350.0,300.0,400.0,100.0,12,1,2024
02,Albacete,02069,"Roda, La",350.0,294.86964618249533,415.83054003724396,120.96089385474863,537,2,2024
02,Albacete,02081,Villarrobledo,350.0,286.0419161676647,410.63473053892216,124.59281437125748,668,2,2024
50,Zaragoza,50190,Novallas,350.0,233.0,688.0,455.0,15,1,2024
50,Zaragoza,50240,Sástago,350.0,302.0,414.0,112.0,13,1,2024
50,Zaragoza,50222,Quinto,350.0,300.0,400.0,100.0,38,1,2024
24,León,24027,Cabañas Raras,350.0,300.0,400.0,100.0,11,1,2024
29,Málaga,29097,Villanueva del Trabuco,350.0,300.0,525.0,225.0,37,1,2024
45,Toledo,45084,Lillo,350.0,287.0,451.0,164.0,21,1,2024
30,Murcia,30019,Cieza,350.0,269.2043868394816,426.66999002991025,157.46560319042868,1003,2,2024
14,Córdoba,14013,Cabra,350.0,300.0,405.3855799373041,105.3855799373041,638,2,2024
15,"Coruña, A",15071,Porto do Son,350.0,286.3354037267081,414.39130434782606,128.05590062111798,161,2,2024
46,Valencia/Valéncia,46130,Gavarda,350.0,300.0,380.0,80.0,23,1,2024
14,Córdoba,14033,Guadalcázar,350.0,291.6666666666667,415.0,123.33333333333331,45,2,2024
15,"Coruña, A",15065,Padrón,350.0,294.4222222222222,409.4925925925926,115.07037037037037,270,2,2024
15,"Coruña, A",15057,Noia,350.0,294.07265774378584,400.1185468451243,106.04588910133845,523,2,2024
30,Murcia,30021,Fuente Álamo de Murcia,350.0,300.0,440.1264957264957,140.1264957264957,585,2,2024
15,"Coruña, A",15011,Boiro,350.0,300.0,425.4035567715458,125.40355677154582,731,2,2024
15,"Coruña, A",15044,Mañón,350.0,250.0,398.0,148.0,12,1,2024
39,Cantabria,39015,Camaleño,350.0,300.0,599.0,299.0,11,1,2024
45,Toledo,45116,Noez,350.0,262.0,365.0,103.0,12,1,2024
30,Murcia,30043,Yecla,350.0,276.7139479905437,410.95350669818754,134.23955870764382,1269,2,2024
12,Castellón/Castelló,12021,Betxí,350.0,291.72661870503595,446.9424460431655,155.21582733812954,139,2,2024
15,"Coruña, A",15051,Mugardos,350.0,287.1920529801325,464.5298013245033,177.33774834437082,151,2,2024
34,Palencia,34080,Guardo,349.92424242424244,298.7121212121212,431.3636363636364,132.65151515151518,198,2,2024
40,Segovia,40195,Sepúlveda,349.8888888888889,272.6666666666667,392.3333333333333,119.66666666666663,54,2,2024
12,Castellón/Castelló,12005,"Alcora, l'",349.84935064935064,269.84935064935064,426.62857142857143,156.7792207792208,385,2,2024
27,Lugo,27020,Friol,349.64516129032256,280.64516129032256,422.5806451612903,141.93548387096774,31,2,2024
03,Alicante,03024,Benejúzar,349.56164383561645,300.0,421.90410958904107,121.90410958904107,73,2,2024
41,Sevilla,41077,"Puebla de Cazalla, La",349.55555555555554,289.0,420.8888888888889,131.8888888888889,72,2,2024
44,Teruel,44009,Albarracín,349.5,309.75,559.5,249.75,48,2,2024
26,"Rioja, La",26021,Autol,349.3455497382199,288.6910994764398,442.9319371727749,154.24083769633512,191,2,2024
25,Lleida,25192,Sant Guim de Freixenet,349.2758620689655,301.08045977011494,437.17241379310343,136.0919540229885,87,2,2024
13,Ciudad Real,13082,Tomelloso,349.1788756388416,300.0,408.1226575809199,108.1226575809199,1174,2,2024
45,Toledo,45200,"Yébenes, Los",349.1363636363636,296.97727272727275,420.45454545454544,123.47727272727269,88,2,2024
43,Tarragona,43904,"Aldea, L'",349.125,277.8125,429.96875,152.15625,192,2,2024
46,Valencia/Valéncia,46249,Utiel,349.0769230769231,297.53846153846155,415.2307692307692,117.69230769230768,364,2,2024
31,Navarra,31163,Marcilla,349.0,299.0,419.0,120.0,73,1,2024
31,Navarra,31128,Isaba/Izaba,349.0,299.0,496.0,197.0,15,1,2024
22,Huesca,22077,Candasnos,349.0,300.0,357.0,57.0,11,1,2024
43,Tarragona,43125,Riba-roja d'Ebre,349.0,292.0,419.0,127.0,18,1,2024
31,Navarra,31177,Murieta,349.0,253.0,399.0,146.0,17,1,2024
31,Navarra,31015,Andosilla,349.0,299.0,400.0,101.0,33,1,2024
18,Granada,18906,"Guajares, Los",349.0,190.0,569.0,379.0,11,1,2024
37,Salamanca,37073,Calzada de Valdunciel,349.0,275.0,434.0,159.0,17,1,2024
13,Ciudad Real,13013,Almagro,348.94520547945206,300.0,431.7716894977169,131.77168949771692,219,2,2024
44,Teruel,44158,Mora de Rubielos,348.8775510204082,300.16326530612247,395.40816326530614,95.24489795918367,98,2,2024
15,"Coruña, A",15035,Fene,348.8359550561798,291.685393258427,412.8044943820225,121.1191011235955,445,2,2024
46,Valencia/Valéncia,46081,Canals,348.8235294117647,293.3333333333333,430.88235294117646,137.54901960784315,357,2,2024
26,"Rioja, La",26125,Rincón de Soto,348.5104895104895,285.1048951048951,424.46153846153845,139.35664335664336,143,2,2024
31,Navarra,31152,Lerín,348.48275862068965,314.51724137931035,399.0,84.48275862068965,29,2,2024
45,Toledo,45198,Villatobas,348.3783783783784,285.94594594594594,408.8378378378378,122.89189189189187,74,2,2024
41,Sevilla,41060,Marchena,348.3636363636364,296.72727272727275,382.90909090909093,86.18181818181819,242,2,2024
25,Lleida,25013,Alfarràs,348.34653465346537,277.61386138613864,398.2475247524753,120.63366336633663,101,2,2024
09,Burgos,09124,Espinosa de los Monteros,348.28125,284.375,427.03125,142.65625,32,2,2024
24,León,24008,Astorga,348.23801369863014,288.8253424657534,405.888698630137,117.0633561643836,584,2,2024
15,"Coruña, A",15006,Arzúa,348.1953488372093,290.2325581395349,399.7581395348837,109.52558139534881,215,2,2024
13,Ciudad Real,13054,Membrilla,348.1111111111111,296.44444444444446,395.55555555555554,99.11111111111109,54,2,2024
27,Lugo,27011,Castroverde,348.0,199.0,400.0,201.0,15,1,2024
47,Valladolid,47139,Rueda,348.0,300.0,381.0,81.0,23,1,2024
43,Tarragona,43076,Marçà,348.0,289.0,389.0,100.0,12,1,2024
23,Jaén,23005,Andújar,347.96928746928745,297.8992628992629,411.05036855036855,113.15110565110564,814,2,2024
36,Pontevedra,36034,"Neves, As",347.5,260.0,455.5,195.5,32,2,2024
09,Burgos,09209,Medina de Pomar,347.44943820224717,303.65168539325845,406.4269662921348,102.77528089887636,178,2,2024
25,Lleida,25172,Ponts,347.27659574468083,283.88652482269504,400.0,116.11347517730496,141,2,2024
45,Toledo,45053,Consuegra,347.19101123595505,273.0112359550562,400.0,126.98876404494382,178,2,2024
34,Palencia,34069,Dueñas,347.1,292.96666666666664,430.73333333333335,137.7666666666667,90,2,2024
22,Huesca,22254,Zaidín,347.06976744186045,308.0,432.93023255813955,124.93023255813955,43,2,2024
50,Zaragoza,50055,Borja,347.0671936758893,290.9881422924901,410.85375494071144,119.86561264822132,253,2,2024
33,Asturias,33026,Grado,347.0496894409938,293.98136645962734,410.14906832298135,116.16770186335401,483,2,2024
37,Salamanca,37069,Calvarrasa de Abajo,346.74418604651163,288.5232558139535,402.19767441860466,113.67441860465118,86,2,2024
04,Almería,04904,Balanegra,346.72727272727275,300.45454545454544,400.0,99.54545454545456,55,2,2024
41,Sevilla,41903,"Cuervo de Sevilla, El",346.5975609756098,302.8048780487805,448.9268292682927,146.1219512195122,82,2,2024
13,Ciudad Real,13053,Manzanares,346.58792650918633,293.1758530183727,400.0,106.82414698162728,762,2,2024
04,Almería,04044,Fines,346.51162790697674,279.06976744186045,402.5813953488372,123.51162790697674,43,2,2024
11,Cádiz,11006,Arcos de la Frontera,346.48723897911833,282.3712296983759,421.3109048723898,138.93967517401393,431,2,2024
23,Jaén,23061,Mengíbar,346.45669291338584,292.6377952755906,382.6771653543307,90.03937007874015,127,2,2024
15,"Coruña, A",15014,Cabana de Bergantiños,346.15384615384613,217.69230769230768,402.46153846153845,184.76923076923077,39,2,2024
33,Asturias,33032,Laviana,346.03960396039605,291.74917491749176,403.6303630363036,111.88118811881185,303,2,2024
37,Salamanca,37192,Miranda de Azán,346.0,306.0,441.0,135.0,10,1,2024
22,Huesca,22009,Albelda,346.0,295.0,409.0,114.0,10,1,2024
43,Tarragona,43132,Rodonyà,346.0,300.0,550.0,250.0,12,1,2024
06,Badajoz,06153,Villanueva de la Serena,345.94674556213016,280.18934911242604,405.49112426035504,125.30177514792899,676,2,2024
44,Teruel,44025,Andorra,345.784140969163,292.58590308370043,422.7973568281938,130.21145374449338,227,2,2024
12,Castellón/Castelló,12016,Artana,345.74074074074076,289.85185185185185,472.6666666666667,182.81481481481484,27,2,2024
14,Córdoba,14053,Posadas,345.6238532110092,297.56880733944956,387.2477064220183,89.67889908256876,109,2,2024
46,Valencia/Valéncia,46039,Anna,345.45454545454544,250.03030303030303,448.1060606060606,198.0757575757576,66,2,2024
04,Almería,04069,Olula del Río,345.4437869822485,290.9112426035503,427.4378698224852,136.5266272189349,169,2,2024
27,Lugo,27066,Viveiro,345.442536327609,292.89035667107004,400.9088507265522,108.01849405548217,757,2,2024
09,Burgos,09289,Quintanar de la Sierra,345.1388888888889,281.94444444444446,424.30555555555554,142.3611111111111,36,2,2024
28,Madrid,28055,Estremera,345.03225806451616,251.61290322580646,514.9354838709677,263.3225806451612,31,2,2024
15,"Coruña, A",15076,San Sadurniño,345.0,294.0,450.0,156.0,38,1,2024
09,Burgos,09903,Villarcayo de Merindad de Castilla la Vieja,345.0,280.0,385.0,105.0,115,1,2024
34,Palencia,34056,Cervera de Pisuerga,344.94405594405595,285.034965034965,395.76223776223776,110.72727272727275,143,2,2024
31,Navarra,31142,Larraga,344.94117647058823,260.29411764705884,416.47058823529414,156.1764705882353,68,2,2024
03,Alicante,03049,Callosa de Segura,344.92048192771085,286.2819277108434,405.5710843373494,119.28915662650604,415,2,2024
12,Castellón/Castelló,12902,Sant Joan de Moró,344.71751412429376,262.909604519774,410.3502824858757,147.4406779661017,177,2,2024
23,Jaén,23010,Bailén,344.6511627906977,300.0,397.6744186046512,97.67441860465118,215,2,2024
08,Barcelona,08099,Guardiola de Berguedà,344.5,272.84722222222223,485.94444444444446,213.09722222222223,72,2,2024
02,Albacete,02045,Madrigueras,344.49074074074076,293.19444444444446,397.4074074074074,104.21296296296293,108,2,2024
02,Albacete,02037,Hellín,344.3233082706767,281.890440386681,408.109559613319,126.21911922663799,931,2,2024
45,Toledo,45054,Corral de Almaguer,344.3157894736842,296.2105263157895,413.63157894736844,117.42105263157896,76,2,2024
45,Toledo,45185,Villacañas,344.29347826086956,287.44565217391306,408.5597826086956,121.11413043478257,184,2,2024
15,"Coruña, A",15059,Ordes,344.12534818941504,273.4373259052925,408.2841225626741,134.84679665738162,718,2,2024
09,Burgos,09427,Villadiego,344.0,281.0,399.0,118.0,20,1,2024
34,Palencia,34123,Paredes de Nava,344.0,300.0,350.0,50.0,17,1,2024
18,Granada,18094,Güejar Sierra,343.8666666666667,276.46666666666664,399.76666666666665,123.30000000000001,60,2,2024
12,Castellón/Castelló,12004,Alcalà de Xivert,343.85354691075514,290.9610983981693,427.0846681922197,136.12356979405035,437,2,2024
05,Ávila,05014,Arenas de San Pedro,343.8076923076923,285.53846153846155,428.03846153846155,142.5,312,2,2024
45,Toledo,45140,Pulgar,343.56363636363636,263.90909090909093,441.8909090909091,177.98181818181814,55,2,2024
42,Soria,42004,Ágreda,343.167701863354,273.30434782608694,416.6832298136646,143.37888198757764,161,2,2024
05,Ávila,05187,Piedralaves,343.05555555555554,277.3333333333333,440.5,163.16666666666669,108,2,2024
31,Navarra,31067,Carcastillo,343.0,220.78571428571428,436.85714285714283,216.07142857142856,28,2,2024
34,Palencia,34206,Villada,343.0,296.0,362.0,66.0,10,1,2024
02,Albacete,02075,Valdeganga,343.0,254.52173913043478,417.6521739130435,163.13043478260872,46,2,2024
45,Toledo,45136,"Puebla de Montalbán, La",342.9681818181818,270.6818181818182,446.32272727272726,175.64090909090908,220,2,2024
22,Huesca,22007,Albalate de Cinca,342.84615384615387,284.5897435897436,397.79487179487177,113.20512820512818,39,2,2024
14,Córdoba,14027,Fernán-Núñez,342.6714285714286,286.42857142857144,398.15714285714284,111.7285714285714,70,2,2024
31,Navarra,31057,Buñuel,342.6666666666667,299.0,411.15686274509807,112.15686274509807,51,2,2024
27,Lugo,27019,Foz,342.57602862254026,285.1520572450805,420.4364937388193,135.28443649373878,559,2,2024
25,Lleida,25113,Ivars d'Urgell,342.5,250.5,416.5,166.0,20,2,2024
36,Pontevedra,36023,"Guarda, A",342.1923076923077,294.49038461538464,393.97115384615387,99.48076923076923,416,2,2024
09,Burgos,09321,Roa,342.17525773195877,291.62886597938143,400.35051546391753,108.7216494845361,97,2,2024
33,Asturias,33068,Somiedo,342.0,288.0,450.0,162.0,22,1,2024
27,Lugo,27010,Castro de Rei,341.869918699187,250.28455284552845,375.0081300813008,124.72357723577235,123,2,2024
25,Lleida,25149,Oliana,341.77464788732397,265.83098591549293,402.3380281690141,136.50704225352115,71,2,2024
06,Badajoz,06103,Puebla de la Calzada,341.5121951219512,301.1707317073171,386.6585365853659,85.48780487804879,82,2,2024
34,Palencia,34047,Carrión de los Condes,341.4516129032258,307.4193548387097,430.7096774193548,123.29032258064512,62,2,2024
41,Sevilla,41041,Estepa,341.34615384615387,276.0576923076923,375.63461538461536,99.57692307692304,156,2,2024
50,Zaragoza,50118,Gallur,341.31111111111113,223.06666666666666,441.46666666666664,218.39999999999998,90,2,2024
50,Zaragoza,50073,Cariñena,341.0379146919431,288.53554502369667,411.3744075829384,122.8388625592417,211,2,2024
46,Valencia/Valéncia,46215,Riola,341.0344827586207,260.6896551724138,523.8965517241379,263.2068965517241,29,2,2024
50,Zaragoza,50160,Mallén,341.0,303.9591836734694,400.0,96.0408163265306,98,2,2024
31,Navarra,31123,Uharte Arakil,341.0,255.0,429.0,174.0,10,1,2024
21,Huelva,21014,Bonares,340.9672131147541,296.26229508196724,400.0,103.73770491803276,61,2,2024
50,Zaragoza,50252,Tauste,340.9509202453988,290.9509202453988,412.2852760736196,121.33435582822085,326,2,2024
15,"Coruña, A",15019,Carballo,340.8413001912046,272.54110898661565,406.225621414914,133.68451242829832,1569,2,2024
46,Valencia/Valéncia,46209,Rafelguaraf,340.7142857142857,264.2857142857143,495.76190476190476,231.47619047619048,21,2,2024
31,Navarra,31254,Villafranca,340.70454545454544,246.95454545454547,399.0,152.04545454545453,88,2,2024
19,Guadalajara,19092,Cogolludo,340.7037037037037,247.25925925925927,386.77777777777777,139.5185185185185,27,2,2024
02,Albacete,02079,Villamalea,340.07142857142856,294.5,416.67857142857144,122.17857142857144,112,2,2024
16,Cuenca,16086,Fuente de Pedro Naharro,340.0,250.0,500.0,250.0,11,1,2024
14,Córdoba,14040,Montalbán de Córdoba,340.0,256.0,388.0,132.0,16,1,2024
41,Sevilla,41031,"Castillo de las Guardas, El",340.0,300.0,400.0,100.0,23,1,2024
43,Tarragona,43138,Santa Bàrbara,339.88950276243094,288.5414364640884,415.9281767955801,127.3867403314917,181,2,2024
46,Valencia/Valéncia,46004,Agullent,339.83673469387753,275.57142857142856,398.3265306122449,122.75510204081633,49,2,2024
30,Murcia,30012,Bullas,339.5408163265306,276.7551020408163,400.0,123.24489795918367,196,2,2024
31,Navarra,31208,Ribaforada,339.2191780821918,287.6986301369863,392.013698630137,104.3150684931507,73,2,2024
46,Valencia/Valéncia,46157,"Llosa de Ranes, la",339.14285714285717,248.57142857142858,392.85714285714283,144.28571428571425,63,2,2024
31,Navarra,31189,Olazti/Olazagutía,339.0,299.0,455.0,156.0,21,1,2024
12,Castellón/Castelló,12128,Vilafamés,338.9010989010989,274.72527472527474,390.967032967033,116.24175824175825,91,2,2024
06,Badajoz,06088,Montijo,338.9005235602094,282.7958115183246,375.27748691099475,92.48167539267013,382,2,2024
18,Granada,18158,Pinos Puente,338.6857142857143,294.62857142857143,384.57142857142856,89.94285714285712,70,2,2024
24,León,24157,Santa María del Páramo,338.58947368421053,284.0736842105263,380.61052631578946,96.53684210526313,95,2,2024
46,Valencia/Valéncia,46042,Aielo de Malferit,338.4561403508772,300.0,389.6666666666667,89.66666666666669,57,2,2024
30,Murcia,30029,Mula,338.3647798742138,288.3647798742138,399.7672955974843,111.40251572327048,318,2,2024
06,Badajoz,06095,Olivenza,338.2474226804124,288.2474226804124,391.30927835051546,103.06185567010306,291,2,2024
24,León,24064,Cubillos del Sil,338.0,231.0,675.0,444.0,10,1,2024
24,León,24148,San Justo de la Vega,338.0,270.0,400.0,130.0,12,1,2024
26,"Rioja, La",26017,Arnedillo,338.0,299.0,399.0,100.0,12,1,2024
19,Guadalajara,19113,Espinosa de Henares,338.0,295.0,427.0,132.0,14,1,2024
22,Huesca,22057,Bielsa,338.0,291.0,466.0,175.0,18,1,2024
32,Ourense,32030,Entrimo,338.0,261.0,428.0,167.0,10,1,2024
41,Sevilla,41022,"Campana, La",337.95238095238096,270.95238095238096,419.04761904761904,148.09523809523807,21,2,2024
46,Valencia/Valéncia,46156,Llombai,337.92537313432837,281.1940298507463,416.95522388059703,135.76119402985074,67,2,2024
18,Granada,18162,Polopos,337.75409836065575,294.26229508196724,384.11475409836066,89.85245901639342,61,2,2024
43,Tarragona,43104,"Perelló, El",337.6744186046512,292.04651162790697,428.4651162790698,136.4186046511628,86,2,2024
50,Zaragoza,50068,Calatorao,337.58666666666664,273.2133333333333,407.32,134.10666666666668,150,2,2024
32,Ourense,32009,"Barco de Valdeorras, O",337.3952618453865,283.1197007481297,398.21820448877804,115.09850374064837,802,2,2024
41,Sevilla,41097,Villamanrique de la Condesa,337.3333333333333,289.23333333333335,377.3333333333333,88.09999999999997,60,2,2024
43,Tarragona,43060,Flix,337.30434782608694,253.0,406.0782608695652,153.0782608695652,115,2,2024
31,Navarra,31078,Cortes,337.1904761904762,269.0,376.8095238095238,107.8095238095238,42,2,2024
29,Málaga,29017,Archidona,336.9724770642202,255.8348623853211,425.9449541284404,170.11009174311928,109,2,2024
14,Córdoba,14054,Pozoblanco,336.91803278688525,276.1475409836066,378.4590163934426,102.31147540983602,610,2,2024
11,Cádiz,11019,Grazalema,336.8235294117647,300.94117647058823,400.29411764705884,99.35294117647061,34,2,2024
33,Asturias,33040,Nava,336.79487179487177,286.13461538461536,433.63461538461536,147.5,156,2,2024
37,Salamanca,37016,Aldealengua,336.7391304347826,278.69565217391306,418.0,139.30434782608694,23,2,2024
13,Ciudad Real,13079,"Solana, La",336.60689655172416,265.4068965517241,405.55172413793105,140.14482758620693,145,2,2024
27,Lugo,27040,Palas de Rei,336.59090909090907,273.27272727272725,388.3863636363636,115.11363636363637,44,2,2024
33,Asturias,33049,Piloña,336.46305418719214,273.8029556650246,413.04433497536945,139.24137931034483,203,2,2024
23,Jaén,23087,Torredonjimeno,336.242774566474,301.04046242774564,392.21965317919074,91.1791907514451,173,2,2024
23,Jaén,23009,Baeza,336.0416666666667,282.2388888888889,391.0416666666667,108.8027777777778,360,2,2024
05,Ávila,05204,Sanchidrián,336.0,269.0,500.0,231.0,18,1,2024
34,Palencia,34157,Saldaña,336.0,290.0,400.0,110.0,127,1,2024
49,Zamora,49085,Galende,336.0,276.7894736842105,513.6315789473684,236.84210526315792,38,2,2024
31,Navarra,31064,Cadreita,335.7647058823529,272.52941176470586,399.0,126.47058823529414,51,2,2024
36,Pontevedra,36017,"Estrada, A",335.6818181818182,266.7613636363636,407.5568181818182,140.79545454545456,616,2,2024
12,Castellón/Castelló,12033,Cabanes,335.54901960784315,257.7843137254902,405.4901960784314,147.70588235294116,204,2,2024
36,Pontevedra,36044,Pontecesures,335.5121951219512,284.0487804878049,390.9756097560976,106.92682926829269,123,2,2024
27,Lugo,27031,Monforte de Lemos,335.09670987038885,264.64007976071787,405.4715852442672,140.83150548354934,1003,2,2024
18,Granada,18071,Dúrcal,335.0,295.0,400.0,105.0,182,2,2024
03,Alicante,03021,Banyeres de Mariola,334.96774193548384,273.0,405.5806451612903,132.5806451612903,155,2,2024
46,Valencia/Valéncia,46003,Atzeneta d'Albaida,334.8888888888889,295.1111111111111,364.22222222222223,69.11111111111114,27,2,2024
36,Pontevedra,36032,Moraña,334.86486486486484,297.0810810810811,409.5945945945946,112.51351351351349,74,2,2024
04,Almería,04048,"Gallardos, Los",334.82142857142856,245.44642857142858,493.32142857142856,247.87499999999997,56,2,2024
05,Ávila,05041,Burgohondo,334.8076923076923,269.96153846153845,401.53846153846155,131.5769230769231,26,2,2024
50,Zaragoza,50074,Caspe,334.782334384858,255.99053627760253,400.0473186119874,144.05678233438488,317,2,2024
16,Cuenca,16190,San Clemente,334.57142857142856,278.57142857142856,406.14285714285717,127.57142857142861,196,2,2024
11,Cádiz,11011,"Bosque, El",334.375,289.0625,389.1875,100.125,80,2,2024
39,Cantabria,39026,Corvera de Toranzo,334.3235294117647,272.3529411764706,426.29411764705884,153.94117647058823,68,2,2024
41,Sevilla,41039,Écija,334.21004566210047,254.1095890410959,410.027397260274,155.91780821917808,1095,2,2024
14,Córdoba,14046,Nueva Carteya,333.9130434782609,278.2608695652174,425.30434782608694,147.04347826086956,23,2,2024
46,Valencia/Valéncia,46020,"Alcúdia de Crespins, l'",333.8695652173913,293.17391304347825,413.9130434782609,120.73913043478262,115,2,2024
16,Cuenca,16113,Iniesta,333.3984375,286.71875,399.03125,112.3125,128,2,2024
32,Ourense,32085,Verín,333.34538878842676,277.99276672694396,372.70524412296567,94.71247739602171,553,2,2024
24,León,24021,Boñar,333.2162162162162,258.9189189189189,425.02702702702703,166.10810810810813,37,2,2024
14,Córdoba,14043,Montoro,333.1521739130435,280.55434782608694,414.9782608695652,134.42391304347825,92,2,2024
44,Teruel,44076,Cella,332.8767123287671,285.6164383561644,400.0,114.3835616438356,73,2,2024
23,Jaén,23028,Cazorla,332.65822784810126,280.22151898734177,383.9620253164557,103.74050632911394,158,2,2024
04,Almería,04903,"Mojonera, La",332.4871794871795,256.56410256410254,433.5897435897436,177.02564102564105,78,2,2024
46,Valencia/Valéncia,46006,Albaida,332.41206030150755,271.32663316582915,400.24120603015075,128.9145728643216,199,2,2024
04,Almería,04062,Macael,332.27272727272725,275.65909090909093,386.04545454545456,110.38636363636363,44,2,2024
46,Valencia/Valéncia,46229,Siete Aguas,332.22535211267603,255.1267605633803,428.0281690140845,172.9014084507042,71,2,2024
36,Pontevedra,36030,Mondariz,332.2191780821918,275.3424657534247,403.28767123287673,127.94520547945206,73,2,2024
21,Huelva,21011,Beas,332.09302325581393,290.2325581395349,395.06976744186045,104.83720930232556,43,2,2024
46,Valencia/Valéncia,46084,Càrcer,332.0888888888889,283.8666666666667,406.35555555555555,122.48888888888888,45,2,2024
46,Valencia/Valéncia,46160,Manuel,332.0,289.54545454545456,425.8181818181818,136.27272727272725,66,2,2024
41,Sevilla,41073,"Pedroso, El",332.0,265.0,391.0,126.0,34,1,2024
29,Málaga,29001,Alameda,331.93548387096774,316.7096774193548,374.5806451612903,57.87096774193549,31,2,2024
27,Lugo,27057,Sarria,331.90812720848055,276.6643109540636,402.4363957597173,125.77208480565372,566,2,2024
43,Tarragona,43094,Móra la Nova,331.7894736842105,269.6842105263158,419.9298245614035,150.24561403508773,114,2,2024
16,Cuenca,16154,"Pedroñeras, Las",331.7734375,290.9765625,385.765625,94.7890625,128,2,2024
12,Castellón/Castelló,12081,Navajas,331.05882352941177,264.0,396.70588235294116,132.70588235294116,68,2,2024
26,"Rioja, La",26124,Ribafrecha,331.0,295.0,367.0,72.0,10,1,2024
02,Albacete,02024,Casas-Ibáñez,330.8994413407821,258.9664804469274,415.13966480446925,156.17318435754186,179,2,2024
30,Murcia,30001,Abanilla,330.8857142857143,241.14285714285714,444.3142857142857,203.17142857142855,70,2,2024
27,Lugo,27065,Vilalba,330.69,252.625,400.0,147.375,400,2,2024
06,Badajoz,06143,Valverde de Leganés,330.45454545454544,291.8636363636364,394.1363636363636,102.27272727272725,44,2,2024
24,León,24030,Cacabelos,330.36842105263156,300.0,414.7368421052632,114.73684210526318,133,2,2024
22,Huesca,22099,Esplús,330.27272727272725,271.8181818181818,389.6363636363636,117.81818181818181,22,2,2024
44,Teruel,44238,Utrillas,330.16,303.50666666666666,382.68,79.17333333333335,75,2,2024
45,Toledo,45013,Almorox,330.05,241.725,402.85,161.12500000000003,80,2,2024
21,Huelva,21063,San Bartolomé de la Torre,330.0,300.0,373.0,73.0,36,1,2024
50,Zaragoza,50143,Longares,330.0,185.0,515.0,330.0,12,1,2024
41,Sevilla,41042,Fuentes de Andalucía,330.0,281.0,425.0,144.0,35,1,2024
33,Asturias,33052,Proaza,330.0,237.0,488.0,251.0,10,1,2024
34,Palencia,34005,Alar del Rey,330.0,293.0,369.0,76.0,21,1,2024
45,Toledo,45167,"Toboso, El",330.0,242.0,470.0,228.0,12,1,2024
25,Lleida,25115,Isona i Conca Dellà,330.0,282.0,350.0,68.0,20,1,2024
13,Ciudad Real,13098,Viso del Marqués,330.0,280.0,355.0,75.0,13,1,2024
46,Valencia/Valéncia,46044,Ayora,329.99342105263156,251.56578947368422,384.3421052631579,132.7763157894737,152,2,2024
04,Almería,04088,Tabernas,329.6875,259.875,473.8125,213.9375,32,2,2024
23,Jaén,23024,"Carolina, La",329.6868327402135,284.51957295373666,391.7153024911032,107.19572953736656,281,2,2024
32,Ourense,32019,"Carballiño, O",329.4260089686099,270.7473841554559,394.49177877428997,123.74439461883406,669,2,2024
06,Badajoz,06005,"Albuera, La",329.0,255.0,392.0,137.0,16,1,2024
46,Valencia/Valéncia,46016,Alcàntera de Xúquer,329.0,290.0,357.0,67.0,24,1,2024
45,Toledo,45067,Gálvez,328.6885245901639,278.6885245901639,384.42622950819674,105.73770491803282,61,2,2024
45,Toledo,45087,Madridejos,328.6740331491713,277.8674033149171,379.2099447513812,101.3425414364641,181,2,2024
15,"Coruña, A",15020,Carnota,328.57142857142856,262.265306122449,449.7959183673469,187.53061224489795,49,2,2024
30,Murcia,30020,Fortuna,328.3862068965517,281.9103448275862,400.0,118.08965517241381,145,2,2024
06,Badajoz,06025,Calamonte,328.3050847457627,224.61016949152543,399.08474576271186,174.47457627118644,59,2,2024
33,Asturias,33010,Candamo,328.0,256.0,400.0,144.0,26,1,2024
50,Zaragoza,50110,"Frasno, El",328.0,268.0,406.0,138.0,10,1,2024
21,Huelva,21056,Paterna del Campo,328.0,255.0,441.0,186.0,16,1,2024
22,Huesca,22060,Binaced,328.0,250.0,450.0,200.0,38,1,2024
02,Albacete,02026,Cenizate,328.0,250.0,400.0,150.0,23,1,2024
19,Guadalajara,19266,Tendilla,328.0,240.0,431.0,191.0,10,1,2024
18,Granada,18901,"Taha, La",328.0,200.0,400.0,200.0,14,1,2024
46,Valencia/Valéncia,46258,Villar del Arzobispo,327.92,262.56,398.56,136.0,100,2,2024
12,Castellón/Castelló,12080,Morella,327.8181818181818,265.90909090909093,381.54545454545456,115.63636363636363,132,2,2024
33,Asturias,33038,Morcín,327.6470588235294,248.01176470588234,442.5176470588235,194.50588235294117,85,2,2024
23,Jaén,23053,Jódar,327.6222222222222,285.55555555555554,389.02222222222224,103.4666666666667,45,2,2024
18,Granada,18006,Albuñol,327.484375,291.9270833333333,396.0208333333333,104.09375,192,2,2024
43,Tarragona,43078,Masdenverge,327.2368421052632,239.3421052631579,373.0263157894737,133.6842105263158,38,2,2024
36,Pontevedra,36056,Valga,327.2,283.88,424.92,141.04000000000002,50,2,2024
41,Sevilla,41074,Peñaflor,327.0,300.0,350.0,50.0,15,1,2024
09,Burgos,09048,Belorado,327.0,287.0,386.0,99.0,47,1,2024
14,Córdoba,14001,Adamuz,327.0,238.0,373.0,135.0,10,1,2024
37,Salamanca,37135,"Fuente de San Esteban, La",327.0,251.5,450.0,198.5,26,2,2024
08,Barcelona,08201,Sant Boi de Lluçanès,326.92857142857144,244.78571428571428,424.0,179.21428571428572,28,2,2024
22,Huesca,22074,Campo,326.8679245283019,266.188679245283,388.8301886792453,122.64150943396226,53,2,2024
43,Tarragona,43116,Prades,326.5652173913044,253.0,428.5652173913044,175.56521739130437,46,2,2024
45,Toledo,45078,Huerta de Valdecarábanos,326.4782608695652,299.39130434782606,475.9130434782609,176.5217391304348,23,2,2024
05,Ávila,05227,Santa María del Tiétar,326.24,249.14,387.12,137.98000000000002,50,2,2024
15,"Coruña, A",15067,"Pobra do Caramiñal, A",326.02941176470586,281.1764705882353,382.5147058823529,101.33823529411762,272,2,2024
15,"Coruña, A",15032,Curtis,326.01463414634145,252.18048780487806,399.1219512195122,146.94146341463414,205,2,2024
12,Castellón/Castelló,12121,Traiguera,326.0,238.0,425.0,187.0,14,1,2024
45,Toledo,45137,"Pueblanueva, La",326.0,264.0,400.0,136.0,20,1,2024
18,Granada,18151,Pampaneira,326.0,300.0,502.0,202.0,11,1,2024
05,Ávila,05163,Navaluenga,325.64383561643837,254.97260273972603,423.972602739726,169.0,73,2,2024
43,Tarragona,43156,Ulldecona,325.6363636363636,272.2181818181818,402.54545454545456,130.32727272727277,220,2,2024
10,Cáceres,10067,Coria,325.421686746988,277.4096385542169,373.87951807228916,96.46987951807228,415,2,2024
14,Córdoba,14030,Fuente Palmera,325.3333333333333,294.0,365.3333333333333,71.33333333333331,132,2,2024
27,Lugo,27016,Chantada,325.2692307692308,269.4230769230769,372.5769230769231,103.15384615384619,260,2,2024
06,Badajoz,06122,"Santos de Maimona, Los",325.2526315789474,270.0,388.88421052631577,118.88421052631577,95,2,2024
25,Lleida,25245,Vilaller,325.0,278.0,415.0,137.0,10,1,2024
40,Segovia,40141,Navalmanzano,325.0,282.0,368.0,86.0,17,1,2024
44,Teruel,44049,Calaceite,325.0,252.0,745.0,493.0,13,1,2024
43,Tarragona,43022,Batea,325.0,241.0,376.0,135.0,10,1,2024
42,Soria,42113,Medinaceli,325.0,264.0,380.0,116.0,21,1,2024
14,Córdoba,14010,Benamejí,325.0,222.0,433.0,211.0,14,1,2024
32,Ourense,32073,Rubiá,325.0,213.0,551.0,338.0,12,1,2024
23,Jaén,23056,Lopera,325.0,257.0,443.5,186.5,20,2,2024
19,Guadalajara,19060,Campillo de Ranas,325.0,287.0,500.0,213.0,12,1,2024
11,Cádiz,11034,Setenil de las Bodegas,325.0,231.0,455.0,224.0,10,1,2024
50,Zaragoza,50230,Sádaba,324.86486486486484,275.64864864864865,376.13513513513516,100.48648648648651,37,2,2024
06,Badajoz,06149,Villafranca de los Barros,324.5,300.0,358.53333333333336,58.53333333333336,210,2,2024
45,Toledo,45142,Quintanar de la Orden,324.09022556390977,282.7268170426065,376.2706766917293,93.5438596491228,399,2,2024
21,Huelva,21018,"Campillo, El",324.0,225.0,356.0,131.0,10,1,2024
32,Ourense,32055,Paderne de Allariz,324.0,250.0,488.0,238.0,24,1,2024
27,Lugo,27005,Barreiros,323.88,279.5,404.74,125.24000000000001,100,2,2024
45,Toledo,45028,Calera y Chozas,323.87628865979383,237.0,419.3814432989691,182.3814432989691,97,2,2024
33,Asturias,33023,"Franco, El",323.6223776223776,272.7972027972028,390.46853146853147,117.6713286713287,143,2,2024
25,Lleida,25034,Artesa de Segre,323.50961538461536,274.59134615384613,380.40865384615387,105.81730769230774,208,2,2024
24,León,24098,Matallana de Torío,323.0,228.0,425.0,197.0,16,1,2024
24,León,24209,Villafranca del Bierzo,323.0,281.0,371.0,90.0,70,1,2024
15,"Coruña, A",15029,Coristanco,322.85714285714283,254.85714285714286,410.85714285714283,155.99999999999997,49,2,2024
14,Córdoba,14058,Rute,322.7959183673469,231.89795918367346,366.83673469387753,134.93877551020407,98,2,2024
33,Asturias,33074,Vegadeo,322.57055214723925,249.43558282208588,391.0920245398773,141.6564417177914,163,2,2024
15,"Coruña, A",15046,Melide,322.4342105263158,250.0,390.13157894736844,140.13157894736844,380,2,2024
10,Cáceres,10021,Arroyo de la Luz,322.2368421052632,258.55263157894734,402.7105263157895,144.15789473684214,38,2,2024
46,Valencia/Valéncia,46079,Calles,322.0,260.0,355.0,95.0,17,1,2024
12,Castellón/Castelló,12095,Ribesalbes,322.0,250.0,378.0,128.0,14,1,2024
37,Salamanca,37322,Terradillos,322.0,258.0,380.0,122.0,98,1,2024
46,Valencia/Valéncia,46149,Losa del Obispo,322.0,250.0,364.0,114.0,14,1,2024
36,Pontevedra,36024,Lalín,321.7469879518072,268.66064257028114,375.96787148594376,107.30722891566262,996,2,2024
11,Cádiz,11024,Olvera,321.6,276.6,455.0,178.39999999999998,40,2,2024
30,Murcia,30032,Pliego,321.50943396226415,276.79245283018867,375.47169811320754,98.67924528301887,53,2,2024
18,Granada,18177,Sorvilán,321.0,270.0,381.0,111.0,10,1,2024
14,Córdoba,14041,Montemayor,321.0,242.0,451.0,209.0,13,1,2024
46,Valencia/Valéncia,46072,Bocairent,320.57142857142856,252.62857142857143,379.77142857142854,127.14285714285711,70,2,2024
06,Badajoz,06067,Higuera la Real,320.4347826086956,284.4782608695652,328.69565217391306,44.21739130434787,23,2,2024
45,Toledo,45062,Escalonilla,320.0,241.0,378.0,137.0,14,1,2024
21,Huelva,21006,Alosno,320.0,230.0,450.0,220.0,19,1,2024
44,Teruel,44037,Beceite,320.0,288.0,355.0,67.0,13,1,2024
28,Madrid,28128,Rozas de Puerto Real,320.0,175.0,475.0,300.0,13,1,2024
03,Alicante,03074,Granja de Rocamora,320.0,277.05555555555554,384.94444444444446,107.88888888888891,54,2,2024
16,Cuenca,16023,Chillarón de Cuenca,320.0,275.0,390.0,115.0,19,1,2024
24,León,24121,Puebla de Lillo,320.0,285.0,531.0,246.0,10,1,2024
46,Valencia/Valéncia,46118,Enguera,320.0,271.5744680851064,387.25531914893617,115.68085106382978,141,2,2024
15,"Coruña, A",15055,Neda,319.6923076923077,233.07692307692307,390.0769230769231,157.00000000000003,130,2,2024
05,Ávila,05021,"Barco de Ávila, El",319.49152542372883,280.0,368.3220338983051,88.32203389830511,118,2,2024
16,Cuenca,16175,Quintanar del Rey,319.3333333333333,272.6666666666667,389.3333333333333,116.66666666666663,171,2,2024
32,Ourense,32086,Viana do Bolo,319.3243243243243,256.14864864864865,384.9594594594595,128.81081081081084,74,2,2024
15,"Coruña, A",15023,Cee,319.09859154929575,272.9267605633803,387.48169014084505,114.55492957746475,355,2,2024
46,Valencia/Valéncia,46062,Benigánim,319.06976744186045,253.72093023255815,398.90697674418607,145.18604651162792,86,2,2024
39,Cantabria,39013,Cabezón de Liébana,319.0,292.0,423.0,131.0,11,1,2024
24,León,24139,Sahagún,318.95604395604397,279.45054945054943,368.2087912087912,88.75824175824175,91,2,2024
06,Badajoz,06052,Fuente de Cantos,318.85,253.15,370.225,117.07500000000002,40,2,2024
15,"Coruña, A",15043,Malpica de Bergantiños,318.83720930232556,257.2674418604651,420.4767441860465,163.2093023255814,86,2,2024
33,Asturias,33047,Peñamellera Baja,318.68,242.88,368.72,125.84000000000003,25,2,2024
18,Granada,18050,Cogollos de la Vega,318.55172413793105,273.62068965517244,474.3448275862069,200.72413793103448,29,2,2024
32,Ourense,32032,Xinzo de Limia,318.46534653465346,264.7821782178218,371.0668316831683,106.28465346534648,404,2,2024
15,"Coruña, A",15037,Fisterra,318.3380281690141,250.59154929577466,423.943661971831,173.35211267605632,71,2,2024
18,Granada,18116,Lanjarón,318.3333333333333,245.55555555555554,401.0833333333333,155.52777777777777,72,2,2024
33,Asturias,33033,Lena,318.26244343891403,252.5339366515837,396.63574660633486,144.10180995475116,442,2,2024
13,Ciudad Real,13093,Villanueva de los Infantes,318.1578947368421,263.1578947368421,387.57894736842104,124.42105263157896,57,2,2024
27,Lugo,27902,Burela,318.1469594594595,272.9054054054054,367.7432432432432,94.83783783783781,592,2,2024
40,Segovia,40024,Ayllón,318.1267605633803,247.2394366197183,430.15492957746477,182.91549295774647,71,2,2024
34,Palencia,34098,Magaz de Pisuerga,318.0,300.0,399.0,99.0,18,1,2024
06,Badajoz,06902,Pueblonuevo del Guadiana,318.0,267.0,400.0,133.0,22,1,2024
02,Albacete,02025,Caudete,317.96875,262.03125,382.09375,120.0625,256,2,2024
22,Huesca,22053,Benabarre,317.6808510638298,257.36170212765956,376.468085106383,119.10638297872345,47,2,2024
10,Cáceres,10212,Villanueva de la Vera,317.632183908046,271.5632183908046,366.8045977011494,95.24137931034483,87,2,2024
04,Almería,04086,Sorbas,317.2631578947368,245.26315789473685,407.5263157894737,162.26315789473685,38,2,2024
09,Burgos,09211,Melgar de Fernamental,317.09090909090907,265.1515151515151,436.75757575757575,171.60606060606062,33,2,2024
21,Huelva,21025,Cortegana,317.0731707317073,276.9512195121951,391.8292682926829,114.8780487804878,82,2,2024
18,Granada,18122,Loja,317.0440251572327,261.27672955974845,381.37106918238993,120.09433962264148,318,2,2024
27,Lugo,27059,Sober,317.0,250.0,496.0,246.0,17,1,2024
27,Lugo,27047,"Pobra do Brollón, A",317.0,250.0,456.0,206.0,10,1,2024
15,"Coruña, A",15049,Moeche,317.0,250.0,461.0,211.0,22,1,2024
18,Granada,18168,Quéntar,317.0,254.0,449.0,195.0,10,1,2024
46,Valencia/Valéncia,46231,Simat de la Valldigna,316.7088607594937,262.9746835443038,374.36708860759495,111.39240506329116,79,2,2024
15,"Coruña, A",15022,Cedeira,316.60833333333335,242.20833333333334,386.9916666666667,144.78333333333333,240,2,2024
45,Toledo,45156,Santa Cruz de la Zarza,316.60215053763443,297.0430107526882,384.8817204301075,87.83870967741933,93,2,2024
10,Cáceres,10105,Jarandilla de la Vera,316.6,253.04,372.6,119.56000000000003,125,2,2024
06,Badajoz,06074,Llerena,316.2358974358974,264.2871794871795,369.4871794871795,105.19999999999999,195,2,2024
33,Asturias,33059,Salas,316.2313432835821,269.4776119402985,383.1194029850746,113.64179104477608,134,2,2024
02,Albacete,02051,Montealegre del Castillo,316.1290322580645,266.2258064516129,426.19354838709677,159.96774193548384,31,2,2024
14,Córdoba,14029,Fuente Obejuna,316.0,275.0,388.0,113.0,16,1,2024
16,Cuenca,16198,Sisante,316.0,250.0,400.0,150.0,28,1,2024
18,Granada,18192,Zafarraya,316.0,294.0,356.0,62.0,16,1,2024
41,Sevilla,41033,Constantina,316.0,261.0,364.5,103.5,80,2,2024
32,Ourense,32034,"Gudiña, A",316.0,252.0,371.0,119.0,12,1,2024
14,Córdoba,14050,Pedro Abad,315.76666666666665,275.93333333333334,352.93333333333334,77.0,30,2,2024
13,Ciudad Real,13066,Pozuelo de Calatrava,315.55,257.125,402.875,145.75,120,2,2024
37,Salamanca,37008,Alba de Tormes,315.5398773006135,277.33742331288346,368.3680981595092,91.03067484662574,163,2,2024
10,Cáceres,10111,Madrigal de la Vera,315.4901960784314,271.94117647058823,443.19607843137254,171.2549019607843,51,2,2024
15,"Coruña, A",15025,Cerdido,315.0,233.0,388.0,155.0,10,1,2024
12,Castellón/Castelló,12039,Castellnovo,315.0,225.0,406.0,181.0,12,1,2024
25,Lleida,25082,Espot,315.0,300.0,462.0,162.0,15,1,2024
18,Granada,18013,Alhama de Granada,314.96610169491527,257.89830508474574,406.1186440677966,148.22033898305085,59,2,2024
23,Jaén,23059,Marmolejo,314.8181818181818,270.72727272727275,369.8181818181818,99.09090909090907,44,2,2024
12,Castellón/Castelló,12034,Càlig,314.64383561643837,250.3013698630137,418.2191780821918,167.91780821917808,73,2,2024
14,Córdoba,14055,Priego de Córdoba,314.48096885813146,277.2387543252595,364.24221453287197,87.00346020761248,289,2,2024
45,Toledo,45125,Oropesa,314.30434782608694,289.8550724637681,393.1304347826087,103.27536231884056,69,2,2024
37,Salamanca,37170,Ledesma,314.0,245.1304347826087,332.8695652173913,87.73913043478262,46,2,2024
06,Badajoz,06127,Talarrubias,314.0,258.0,350.0,92.0,30,1,2024
42,Soria,42164,San Leonardo de Yagüe,313.9583333333333,256.2083333333333,375.375,119.16666666666669,48,2,2024
23,Jaén,23088,Torreperogil,313.5068493150685,281.7808219178082,346.90410958904107,65.12328767123284,73,2,2024
11,Cádiz,11901,Benalup-Casas Viejas,313.0128205128205,258.97435897435895,372.9871794871795,114.01282051282055,78,2,2024
49,Zamora,49100,Lubián,313.0,244.0,402.0,158.0,10,1,2024
10,Cáceres,10026,Belvís de Monroy,313.0,206.0,416.0,210.0,12,1,2024
02,Albacete,02078,Villalgordo del Júcar,313.0,265.0,365.0,100.0,19,1,2024
36,Pontevedra,36009,"Cañiza, A",312.5405405405405,257.68108108108106,369.2972972972973,111.61621621621623,185,2,2024
42,Soria,42025,Arcos de Jalón,312.3076923076923,258.75384615384615,408.9384615384615,150.18461538461537,65,2,2024
14,Córdoba,14057,"Rambla, La",312.2962962962963,282.5925925925926,353.8888888888889,71.2962962962963,54,2,2024
50,Zaragoza,50147,Luceni,312.0,279.0,547.0,268.0,17,1,2024
41,Sevilla,41082,"Roda de Andalucía, La",312.0,250.0,377.0,127.0,36,1,2024
10,Cáceres,10049,Casar de Cáceres,312.0,265.0,365.3,100.30000000000001,90,2,2024
37,Salamanca,37246,Peñaranda de Bracamonte,311.9569892473118,260.4301075268817,351.61290322580646,91.18279569892474,279,2,2024
50,Zaragoza,50225,Ricla,311.94690265486724,273.8938053097345,376.1061946902655,102.21238938053102,113,2,2024
10,Cáceres,10177,Sierra de Fuentes,311.8421052631579,234.89473684210526,408.7894736842105,173.89473684210526,38,2,2024
37,Salamanca,37376,Vitigudino,311.8181818181818,262.34090909090907,364.77272727272725,102.43181818181819,88,2,2024
28,Madrid,28037,Cenicientos,311.57142857142856,271.42857142857144,382.0,110.57142857142856,49,2,2024
05,Ávila,05047,Candeleda,311.5,246.25,377.5,131.25,164,2,2024
43,Tarragona,43026,Benissanet,311.30434782608694,281.7391304347826,383.7391304347826,102.0,23,2,2024
47,Valladolid,47159,Serrada,311.0,245.0,372.0,127.0,25,1,2024
33,Asturias,33027,Grandas de Salime,311.0,298.0,396.0,98.0,15,1,2024
45,Toledo,45187,Villafranca de los Caballeros,310.5777777777778,246.26666666666668,375.2,128.9333333333333,45,2,2024
11,Cádiz,11001,Alcalá de los Gazules,310.5301204819277,261.4457831325301,389.7831325301205,128.3373493975904,83,2,2024
29,Málaga,29095,Villanueva de Algaidas,310.3333333333333,280.0,398.0,118.0,30,2,2024
12,Castellón/Castelló,12140,Viver,310.07894736842104,247.03947368421052,418.5394736842105,171.5,76,2,2024
14,Córdoba,14009,Belmez,310.06451612903226,269.35483870967744,472.0967741935484,202.74193548387098,31,2,2024
34,Palencia,34022,Baltanás,310.0,268.0,355.0,87.0,14,1,2024
18,Granada,18133,Molvízar,310.0,250.0,471.0,221.0,14,1,2024
02,Albacete,02063,Pozohondo,310.0,222.0,464.0,242.0,18,1,2024
32,Ourense,32087,Vilamarín,310.0,209.0,379.0,170.0,14,1,2024
23,Jaén,23047,"Iruela, La",310.0,256.0,352.0,96.0,26,1,2024
43,Tarragona,43071,Horta de Sant Joan,310.0,224.0,402.0,178.0,10,1,2024
10,Cáceres,10104,Jaraíz de la Vera,309.8937198067633,241.54589371980677,373.0338164251208,131.48792270531402,207,2,2024
04,Almería,04047,Gádor,309.7959183673469,242.24489795918367,378.7959183673469,136.55102040816325,49,2,2024
45,Toledo,45046,Cebolla,309.75,248.15,442.6,194.45000000000002,40,2,2024
12,Castellón/Castelló,12012,Altura,309.2903225806452,251.16129032258064,398.61290322580646,147.45161290322582,124,2,2024
06,Badajoz,06060,Guareña,309.14285714285717,253.85714285714286,386.42857142857144,132.57142857142858,63,2,2024
02,Albacete,02034,Fuentealbilla,308.43243243243245,268.86486486486484,360.56756756756755,91.70270270270271,37,2,2024
14,Córdoba,14022,Doña Mencía,308.41379310344826,238.79310344827587,373.0344827586207,134.24137931034483,58,2,2024
36,Pontevedra,36013,Covelo,308.1186440677966,250.0,434.271186440678,184.27118644067798,59,2,2024
46,Valencia/Valéncia,46170,Mogente/Moixent,308.07070707070704,248.7979797979798,366.82828282828285,118.03030303030306,99,2,2024
12,Castellón/Castelló,12124,Vall d'Alba,308.0701754385965,250.0,375.96491228070175,125.96491228070175,171,2,2024
25,Lleida,25190,Salàs de Pallars,308.0,290.0,449.0,159.0,11,1,2024
15,"Coruña, A",15090,Vilasantar,308.0,152.0,400.0,248.0,14,1,2024
15,"Coruña, A",15033,Dodro,308.0,215.0,380.0,165.0,13,1,2024
23,Jaén,23006,Arjona,308.0,250.0,386.0,136.0,28,1,2024
30,Murcia,30013,Calasparra,307.7586206896552,267.8965517241379,365.82758620689657,97.93103448275866,174,2,2024
32,Ourense,32072,"Rúa, A",307.47457627118644,258.47457627118644,360.52542372881356,102.05084745762713,177,2,2024
12,Castellón/Castelló,12100,Sant Mateu,307.1830985915493,242.7887323943662,378.7323943661972,135.94366197183098,71,2,2024
23,Jaén,23026,Castillo de Locubín,307.0,250.0,345.0,95.0,13,1,2024
46,Valencia/Valéncia,46059,Benifairó de la Valldigna,306.42857142857144,262.7142857142857,442.3809523809524,179.66666666666669,21,2,2024
06,Badajoz,06050,Fregenal de la Sierra,306.37142857142857,276.1714285714286,365.8142857142857,89.64285714285711,70,2,2024
14,Córdoba,14052,Peñarroya-Pueblonuevo,306.04545454545456,254.61363636363637,371.04545454545456,116.43181818181819,88,2,2024
47,Valladolid,47129,Quintanilla de Onésimo,306.0,299.0,344.0,45.0,17,1,2024
34,Palencia,34074,Frómista,306.0,267.0,350.0,83.0,10,1,2024
18,Granada,18105,Iznalloz,306.0,250.0,379.0,129.0,16,1,2024
16,Cuenca,16066,Casasimarro,306.0,250.0,400.0,150.0,43,1,2024
24,León,24130,Riaño,306.0,258.0,385.0,127.0,21,1,2024
05,Ávila,05057,Cebreros,305.88235294117646,245.76470588235293,410.0,164.23529411764707,119,2,2024
23,Jaén,23097,Villanueva del Arzobispo,305.48571428571427,243.88571428571427,364.0285714285714,120.14285714285714,70,2,2024
45,Toledo,45045,Cazalegas,305.2432432432432,219.72972972972974,393.18918918918916,173.45945945945942,74,2,2024
36,Pontevedra,36052,Silleda,305.20446096654274,253.0,338.8252788104089,85.82527881040892,269,2,2024
43,Tarragona,43149,Tivenys,305.17391304347825,259.82608695652175,373.30434782608694,113.47826086956519,23,2,2024
25,Lleida,25232,Torres de Segre,305.0,276.0,400.0,124.0,32,1,2024
22,Huesca,22245,Velilla de Cinca,305.0,219.0,501.0,282.0,14,1,2024
32,Ourense,32060,Petín,305.0,135.0,345.0,210.0,12,1,2024
34,Palencia,34017,Astudillo,305.0,261.0,351.0,90.0,14,1,2024
25,Lleida,25202,Senterada,305.0,262.0,357.0,95.0,12,1,2024
06,Badajoz,06108,Puebla de Sancho Pérez,305.0,262.0,381.0,119.0,16,1,2024
24,León,24056,Cistierna,304.7191011235955,247.82022471910113,395.2808988764045,147.46067415730334,89,2,2024
05,Ávila,05186,Piedrahíta,304.57142857142856,247.4857142857143,379.42857142857144,131.94285714285715,70,2,2024
42,Soria,42069,Covaleda,304.42857142857144,241.0,352.14285714285717,111.14285714285717,35,2,2024
11,Cádiz,11026,Prado del Rey,304.327868852459,251.21311475409837,339.6885245901639,88.47540983606555,61,2,2024
02,Albacete,02008,Alcaraz,304.25,255.6875,330.0,74.3125,32,2,2024
02,Albacete,02021,Casas de Juan Núñez,304.0,222.0,400.0,178.0,31,1,2024
47,Valladolid,47101,Nava del Rey,304.0,254.0,350.0,96.0,16,1,2024
33,Asturias,33008,Cabrales,303.75,276.25,393.75,117.5,56,2,2024
41,Sevilla,41050,Herrera,303.57142857142856,259.85714285714283,350.4761904761905,90.61904761904765,63,2,2024
45,Toledo,45166,Tembleque,303.05,263.2,392.05,128.85000000000002,40,2,2024
31,Navarra,31105,Fitero,303.0,249.0,379.0,130.0,27,1,2024
06,Badajoz,06004,Alange,303.0,272.0,350.0,78.0,10,1,2024
12,Castellón/Castelló,12117,Torreblanca,302.96676737160124,253.22658610271904,410.4894259818731,157.2628398791541,331,2,2024
08,Barcelona,08024,Borredà,302.9268292682927,225.09756097560975,439.2682926829268,214.17073170731706,41,2,2024
15,"Coruña, A",15056,Negreira,302.85359801488835,263.48138957816377,354.4491315136476,90.96774193548384,403,2,2024
46,Valencia/Valéncia,46173,Montaverner,302.77142857142854,251.97142857142856,345.7142857142857,93.74285714285716,35,2,2024
50,Zaragoza,50152,Maella,302.7173913043478,255.82608695652175,399.6304347826087,143.80434782608694,46,2,2024
10,Cáceres,10087,Guadalupe,302.7037037037037,261.48148148148147,365.75925925925924,104.27777777777777,54,2,2024
19,Guadalajara,19156,Jadraque,302.53521126760563,254.81690140845072,375.36619718309856,120.54929577464785,71,2,2024
45,Toledo,45071,"Guardia, La",302.46153846153845,252.76923076923077,355.8974358974359,103.12820512820514,39,2,2024
27,Lugo,27013,Cervo,302.3181818181818,256.90909090909093,374.75757575757575,117.84848484848482,132,2,2024
27,Lugo,27029,Meira,302.27027027027026,243.47297297297297,367.8918918918919,124.4189189189189,74,2,2024
18,Granada,18098,Huéscar,302.1212121212121,250.0,363.1515151515151,113.15151515151513,99,2,2024
33,Asturias,33017,Castropol,301.4025974025974,264.02597402597405,395.45454545454544,131.4285714285714,77,2,2024
22,Huesca,22052,Belver de Cinca,301.3783783783784,273.56756756756755,361.3783783783784,87.81081081081084,37,2,2024
06,Badajoz,06070,Jerez de los Caballeros,301.35593220338984,250.90395480225988,353.61581920903956,102.71186440677968,177,2,2024
11,Cádiz,11902,San José del Valle,301.25,229.83333333333334,379.8333333333333,149.99999999999997,24,2,2024
12,Castellón/Castelló,12129,Villafranca del Cid/Vilafranca,301.1707317073171,247.21951219512195,362.6829268292683,115.46341463414635,41,2,2024
41,Sevilla,41036,"Coronil, El",301.0,288.0,382.0,94.0,14,1,2024
27,Lugo,27003,Antas de Ulla,301.0,275.0,398.0,123.0,10,1,2024
16,Cuenca,16033,Belmonte,301.0,300.0,350.0,50.0,15,1,2024
27,Lugo,27007,Begonte,301.0,275.0,450.0,175.0,21,1,2024
27,Lugo,27018,"Fonsagrada, A",300.8082191780822,243.2876712328767,350.0,106.7123287671233,73,2,2024
22,Huesca,22116,Grañén,300.79545454545456,264.20454545454544,380.40909090909093,116.2045454545455,44,2,2024
45,Toledo,45195,Villarrubia de Santiago,300.7317073170732,250.0,368.4634146341463,118.46341463414632,41,2,2024
27,Lugo,27022,Guitiriz,300.7304347826087,248.2086956521739,363.4782608695652,115.26956521739129,115,2,2024
27,Lugo,27025,Xove,300.72222222222223,274.55555555555554,447.22222222222223,172.66666666666669,72,2,2024
34,Palencia,34083,Herrera de Pisuerga,300.65671641791045,257.3731343283582,384.23880597014926,126.86567164179104,67,2,2024
12,Castellón/Castelló,12003,Albocàsser,300.56,226.16,361.76,135.6,50,2,2024
04,Almería,04011,Alhama de Almería,300.4634146341463,253.78048780487805,361.5853658536585,107.80487804878047,82,2,2024
15,"Coruña, A",15901,Cariño,300.1954022988506,242.183908045977,361.3333333333333,119.14942528735631,87,2,2024
37,Salamanca,37010,"Alberca, La",300.0625,257.4375,410.8125,153.375,32,2,2024
06,Badajoz,06135,Trujillanos,300.0,270.0,335.0,65.0,13,1,2024
44,Teruel,44209,Santa Eulalia,300.0,236.0,350.0,114.0,25,1,2024
06,Badajoz,06121,Santa Marta,300.0,249.53061224489795,344.3673469387755,94.83673469387753,49,2,2024
15,"Coruña, A",15039,Irixoa,300.0,241.0,478.0,237.0,21,1,2024
45,Toledo,45076,Hormigos,300.0,250.0,450.0,200.0,23,1,2024
44,Teruel,44201,Rubielos de Mora,300.0,254.0,366.0,112.0,33,1,2024
45,Toledo,45097,Mejorada,300.0,223.0,400.0,177.0,13,1,2024
41,Sevilla,41026,Casariche,300.0,203.0,498.0,295.0,13,1,2024
33,Asturias,33006,Bimenes,300.0,250.0,363.0,113.0,23,1,2024
16,Cuenca,16042,Campillo de Altobuey,300.0,243.0,441.0,198.0,23,1,2024
06,Badajoz,06019,Berlanga,300.0,300.0,367.0,67.0,17,1,2024
23,Jaén,23051,Jamilena,300.0,275.0,320.0,45.0,15,1,2024
45,Toledo,45124,Orgaz,300.0,252.0,366.0,114.0,24,1,2024
23,Jaén,23903,Villatorres,300.0,243.54285714285714,351.0,107.45714285714286,35,2,2024
41,Sevilla,41037,"Corrales, Los",300.0,258.0,312.0,54.0,21,1,2024
32,Ourense,32076,San Cristovo de Cea,300.0,203.0,400.0,197.0,18,1,2024
23,Jaén,23044,Huelma,300.0,251.2941176470588,396.1470588235294,144.85294117647058,34,2,2024
24,León,24134,"Robla, La",300.0,222.91666666666666,362.1458333333333,139.22916666666666,96,2,2024
24,León,24197,Vega de Infanzones,300.0,262.0,433.0,171.0,17,1,2024
24,León,24206,Toral de los Vados,300.0,250.0,328.0,78.0,24,1,2024
15,"Coruña, A",15042,Lousame,300.0,260.0,350.0,90.0,12,1,2024
04,Almería,04001,Abla,300.0,250.0,435.0,185.0,10,1,2024
41,Sevilla,41064,Montellano,300.0,250.0,378.0,128.0,22,1,2024
45,Toledo,45138,"Puente del Arzobispo, El",300.0,275.0,362.0,87.0,10,1,2024
45,Toledo,45135,"Puebla de Almoradiel, La",300.0,250.0,340.0,90.0,43,1,2024
44,Teruel,44171,Olba,300.0,259.0,373.0,114.0,14,1,2024
15,"Coruña, A",15053,Muros,300.0,250.0,361.3859649122807,111.38596491228071,114,2,2024
06,Badajoz,06014,Azuaga,300.0,240.58,315.8,75.22,150,2,2024
24,León,24202,Villablino,300.0,236.80297397769516,363.19702602230484,126.39405204460968,269,2,2024
14,Córdoba,14007,Baena,300.0,257.4382716049383,350.10493827160496,92.66666666666669,162,2,2024
10,Cáceres,10901,Rosalejo,300.0,222.0,354.0,132.0,18,1,2024
22,Huesca,22903,San Miguel del Cinca,300.0,250.0,492.0,242.0,15,1,2024
10,Cáceres,10014,Aldeanueva de la Vera,300.0,233.0,300.0,67.0,20,1,2024
22,Huesca,22226,Tardienta,300.0,164.0,350.0,186.0,26,1,2024
14,Córdoba,14026,Espiel,300.0,240.0,355.0,115.0,13,1,2024
44,Teruel,44014,Alcorisa,300.0,248.61111111111111,353.30555555555554,104.69444444444443,108,2,2024
46,Valencia/Valéncia,46234,Sot de Chera,300.0,250.0,369.0,119.0,11,1,2024
13,Ciudad Real,13097,Villarta de San Juan,300.0,250.0,350.0,100.0,24,1,2024
10,Cáceres,10109,Logrosán,300.0,227.0,439.0,212.0,17,1,2024
14,Córdoba,14068,Villaharta,300.0,241.0,388.0,147.0,13,1,2024
29,Málaga,29088,Sierra de Yeguas,300.0,300.0,400.0,100.0,15,1,2024
30,Murcia,30002,Abarán,300.0,231.13898305084746,350.0,118.86101694915254,295,2,2024
44,Teruel,44153,Monreal del Campo,300.0,254.9655172413793,345.9080459770115,90.94252873563221,87,2,2024
37,Salamanca,37032,Arapiles,300.0,260.0,350.0,90.0,35,1,2024
37,Salamanca,37078,Candelario,300.0,229.0,335.0,106.0,11,1,2024
37,Salamanca,37107,Ciudad Rodrigo,300.0,246.74518201284798,364.36830835117775,117.62312633832977,467,2,2024
44,Teruel,44108,"Fresneda, La",300.0,150.0,405.0,255.0,10,1,2024
42,Soria,42035,Berlanga de Duero,300.0,261.4375,366.9375,105.5,32,2,2024
23,Jaén,23003,Alcaudete,300.0,259.38709677419354,349.6774193548387,90.29032258064518,93,2,2024
47,Valladolid,47084,Mayorga,300.0,267.02127659574467,329.5531914893617,62.531914893617056,47,2,2024
46,Valencia/Valéncia,46251,Vallada,300.0,244.01785714285714,380.3392857142857,136.32142857142858,56,2,2024
16,Cuenca,16249,Villamayor de Santiago,300.0,249.0,401.0,152.0,25,1,2024
29,Málaga,29096,Villanueva del Rosario,300.0,250.0,399.0,149.0,33,1,2024
47,Valladolid,47214,Villalón de Campos,300.0,258.0,348.0,90.0,20,1,2024
15,"Coruña, A",15070,"Pontes de García Rodríguez, As",300.0,240.27397260273972,352.72328767123287,112.44931506849315,365,2,2024
27,Lugo,27058,"Saviñao, O",300.0,182.52777777777777,362.75,180.22222222222223,36,2,2024
15,"Coruña, A",15081,"Somozas, As",300.0,187.0,490.0,303.0,12,1,2024
03,Alicante,03137,"Vall de Laguar, la",300.0,224.0,444.0,220.0,16,1,2024
50,Zaragoza,50223,Remolinos,300.0,250.0,350.0,100.0,15,1,2024
33,Asturias,33060,San Martín del Rey Aurelio,300.0,243.6817102137767,364.9714964370546,121.2897862232779,421,2,2024
36,Pontevedra,36025,"Lama, A",300.0,200.0,400.0,200.0,10,1,2024
50,Zaragoza,50018,Alfamén,300.0,250.0,364.0,114.0,22,1,2024
50,Zaragoza,50026,Alpartir,300.0,250.0,375.0,125.0,15,1,2024
50,Zaragoza,50153,Magallón,300.0,260.0,357.0,97.0,11,1,2024
50,Zaragoza,50189,Nonaspe,300.0,250.0,330.0,80.0,15,1,2024
24,León,24039,Carrizo,300.0,257.6923076923077,336.53846153846155,78.84615384615387,91,2,2024
41,Sevilla,41001,Aguadulce,300.0,253.0,430.0,177.0,13,1,2024
02,Albacete,02039,Higueruela,300.0,201.0,388.0,187.0,13,1,2024
12,Castellón/Castelló,12106,Soneja,300.0,225.02631578947367,373.1842105263158,148.1578947368421,76,2,2024
46,Valencia/Valéncia,46124,Fontanars dels Alforins,300.0,215.0,381.0,166.0,12,1,2024
12,Castellón/Castelló,12109,Tales,300.0,225.0,371.0,146.0,17,1,2024
18,Granada,18907,Valle del Zalabí,300.0,233.0,388.0,155.0,11,1,2024
19,Guadalajara,19291,Trillo,300.0,288.0,325.0,37.0,10,1,2024
19,Guadalajara,19327,Yebra,300.0,175.0,375.0,200.0,11,1,2024
12,Castellón/Castelló,12057,Eslida,300.0,250.0,400.0,150.0,15,1,2024
32,Ourense,32045,Maside,300.0,250.0,461.0,211.0,22,1,2024
26,"Rioja, La",26129,San Asensio,300.0,264.0,320.0,56.0,15,1,2024
46,Valencia/Valéncia,46150,Llutxent,300.0,258.0,536.0,278.0,14,1,2024
38,Santa Cruz de Tenerife,38016,Garafía,300.0,200.0,405.0,205.0,15,1,2024
41,Sevilla,41006,Alcolea del Río,300.0,300.0,388.0,88.0,12,1,2024
50,Zaragoza,50101,Escatrón,300.0,255.0,412.0,157.0,14,1,2024
50,Zaragoza,50119,Gelsa,300.0,200.0,400.0,200.0,11,1,2024
50,Zaragoza,50126,Illueca,300.0,250.0,355.0,105.0,54,1,2024
46,Valencia/Valéncia,46142,Jalance,300.0,250.0,356.0,106.0,19,1,2024
39,Cantabria,39092,Valdeolea,300.0,250.0,343.0,93.0,14,1,2024
18,Granada,18194,Zújar,300.0,200.0,314.0,114.0,15,1,2024
21,Huelva,21079,Zufre,300.0,255.0,336.0,81.0,10,1,2024
27,Lugo,27001,Abadín,300.0,200.0,379.0,179.0,18,1,2024
26,"Rioja, La",26170,"Villar de Arnedo, El",300.0,230.0,302.0,72.0,10,1,2024
21,Huelva,21077,Villarrasa,300.0,261.0,345.0,84.0,12,1,2024
24,León,24227,Villaturiel,300.0,288.0,400.0,112.0,18,1,2024
40,Segovia,40145,Navas de Oro,300.0,263.0,359.0,96.0,13,1,2024
45,Toledo,45192,Villanueva de Alcardete,300.0,224.0,331.0,107.0,34,1,2024
30,Murcia,30014,Campos del Río,300.0,255.0,342.0,87.0,13,1,2024
46,Valencia/Valéncia,46247,Tuéjar,300.0,251.0,344.0,93.0,28,1,2024
43,Tarragona,43019,Ascó,300.0,233.0,349.0,116.0,17,1,2024
22,Huesca,22017,Alcolea de Cinca,300.0,225.0,352.0,127.0,29,1,2024
10,Cáceres,10121,Miajadas,300.0,268.27272727272725,343.1168831168831,74.84415584415586,231,2,2024
13,Ciudad Real,13065,Porzuna,300.0,200.0,353.0,153.0,22,1,2024
13,Ciudad Real,13078,Socuéllamos,300.0,256.3425925925926,364.09722222222223,107.75462962962962,216,2,2024
32,Ourense,32010,Beade,300.0,200.0,400.0,200.0,11,1,2024
13,Ciudad Real,13063,Piedrabuena,300.0,250.0,417.0,167.0,23,1,2024
40,Segovia,40097,Grajera,300.0,262.0,350.0,88.0,12,1,2024
42,Soria,42215,Vinuesa,300.0,270.0,440.0,170.0,15,1,2024
22,Huesca,22119,Gurrea de Gállego,300.0,240.0,409.0,169.0,21,1,2024
18,Granada,18042,Capileira,300.0,200.0,518.0,318.0,10,1,2024
16,Cuenca,16191,San Lorenzo de la Parrilla,300.0,250.0,314.0,64.0,19,1,2024
10,Cáceres,10130,Navaconcejo,300.0,231.875,324.96875,93.09375,32,2,2024
10,Cáceres,10035,Cabezuela del Valle,300.0,251.0,320.0,69.0,27,1,2024
10,Cáceres,10096,Hervás,300.0,262.8813559322034,361.79661016949154,98.91525423728814,177,2,2024
21,Huelva,21076,Villanueva de los Castillejos,300.0,247.0,365.0,118.0,22,1,2024
25,Lleida,25077,Coll de Nargó,300.0,225.2941176470588,488.97058823529414,263.67647058823536,34,2,2024
43,Tarragona,43063,"Galera, La",300.0,235.0,355.0,120.0,13,1,2024
21,Huelva,21034,Galaroza,300.0,242.0,350.0,108.0,20,1,2024
14,Córdoba,14002,Aguilar de la Frontera,299.8235294117647,254.47058823529412,340.70588235294116,86.23529411764704,85,2,2024
16,Cuenca,16133,Mota del Cuervo,299.67619047619047,252.6095238095238,344.81904761904764,92.20952380952383,105,2,2024
13,Ciudad Real,13058,Moral de Calatrava,299.6,230.0,346.6,116.60000000000002,30,2,2024
46,Valencia/Valéncia,46090,Castelló de Rugat,299.35897435897436,230.76923076923077,369.43589743589746,138.66666666666669,78,2,2024
18,Granada,18102,Illora,299.14285714285717,214.14285714285714,356.5,142.35714285714286,56,2,2024
23,Jaén,23095,Villacarrillo,299.04,259.24,346.0,86.75999999999999,100,2,2024
38,Santa Cruz de Tenerife,38007,Barlovento,299.0,197.0,434.0,237.0,18,1,2024
41,Sevilla,41048,Guadalcanal,299.0,237.0,312.0,75.0,15,1,2024
50,Zaragoza,50248,Sos del Rey Católico,299.0,263.0,408.0,145.0,12,1,2024
06,Badajoz,06155,Villar del Rey,299.0,222.0,351.0,129.0,22,1,2024
41,Sevilla,41090,"Saucejo, El",299.0,262.0,315.0,53.0,17,1,2024
45,Toledo,45096,Mazarambroz,299.0,250.0,388.0,138.0,16,1,2024
23,Jaén,23075,Sabiote,299.0,237.0,316.0,79.0,10,1,2024
31,Navarra,31104,Falces,299.0,249.0,350.0,101.0,52,1,2024
45,Toledo,45037,"Carpio de Tajo, El",299.0,250.0,365.0,115.0,18,1,2024
32,Ourense,32024,Celanova,298.4415584415584,252.2077922077922,356.02597402597405,103.81818181818184,231,2,2024
46,Valencia/Valéncia,46112,Chulilla,298.3333333333333,241.66666666666666,376.4,134.73333333333332,30,2,2024
15,"Coruña, A",15028,Corcubión,298.10526315789474,257.14736842105265,360.7578947368421,103.61052631578946,95,2,2024
13,Ciudad Real,13047,Herencia,298.0891719745223,244.2675159235669,387.38853503184714,143.12101910828025,157,2,2024
50,Zaragoza,50006,Ainzón,298.0,206.0,362.0,156.0,12,1,2024
45,Toledo,45175,Turleque,298.0,205.0,301.0,96.0,17,1,2024
22,Huesca,22174,Peralta de Alcofea,298.0,200.0,371.0,171.0,11,1,2024
14,Córdoba,14015,Carcabuey,297.95238095238096,209.04761904761904,328.0952380952381,119.04761904761904,21,2,2024
10,Cáceres,10180,Talayuela,297.9010989010989,194.5054945054945,351.0989010989011,156.59340659340657,91,2,2024
45,Toledo,45117,Nombela,297.0,202.0,350.0,148.0,14,1,2024
27,Lugo,27901,Baralla,296.8888888888889,267.22222222222223,390.3333333333333,123.11111111111109,36,2,2024
45,Toledo,45109,Navahermosa,296.74418604651163,204.1627906976744,376.2093023255814,172.046511627907,43,2,2024
12,Castellón/Castelló,12071,Jérica,296.54545454545456,250.0909090909091,388.1818181818182,138.0909090909091,88,2,2024
47,Valladolid,47157,Sardón de Duero,296.0,181.0,456.0,275.0,10,1,2024
06,Badajoz,06120,Santa Amalia,296.0,240.0,300.0,60.0,13,1,2024
24,León,24015,Benavides,295.94594594594594,240.21621621621622,353.3243243243243,113.1081081081081,37,2,2024
32,Ourense,32043,Maceda,295.6140350877193,232.98245614035088,408.7894736842105,175.80701754385964,57,2,2024
14,Córdoba,14019,Castro del Río,295.42857142857144,241.77142857142857,338.65714285714284,96.88571428571427,70,2,2024
32,Ourense,32063,"Pobra de Trives, A",295.3265306122449,257.7551020408163,343.0612244897959,85.30612244897958,49,2,2024
15,"Coruña, A",15061,Ortigueira,295.2,223.84571428571428,364.53714285714284,140.69142857142856,175,2,2024
15,"Coruña, A",15085,Touro,295.05882352941177,256.11764705882354,339.29411764705884,83.1764705882353,34,2,2024
37,Salamanca,37209,Mozárbez,295.0,247.0,325.0,78.0,10,1,2024
16,Cuenca,16202,Talayuelas,295.0,228.0,339.0,111.0,10,1,2024
23,Jaén,23007,Arjonilla,295.0,252.0,302.0,50.0,12,1,2024
45,Toledo,45004,Alcabón,295.0,181.0,338.0,157.0,13,1,2024
06,Badajoz,06162,"Zarza, La",295.0,199.0,329.0,130.0,25,1,2024
16,Cuenca,16102,Honrubia,295.0,200.0,350.0,150.0,26,1,2024
06,Badajoz,06002,Aceuchal,294.6666666666667,244.41666666666666,325.4166666666667,81.00000000000003,24,2,2024
26,"Rioja, La",26047,Cervera del Río Alhama,294.4848484848485,264.72727272727275,326.75757575757575,62.030303030303,33,2,2024
11,Cádiz,11041,Villamartín,294.4036697247706,252.22018348623854,349.13761467889907,96.91743119266053,109,2,2024
19,Guadalajara,19211,Pareja,294.0,250.0,426.0,176.0,10,1,2024
46,Valencia/Valéncia,46104,Quatretonda,294.0,200.0,350.0,150.0,18,1,2024
15,"Coruña, A",15010,Boimorto,294.0,215.0,366.0,151.0,14,1,2024
13,Ciudad Real,13019,Argamasilla de Alba,293.9010989010989,229.67032967032966,340.3296703296703,110.65934065934064,91,2,2024
44,Teruel,44210,Sarrión,293.3333333333333,232.66666666666666,341.0,108.33333333333334,45,2,2024
46,Valencia/Valéncia,46200,"Pobla del Duc, la",293.18918918918916,229.54054054054055,335.6216216216216,106.08108108108107,37,2,2024
46,Valencia/Valéncia,46080,Camporrobles,293.0,212.0,400.0,188.0,12,1,2024
45,Toledo,45190,Villaminaya,293.0,200.0,350.0,150.0,10,1,2024
16,Cuenca,16186,Saelices,293.0,250.0,475.0,225.0,10,1,2024
36,Pontevedra,36001,Arbo,293.0,200.0,400.0,200.0,20,1,2024
13,Ciudad Real,13084,Torre de Juan Abad,293.0,188.0,313.0,125.0,10,1,2024
18,Granada,18056,Cúllar,292.8666666666667,218.33333333333334,364.1,145.76666666666668,30,2,2024
24,León,24014,Bembibre,292.6136363636364,239.32954545454547,349.70454545454544,110.37499999999997,352,2,2024
06,Badajoz,06054,Fuente del Maestre,292.1489361702128,208.93617021276594,341.59574468085106,132.6595744680851,47,2,2024
06,Badajoz,06063,Herrera del Duque,292.06976744186045,229.32558139534885,396.13953488372096,166.8139534883721,43,2,2024
44,Teruel,44051,Calanda,292.0289855072464,236.28985507246378,335.6666666666667,99.3768115942029,138,2,2024
43,Tarragona,43006,Aldover,292.0,219.0,350.0,131.0,14,1,2024
47,Valladolid,47004,Alaejos,292.0,248.0,324.0,76.0,14,1,2024
33,Asturias,33001,Allande,292.0,242.0,328.0,86.0,22,1,2024
33,Asturias,33073,Tineo,291.96862745098036,217.97254901960784,351.75686274509803,133.7843137254902,255,2,2024
23,Jaén,23070,Pozo Alcón,291.96,224.0,445.6,221.60000000000002,25,2,2024
13,Ciudad Real,13061,Pedro Muñoz,291.7647058823529,232.94117647058823,348.2352941176471,115.29411764705884,170,2,2024
12,Castellón/Castelló,12043,Caudiel,291.67391304347825,223.69565217391303,395.4130434782609,171.71739130434784,46,2,2024
46,Valencia/Valéncia,46106,Chelva,291.5744680851064,250.93617021276594,395.1276595744681,144.19148936170217,47,2,2024
23,Jaén,23081,Segura de la Sierra,291.5357142857143,214.82142857142858,373.75,158.92857142857142,28,2,2024
27,Lugo,27015,Cospeito,291.1034482758621,211.79310344827587,347.3103448275862,135.51724137931035,58,2,2024
13,Ciudad Real,13052,Malagón,291.03105590062114,224.22360248447205,342.7639751552795,118.54037267080747,161,2,2024
15,"Coruña, A",15052,Muxía,290.9367088607595,240.68354430379748,367.82278481012656,127.13924050632909,79,2,2024
27,Lugo,27032,Monterroso,290.58490566037733,238.47169811320754,325.50943396226415,87.03773584905662,106,2,2024
02,Albacete,02074,Tobarra,290.36942675159236,241.0828025477707,364.62420382165607,123.54140127388536,157,2,2024
23,Jaén,23069,Porcuna,290.3636363636364,241.27272727272728,351.8181818181818,110.54545454545453,33,2,2024
12,Castellón/Castelló,12029,Benlloch,290.2040816326531,199.69387755102042,358.6734693877551,158.9795918367347,49,2,2024
23,Jaén,23066,Peal de Becerro,290.1694915254237,233.72881355932202,335.35593220338984,101.62711864406782,59,2,2024
50,Zaragoza,50131,Jaulín,290.0,244.0,383.0,139.0,10,1,2024
11,Cádiz,11005,Algodonales,290.0,249.0,361.0,112.0,38,1,2024
16,Cuenca,16171,"Provencio, El",290.0,250.0,370.0,120.0,39,1,2024
41,Sevilla,41084,"Rubio, El",290.0,180.0,330.0,150.0,15,1,2024
10,Cáceres,10216,Zarza de Granadilla,290.0,235.0,340.0,105.0,25,1,2024
49,Zamora,49250,Villalpando,289.92,262.4,329.28,66.88,25,2,2024
24,León,24070,Fabero,289.0126582278481,221.72151898734177,361.45569620253167,139.7341772151899,79,2,2024
16,Cuenca,16118,Ledaña,289.0,250.0,350.0,100.0,11,1,2024
12,Castellón/Castelló,12072,Lucena del Cid,289.0,208.3,344.0,135.7,40,2,2024
50,Zaragoza,50020,Alhama de Aragón,289.0,228.36,310.56,82.19999999999999,25,2,2024
19,Guadalajara,19044,Atienza,289.0,269.0,306.0,37.0,10,1,2024
24,León,24057,Congosto,289.0,250.0,412.0,162.0,20,1,2024
10,Cáceres,10115,Malpartida de Cáceres,288.8059701492537,222.01492537313433,371.2686567164179,149.2537313432836,134,2,2024
34,Palencia,34027,Barruelo de Santullán,288.2857142857143,248.78571428571428,364.85714285714283,116.07142857142856,28,2,2024
23,Jaén,23071,Puente de Génave,288.2142857142857,243.96428571428572,367.75,123.78571428571428,28,2,2024
44,Teruel,44068,Castelserás,288.0,238.0,369.0,131.0,10,1,2024
24,León,24094,Mansilla de las Mulas,288.0,250.96,339.2,88.23999999999998,100,2,2024
02,Albacete,02073,Tarazona de la Mancha,287.7615894039735,225.89403973509934,349.5629139072848,123.66887417218544,151,2,2024
10,Cáceres,10128,Moraleja,287.6666666666667,240.33333333333334,345.3333333333333,104.99999999999997,144,2,2024
04,Almería,04092,Tíjola,287.6470588235294,220.35294117647058,454.70588235294116,234.35294117647058,34,2,2024
02,Albacete,02067,Riópar,287.57142857142856,218.71428571428572,365.5,146.78571428571428,28,2,2024
15,"Coruña, A",15040,Laxe,287.48809523809524,247.16666666666666,354.75,107.58333333333334,84,2,2024
33,Asturias,33002,Aller,287.4513618677043,233.26848249027236,351.67315175097275,118.40466926070039,257,2,2024
23,Jaén,23012,Beas de Segura,287.0,252.0,352.0,100.0,28,1,2024
27,Lugo,27052,Ribas de Sil,287.0,232.0,339.0,107.0,17,1,2024
44,Teruel,44191,"Puebla de Híjar, La",287.0,240.0,364.0,124.0,18,1,2024
23,Jaén,23094,Vilches,286.875,221.65625,347.46875,125.8125,32,2,2024
43,Tarragona,43044,"Sénia, La",286.8421052631579,236.8421052631579,338.6842105263158,101.84210526315789,190,2,2024
15,"Coruña, A",15038,Frades,286.0,205.0,484.0,279.0,12,1,2024
13,Ciudad Real,13077,Santa Cruz de Mudela,285.625,222.60416666666666,333.8541666666667,111.25000000000003,48,2,2024
15,"Coruña, A",15088,Val do Dubra,285.3061224489796,259.9591836734694,325.2244897959184,65.26530612244898,98,2,2024
10,Cáceres,10203,Valencia de Alcántara,285.1909090909091,224.25454545454545,359.2,134.94545454545454,110,2,2024
44,Teruel,44122,Híjar,285.18518518518516,249.5185185185185,328.3333333333333,78.81481481481481,54,2,2024
45,Toledo,45113,"Navalucillos, Los",285.13513513513516,210.24324324324326,327.2972972972973,117.05405405405403,37,2,2024
15,"Coruña, A",15077,Santa Comba,285.0223880597015,236.51119402985074,334.0970149253731,97.58582089552237,268,2,2024
45,Toledo,45144,"Real de San Vicente, El",285.0,223.0,300.0,77.0,15,1,2024
22,Huesca,22137,Lanaja,285.0,250.0,376.0,126.0,23,1,2024
44,Teruel,44029,Ariño,285.0,250.0,501.0,251.0,10,1,2024
29,Málaga,29049,Cuevas de San Marcos,285.0,250.0,301.0,51.0,16,1,2024
46,Valencia/Valéncia,46027,Alfarrasí,285.0,250.0,350.0,100.0,11,1,2024
11,Cádiz,11025,Paterna de Rivera,285.0,212.0,368.5,156.5,36,2,2024
21,Huelva,21043,Jabugo,285.0,172.0,390.0,218.0,18,1,2024
27,Lugo,27060,Taboada,283.1818181818182,250.0,324.54545454545456,74.54545454545456,33,2,2024
06,Badajoz,06012,Arroyo de San Serván,282.4516129032258,244.03225806451613,354.4193548387097,110.38709677419357,31,2,2024
46,Valencia/Valéncia,46076,Bugarra,282.0,199.0,344.0,145.0,13,1,2024
32,Ourense,32023,Castro Caldelas,282.0,208.0,351.0,143.0,16,1,2024
06,Badajoz,06085,Monesterio,281.7721518987342,240.25316455696202,328.3544303797468,88.1012658227848,79,2,2024
06,Badajoz,06036,Castuera,280.81333333333333,215.56,325.18666666666667,109.62666666666667,75,2,2024
11,Cádiz,11010,Bornos,280.72340425531917,221.4468085106383,306.63829787234044,85.19148936170214,47,2,2024
27,Lugo,27026,Láncara,280.5,192.2,404.6,212.40000000000003,40,2,2024
14,Córdoba,14003,Alcaracejos,280.0,250.0,300.0,50.0,12,1,2024
27,Lugo,27006,Becerreá,280.0,224.0,329.0,105.0,64,1,2024
32,Ourense,32027,Cortegada,280.0,248.0,303.0,55.0,10,1,2024
27,Lugo,27050,Quiroga,280.0,245.0,339.0,94.0,73,1,2024
21,Huelva,21058,Puebla de Guzmán,280.0,193.0,300.0,107.0,13,1,2024
49,Zamora,49065,Fermoselle,280.0,250.0,350.0,100.0,15,1,2024
06,Badajoz,06901,Valdelacalzada,280.0,250.0,312.0,62.0,25,1,2024
06,Badajoz,06055,Fuentes de León,280.0,230.0,300.0,70.0,19,1,2024
06,Badajoz,06126,Solana de los Barros,280.0,194.0,340.0,146.0,10,1,2024
24,León,24185,Val de San Lorenzo,280.0,230.0,325.0,95.0,11,1,2024
23,Jaén,23079,Santisteban del Puerto,279.2068965517241,243.58620689655172,333.44827586206895,89.86206896551724,29,2,2024
32,Ourense,32069,Ribadavia,278.7241379310345,219.54022988505747,346.2988505747126,126.75862068965515,174,2,2024
46,Valencia/Valéncia,46108,Chera,278.0,210.0,324.0,114.0,10,1,2024
14,Córdoba,14073,Villaviciosa de Córdoba,278.0,238.0,363.0,125.0,10,1,2024
09,Burgos,09394,Trespaderne,278.0,233.0,326.0,93.0,16,1,2024
33,Asturias,33058,Riosa,278.0,201.0,300.0,99.0,21,1,2024
36,Pontevedra,36018,Forcarei,277.5,225.0,334.0,109.0,32,2,2024
30,Murcia,30028,Moratalla,277.3134328358209,238.49253731343285,348.53731343283584,110.044776119403,67,2,2024
27,Lugo,27063,"Valadouro, O",277.14285714285717,228.14285714285714,341.3333333333333,113.19047619047618,63,2,2024
46,Valencia/Valéncia,46073,Bolbaite,277.0,230.0,315.0,85.0,11,1,2024
45,Toledo,45177,Urda,277.0,200.0,400.0,200.0,15,1,2024
02,Albacete,02056,Ontur,276.6666666666667,194.75,321.6666666666667,126.91666666666669,24,2,2024
49,Zamora,49081,Fuentesaúco,276.6666666666667,242.91666666666666,308.0,65.08333333333334,24,2,2024
16,Cuenca,16117,Landete,276.0,234.0,466.0,232.0,10,1,2024
49,Zamora,49050,Cobreros,276.0,175.0,350.0,175.0,11,1,2024
06,Badajoz,06097,Orellana la Vieja,275.36842105263156,227.73684210526315,341.2105263157895,113.47368421052633,38,2,2024
41,Sevilla,41901,Cañada Rosal,275.0,217.0,355.0,138.0,22,1,2024
22,Huesca,22909,Vencillón,275.0,245.0,300.0,55.0,10,1,2024
15,"Coruña, A",15093,Zas,275.0,218.0,324.0,106.0,64,1,2024
04,Almería,04037,Chirivel,275.0,161.0,350.0,189.0,12,1,2024
26,"Rioja, La",26026,Baños de Río Tobía,275.0,230.0,302.0,72.0,17,1,2024
41,Sevilla,41056,"Luisiana, La",275.0,230.0,350.0,120.0,31,1,2024
06,Badajoz,06069,Hornachos,275.0,250.0,360.0,110.0,15,1,2024
36,Pontevedra,36059,Vila de Cruces,275.0,225.0,334.0,109.0,63,1,2024
06,Badajoz,06006,Alburquerque,275.0,221.35064935064935,335.06493506493507,113.71428571428572,77,2,2024
13,Ciudad Real,13044,Fuente el Fresno,275.0,220.0,321.0,101.0,11,1,2024
05,Ávila,05102,"Hoyo de Pinares, El",274.03846153846155,204.80769230769232,400.0,195.19230769230768,52,2,2024
45,Toledo,45072,"Herencias, Las",274.0,235.0,360.0,125.0,13,1,2024
24,León,24196,Vega de Espinareda,274.0,238.0,300.0,62.0,24,1,2024
27,Lugo,27056,Rábade,273.9310344827586,199.75862068965517,363.7931034482759,164.0344827586207,87,2,2024
33,Asturias,33072,Teverga,273.8095238095238,238.57142857142858,384.3809523809524,145.80952380952382,21,2,2024
27,Lugo,27030,Mondoñedo,273.6025641025641,201.64102564102564,313.8205128205128,112.17948717948718,78,2,2024
03,Alicante,03023,Beneixama,273.5,218.5,367.5,149.0,20,2,2024
23,Jaén,23074,Rus,273.0,246.0,348.0,102.0,22,1,2024
24,León,24114,"Pola de Gordón, La",272.63157894736844,220.3421052631579,340.07894736842104,119.73684210526315,38,2,2024
19,Guadalajara,19021,Almoguera,272.0,225.0,430.0,205.0,15,1,2024
02,Albacete,02030,Elche de la Sierra,272.0,250.0,311.6,61.60000000000002,55,2,2024
22,Huesca,22217,Sena,272.0,242.0,356.0,114.0,18,1,2024
23,Jaén,23082,Siles,272.0,250.0,318.0,68.0,10,1,2024
02,Albacete,02015,Barrax,271.0,188.0,350.0,162.0,22,1,2024
24,León,24038,Carracedelo,271.0,241.0,390.0,149.0,29,1,2024
12,Castellón/Castelló,12079,Montanejos,270.0,215.0,350.0,135.0,33,1,2024
02,Albacete,02010,Alpera,270.0,235.6,406.0,170.4,25,2,2024
03,Alicante,03136,Vall de Gallinera,270.0,201.0,382.0,181.0,10,1,2024
10,Cáceres,10019,Almaraz,270.0,238.0,292.5,54.5,34,2,2024
10,Cáceres,10055,Casas del Monte,270.0,200.0,308.0,108.0,10,1,2024
16,Cuenca,16052,Cañete,270.0,210.0,300.0,90.0,12,1,2024
24,León,24071,Folgoso de la Ribera,270.0,205.0,350.0,145.0,11,1,2024
27,Lugo,27049,Portomarín,270.0,238.0,327.0,89.0,13,1,2024
05,Ávila,05132,Mombeltrán,270.0,250.0,304.0,54.0,13,1,2024
10,Cáceres,10189,Torrejoncillo,270.0,180.0,370.0,190.0,21,1,2024
30,Murcia,30011,Blanca,269.87261146496814,163.81528662420382,351.687898089172,187.87261146496817,157,2,2024
45,Toledo,45101,Miguel Esteban,269.7402597402597,203.94805194805195,328.5974025974026,124.64935064935065,77,2,2024
33,Asturias,33053,Quirós,269.0,145.0,331.0,186.0,14,1,2024
45,Toledo,45151,San Martín de Montalbán,269.0,232.0,381.0,149.0,14,1,2024
10,Cáceres,10041,Caminomorisco,269.0,181.0,300.0,119.0,13,1,2024
32,Ourense,32036,Xunqueira de Ambía,268.0,185.0,345.0,160.0,12,1,2024
45,Toledo,45186,"Villa de Don Fadrique, La",268.0,169.0,315.0,146.0,25,1,2024
02,Albacete,02019,"Bonillo, El",268.0,222.0,312.0,90.0,10,1,2024
50,Zaragoza,50113,Fuendejalón,268.0,200.0,363.0,163.0,14,1,2024
13,Ciudad Real,13096,Villarrubia de los Ojos,267.7597402597403,228.8961038961039,320.8051948051948,91.90909090909088,154,2,2024
02,Albacete,02901,Pozo Cañada,267.5,220.125,343.4583333333333,123.33333333333331,48,2,2024
15,"Coruña, A",15068,Ponteceso,266.7891156462585,231.6326530612245,336.7687074829932,105.1360544217687,147,2,2024
06,Badajoz,06023,Cabeza del Buey,266.2295081967213,221.31147540983608,303.8360655737705,82.52459016393442,61,2,2024
02,Albacete,02053,Munera,266.1818181818182,197.27272727272728,313.93939393939394,116.66666666666666,33,2,2024
18,Granada,18097,Huéneja,266.0,250.0,305.0,55.0,14,1,2024
18,Granada,18135,Montefrío,265.7692307692308,223.07692307692307,359.6923076923077,136.6153846153846,26,2,2024
15,"Coruña, A",15050,Monfero,265.0,172.0,303.0,131.0,14,1,2024
24,León,24122,Puente de Domingo Flórez,265.0,226.0,300.0,74.0,29,1,2024
05,Ávila,05207,San Esteban del Valle,265.0,241.0,346.0,105.0,12,1,2024
12,Castellón/Castelló,12067,Geldo,265.0,225.0,509.0,284.0,13,1,2024
11,Cádiz,11002,Alcalá del Valle,265.0,219.0,320.0,101.0,10,1,2024
16,Cuenca,16170,Priego,265.0,180.0,331.0,151.0,10,1,2024
13,Ciudad Real,13901,"Robledo, El",265.0,237.0,306.0,69.0,10,1,2024
49,Zamora,49003,Alcañices,265.0,222.22222222222223,319.77777777777777,97.55555555555554,27,2,2024
23,Jaén,23073,Quesada,264.9189189189189,229.45945945945945,299.2432432432432,69.78378378378378,37,2,2024
46,Valencia/Valéncia,46179,Navarrés,264.24242424242425,200.0,336.3939393939394,136.39393939393938,99,2,2024
50,Zaragoza,50136,Lécera,264.0,244.0,583.0,339.0,10,1,2024
41,Sevilla,41052,"Lantejuela, La",264.0,250.0,395.0,145.0,16,1,2024
12,Castellón/Castelló,12139,Vistabella del Maestrazgo,264.0,238.0,351.0,113.0,10,1,2024
27,Lugo,27002,Alfoz,263.0,167.0,340.0,173.0,12,1,2024
10,Cáceres,10184,"Torno, El",263.0,222.0,316.0,94.0,10,1,2024
10,Cáceres,10020,Almoharín,263.0,248.0,300.0,52.0,11,1,2024
23,Jaén,23072,"Puerta de Segura, La",262.741935483871,219.6451612903226,325.61290322580646,105.96774193548387,31,2,2024
18,Granada,18132,Moclín,262.0,200.0,361.0,161.0,20,1,2024
18,Granada,18182,Ugíjar,260.86206896551727,240.0344827586207,319.0689655172414,79.0344827586207,29,2,2024
04,Almería,04099,Vélez-Rubio,260.4191616766467,207.25149700598803,313.0239520958084,105.77245508982037,167,2,2024
33,Asturias,33007,Boal,260.0,250.0,300.0,50.0,17,1,2024
02,Albacete,02048,Minaya,260.0,249.0,300.0,51.0,19,1,2024
32,Ourense,32042,Lobios,260.0,250.0,380.0,130.0,15,1,2024
06,Badajoz,06903,Guadiana,260.0,242.0,332.0,90.0,29,1,2024
05,Ávila,05161,Navalperal de Pinares,260.0,200.0,342.5,142.5,50,2,2024
45,Toledo,45082,Lagartera,260.0,205.0,306.0,101.0,16,1,2024
27,Lugo,27064,"Vicedo, O",259.0243902439024,204.0487804878049,372.3170731707317,168.2682926829268,41,2,2024
45,Toledo,45055,Cuerva,259.0,219.0,328.0,109.0,18,1,2024
15,"Coruña, A",15092,Vimianzo,258.8041237113402,216.7422680412371,308.4226804123711,91.680412371134,97,2,2024
27,Lugo,27027,Lourenzá,258.35714285714283,188.39285714285714,313.0,124.60714285714286,56,2,2024
05,Ávila,05184,Peguerinos,258.0,242.0,375.0,133.0,21,1,2024
16,Cuenca,16055,Carboneras de Guadazaón,258.0,221.0,352.0,131.0,15,1,2024
06,Badajoz,06016,Barcarrota,258.0,200.0,338.0,138.0,20,1,2024
05,Ávila,05054,Casavieja,257.86046511627904,200.0,323.4418604651163,123.44186046511629,43,2,2024
46,Valencia/Valéncia,46107,Chella,257.3728813559322,213.42372881355934,300.50847457627117,87.08474576271183,59,2,2024
16,Cuenca,16124,"Mesas, Las",257.0,195.0,300.0,105.0,13,1,2024
32,Ourense,32088,Vilamartín de Valdeorras,257.0,250.0,329.0,79.0,16,1,2024
45,Toledo,45079,"Iglesuela, La",257.0,250.0,300.0,50.0,11,1,2024
27,Lugo,27004,Baleira,257.0,150.0,362.0,212.0,10,1,2024
02,Albacete,02033,Fuente-Álamo,257.0,200.0,350.0,150.0,19,1,2024
15,"Coruña, A",15045,Mazaricos,256.625,206.25,287.3125,81.0625,32,2,2024
32,Ourense,32077,Sandiás,255.0,220.0,348.0,128.0,11,1,2024
45,Toledo,45020,Belvís de la Jara,255.0,200.0,300.0,100.0,17,1,2024
06,Badajoz,06022,Burguillos del Cerro,254.57627118644066,211.9322033898305,301.8305084745763,89.89830508474577,59,2,2024
12,Castellón/Castelló,12061,Forcall,253.0,200.0,281.0,81.0,10,1,2024
23,Jaén,23096,Villanueva de la Reina,253.0,250.0,325.0,75.0,19,1,2024
06,Badajoz,06123,San Vicente de Alcántara,252.9090909090909,184.2987012987013,294.15584415584414,109.85714285714283,77,2,2024
13,Ciudad Real,13027,Calzada de Calatrava,252.52631578947367,227.52631578947367,307.8421052631579,80.31578947368425,38,2,2024
24,León,24181,Valderas,252.0,221.0,284.0,63.0,24,2,2024
14,Córdoba,14069,Villanueva de Córdoba,251.16129032258064,215.20967741935485,287.7096774193548,72.49999999999997,62,2,2024
27,Lugo,27048,"Pontenova, A",251.0,202.0,300.0,98.0,59,1,2024
22,Huesca,22136,Lalueza,251.0,125.0,350.0,225.0,15,1,2024
02,Albacete,02086,Yeste,250.68965517241378,190.27586206896552,301.8965517241379,111.62068965517238,29,2,2024
27,Lugo,27044,"Pastoriza, A",250.56666666666666,168.33333333333334,324.0,155.66666666666666,30,2,2024
10,Cáceres,10010,Alcuéscar,250.3030303030303,159.27272727272728,403.030303030303,243.75757575757572,33,2,2024
06,Badajoz,06125,Siruela,250.0,200.0,311.0,111.0,13,1,2024
32,Ourense,32071,Riós,250.0,200.0,267.0,67.0,11,1,2024
10,Cáceres,10205,Valverde del Fresno,250.0,200.0,295.0,95.0,13,1,2024
32,Ourense,32006,Bande,250.0,220.0,269.0,49.0,15,1,2024
21,Huelva,21008,Aroche,250.0,192.0,301.0,109.0,19,1,2024
12,Castellón/Castelló,12132,Vilanova d'Alcolea,250.0,222.0,315.0,93.0,10,1,2024
24,León,24170,Torre del Bierzo,250.0,200.0,300.0,100.0,20,1,2024
12,Castellón/Castelló,12026,Benasal,250.0,215.0,310.0,95.0,16,1,2024
32,Ourense,32059,"Peroxa, A",250.0,150.0,498.0,348.0,12,1,2024
10,Cáceres,10126,Montánchez,250.0,198.05882352941177,306.6470588235294,108.58823529411762,34,2,2024
14,Córdoba,14074,"Viso, El",250.0,242.0,389.0,147.0,15,1,2024
32,Ourense,32040,Leiro,250.0,175.0,550.0,375.0,11,1,2024
10,Cáceres,10100,Hoyos,250.0,214.0,308.0,94.0,18,1,2024
27,Lugo,27041,Pantón,250.0,229.0,562.0,333.0,23,1,2024
16,Cuenca,16236,Valverde de Júcar,250.0,231.0,300.0,69.0,13,1,2024
46,Valencia/Valéncia,46232,Sinarcas,250.0,240.0,270.0,30.0,13,1,2024
36,Pontevedra,36020,Agolada,250.0,250.0,458.0,208.0,11,1,2024
27,Lugo,27021,Xermade,250.0,200.0,300.0,100.0,20,1,2024
09,Burgos,09412,Valle de Tobalina,250.0,200.0,350.0,150.0,11,1,2024
06,Badajoz,06154,Villanueva del Fresno,250.0,215.0,280.0,65.0,18,1,2024
27,Lugo,27046,Pol,250.0,197.0,322.0,125.0,13,1,2024
41,Sevilla,41078,"Puebla de los Infantes, La",250.0,238.0,500.0,262.0,11,1,2024
44,Teruel,44205,Samper de Calanda,250.0,136.0,300.0,164.0,10,1,2024
06,Badajoz,06113,Ribera del Fresno,250.0,194.0,300.0,106.0,14,1,2024
06,Badajoz,06093,Oliva de la Frontera,250.0,200.0,337.0,137.0,15,1,2024
50,Zaragoza,50024,Almonacid de la Sierra,250.0,200.0,300.0,100.0,11,1,2024
12,Castellón/Castelló,12042,Catí,250.0,232.0,280.0,48.0,15,1,2024
34,Palencia,34182,Torquemada,250.0,232.0,331.0,99.0,10,1,2024
45,Toledo,45089,Malpica de Tajo,250.0,200.0,338.0,138.0,16,1,2024
45,Toledo,45095,"Mata, La",250.0,200.0,420.0,220.0,15,1,2024
45,Toledo,45112,"Navalmorales, Los",250.0,167.0,300.0,133.0,23,1,2024
44,Teruel,44161,Muniesa,250.0,198.0,283.0,85.0,10,1,2024
06,Badajoz,06059,Granja de Torrehermosa,250.0,180.0,288.0,108.0,15,1,2024
13,Ciudad Real,13085,Torrenueva,250.0,200.0,321.0,121.0,17,1,2024
04,Almería,04098,Vélez-Blanco,250.0,184.0,300.0,116.0,10,1,2024
13,Ciudad Real,13011,Almadén,250.0,200.0,314.15841584158414,114.15841584158414,101,2,2024
50,Zaragoza,50057,Brea de Aragón,250.0,186.0,300.0,114.0,16,1,2024
12,Castellón/Castelló,12048,Cortes de Arenoso,250.0,190.0,350.0,160.0,15,1,2024
24,León,24082,Hospital de Órbigo,250.0,216.0,269.0,53.0,10,1,2024
13,Ciudad Real,13033,Castellar de Santiago,249.0,198.0,294.0,96.0,14,1,2024
10,Cáceres,10045,Cañaveral,249.0,200.0,350.0,150.0,12,1,2024
16,Cuenca,16126,Mira,248.0,202.0,276.0,74.0,30,1,2024
05,Ávila,05089,Guisando,247.0,140.0,270.0,130.0,17,1,2024
10,Cáceres,10146,Pinofranqueado,247.0,194.5,292.0,97.5,32,2,2024
03,Alicante,03013,Algueña,245.0,195.0,325.0,130.0,14,1,2024
10,Cáceres,10110,Losar de la Vera,244.08823529411765,191.97058823529412,334.02941176470586,142.05882352941174,68,2,2024
06,Badajoz,06091,Navalvillar de Pela,243.89473684210526,156.89473684210526,303.89473684210526,147.0,38,2,2024
15,"Coruña, A",15016,Camariñas,243.43037974683546,179.34177215189874,325.4810126582278,146.1392405063291,79,2,2024
10,Cáceres,10127,Montehermoso,243.1159420289855,181.82608695652175,295.2463768115942,113.42028985507244,69,2,2024
33,Asturias,33015,Caso,243.0,150.0,300.0,150.0,11,1,2024
45,Toledo,45034,Camuñas,242.0,189.0,330.0,141.0,12,1,2024
14,Córdoba,14035,Hinojosa del Duque,242.0,201.2,327.8,126.60000000000002,30,2,2024
12,Castellón/Castelló,12050,"Coves de Vinromà, les",241.2967032967033,192.75824175824175,316.9230769230769,124.16483516483515,91,2,2024
24,León,24049,Castropodame,241.0,204.0,304.0,100.0,13,1,2024
36,Pontevedra,36047,Rodeiro,240.0,200.0,303.0,103.0,26,1,2024
23,Jaén,23020,Canena,240.0,190.0,272.0,82.0,12,1,2024
44,Teruel,44143,Manzanera,240.0,100.0,288.0,188.0,12,1,2024
23,Jaén,23049,Jabalquinto,238.0,185.0,329.0,144.0,12,1,2024
10,Cáceres,10044,Cañamero,238.0,202.0,295.0,93.0,16,1,2024
46,Valencia/Valéncia,46128,"Font de la Figuera, la",237.2,194.3,295.5,101.19999999999999,60,2,2024
37,Salamanca,37014,Aldeadávila de la Ribera,237.0,190.0,320.0,130.0,11,1,2024
14,Córdoba,14045,Moriles,236.0,164.0,290.0,126.0,12,1,2024
32,Ourense,32061,Piñor,235.0,200.0,362.0,162.0,10,1,2024
06,Badajoz,06160,Zalamea de la Serena,235.0,200.0,299.0,99.0,14,1,2024
27,Lugo,27009,Carballedo,235.0,190.0,401.0,211.0,10,1,2024
06,Badajoz,06102,Puebla de Alcocer,235.0,172.0,283.0,111.0,10,1,2024
36,Pontevedra,36014,Crecente,234.0,200.0,305.0,105.0,11,1,2024
06,Badajoz,06033,Casas de Don Pedro,231.0,200.0,335.0,135.0,12,1,2024
10,Cáceres,10175,Serradilla,230.0,159.0,312.0,153.0,10,1,2024
37,Salamanca,37173,Lumbrales,230.0,182.25806451612902,280.96774193548384,98.70967741935482,31,2,2024
50,Zaragoza,50175,Morata de Jalón,228.3913043478261,142.3913043478261,288.2608695652174,145.86956521739128,23,2,2024
23,Jaén,23025,Castellar,227.0,194.0,323.0,129.0,13,1,2024
45,Toledo,45006,Alcaudete de la Jara,225.0,144.0,293.0,149.0,16,1,2024
05,Ávila,05066,Cuevas del Valle,225.0,200.0,319.0,119.0,17,1,2024
05,Ávila,05182,Pedro Bernardo,225.0,202.0,288.0,86.0,16,1,2024
45,Toledo,45182,"Ventas con Peña Aguilera, Las",225.0,178.0,285.0,107.0,13,1,2024
14,Córdoba,14008,Belalcázar,225.0,210.0,275.0,65.0,17,1,2024
29,Málaga,29046,Cortes de la Frontera,221.0,138.0,325.0,187.0,18,1,2024
23,Jaén,23905,Arroyo del Ojanco,220.0,174.0,351.0,177.0,10,1,2024
46,Valencia/Valéncia,46001,Ademuz,220.0,200.0,267.0,67.0,25,1,2024
45,Toledo,45153,San Pablo de los Montes,219.0,150.0,275.0,125.0,14,1,2024
24,León,24169,Toreno,218.9795918367347,177.6734693877551,279.265306122449,101.59183673469389,49,2,2024
45,Toledo,45098,Menasalbas,218.19565217391303,159.7826086956522,279.4347826086956,119.65217391304344,46,2,2024
23,Jaén,23084,Sorihuela del Guadalimar,217.0,188.0,247.0,59.0,10,1,2024
06,Badajoz,06087,Monterrubio de la Serena,215.0,148.0,259.0,111.0,10,1,2024
05,Ávila,05055,Casillas,210.71428571428572,195.71428571428572,310.14285714285717,114.42857142857144,28,2,2024
05,Ávila,05127,Mijares,210.0,172.0,240.0,68.0,10,1,2024
29,Málaga,29031,"Burgo, El",205.0,145.0,274.0,129.0,12,1,2024
10,Cáceres,10213,Villar del Pedroso,202.0,156.0,310.0,154.0,10,1,2024
46,Valencia/Valéncia,46206,Quesa,202.0,169.0,288.0,119.0,12,1,2024
06,Badajoz,06028,Campanario,200.0,157.09803921568627,242.45098039215685,85.35294117647058,51,2,2024
06,Badajoz,06037,"Codosera, La",200.0,190.0,300.0,110.0,29,1,2024
44,Teruel,44145,Mas de las Matas,200.0,185.0,317.0,132.0,13,1,2024
12,Castellón/Castelló,12001,Atzeneta del Maestrat,200.0,160.0,325.0,165.0,13,1,2024
06,Badajoz,06109,Quintana de la Serena,193.0,115.0,250.0,135.0,21,1,2024
32,Ourense,32017,Carballeda de Valdeorras,187.77777777777777,142.44444444444446,205.0,62.55555555555554,27,2,2024
05,Ávila,05093,Herradón de Pinares,150.0,150.0,265.0,115.0,13,1,2024
25,Lleida,25111,Guixers,146.0,69.0,291.0,222.0,14,1,2024
